Workbook

Sheet TABLEAU DE BORD
B2: TABLEAU DE BORD — SOUDAGE & CONTRÔLE QUALITÉ PIPELINE
B3: =PARAMÈTRES!$C$4&" • Affaire N° "&PARAMÈTRES!$C$5&" • Mis à jour le "&TEXT(TODAY(),"dd/mm/yyyy") -> Développement des champs gaziers TFT II — réseau de collecte TFT Sud (LIGNE-16) • Affaire N° 8546 • Mis à jour le 28/09/2026
B5: Ligne / Puits : | C5: TOUTES | E5: ◄ choisir une ligne pour filtrer tous les indicateurs | O5: =IF(C5="TOUTES","*",C5) -> *
B7: JOINTS SOUDÉS (JN + DJ) | D7: AVANCEMENT SOUDAGE (JN) | F7: JOINTS RADIOGRAPHIÉS | H7: JOINTS ACCEPTÉS | J7: EN ATTENTE RT | L7: TAUX DE RÉPARATION
B8: =COUNTIFS('CARNET DE SOUDURE'!$B$7:$B$3006,$O$5,'CARNET DE SOUDURE'!$U$7:$U$3006,"<>") -> 1313 | D8: =IFERROR(COUNTIFS('CARNET DE SOUDURE'!$B$7:$B$3006,$O$5,'CARNET DE SOUDURE'!$U$7:$U$3006,"<>",'CARNET DE SOUDURE'!$F$7:$F$3006,"JN")/IF($C$5="TOUTES",SUM(PARAMÈTRES!$E$12:$E$19),SUMIF(PARAMÈTRES!$B$12:$B$19,$C$5,PARAMÈTRES!$E$12:$E$19)),0) -> 0.49117647 | F8: =COUNTIFS('CARNET DE SOUDURE'!$B$7:$B$3006,$O$5,'CARNET DE SOUDURE'!$AA$7:$AA$3006,"<>") -> 1205 | H8: =COUNTIFS('CARNET DE SOUDURE'!$B$7:$B$3006,$O$5,'CARNET DE SOUDURE'!$AQ$7:$AQ$3006,"ACCEPTÉ") -> 1139 | J8: =COUNTIFS('CARNET DE SOUDURE'!$B$7:$B$3006,$O$5,'CARNET DE SOUDURE'!$AQ$7:$AQ$3006,"À RADIOGRAPHIER")+COUNTIFS('CARNET DE SOUDURE'!$B$7:$B$3006,$O$5,'CARNET DE SOUDURE'!$AQ$7:$AQ$3006,"RÉPARÉ – À RADIOGRAPHIER")+COUNTIFS('CARNET DE SOUDURE'!$B$7:$B$3006,$O$5,'CARNET DE SOUDURE'!$AQ$7:$AQ$3006,"NX – RT À REFAIRE") -> 119 | L8: =IFERROR((COUNTIFS('CARNET DE SOUDURE'!$B$7:$B$3006,$O$5,'CARNET DE SOUDURE'!$AA$7:$AA$3006,"R")+COUNTIFS('CARNET DE SOUDURE'!$B$7:$B$3006,$O$5,'CARNET DE SOUDURE'!$AA$7:$AA$3006,"NT")+COUNTIFS('CARNET DE SOUDURE'!$B$7:$B$3006,$O$5,'CARNET DE SOUDURE'!$AA$7:$AA$3006,"CO"))/(COUNTIFS('CARNET DE SOUDURE'!$B$7:$B$3006,$O$5,'CARNET DE SOUDURE'!$AA$7:$AA$3006,"A")+(COUNTIFS('CARNET DE SOUDURE'!$B$7:$B$3006,$O$5,'CARNET DE SOUDURE'!$AA$7:$AA$3006,"R")+COUNTIFS('CARNET DE SOUDURE'!$B$7:$B$3006,$O$5,'CARNET DE SOUDURE'!$AA$7:$AA$3006,"NT")+COUNTIFS('CARNET DE SOUDURE'!$B$7:$B$3006,$O$5,'CARNET DE SOUDURE'!$AA$7:$AA$3006,"CO"))),0) -> 0.046063652
B10: ="JN "&TEXT(COUNTIFS('CARNET DE SOUDURE'!$B$7:$B$3006,$O$5,'CARNET DE SOUDURE'!$U$7:$U$3006,"<>",'CARNET DE SOUDURE'!$F$7:$F$3006,"JN"),"#,##0")&" • DJ "&TEXT(COUNTIFS('CARNET DE SOUDURE'!$B$7:$B$3006,$O$5,'CARNET DE SOUDURE'!$U$7:$U$3006,"<>",'CARNET DE SOUDURE'!$F$7:$F$3006,"DJ"),"#,##0") -> JN 835 • DJ 478 | D10: ="JN : reste "&TEXT(MAX(0,IF($C$5="TOUTES",SUM(PARAMÈTRES!$E$12:$E$19),SUMIF(PARAMÈTRES!$B$12:$B$19,$C$5,PARAMÈTRES!$E$12:$E$19))-COUNTIFS('CARNET DE SOUDURE'!$B$7:$B$3006,$O$5,'CARNET DE SOUDURE'!$U$7:$U$3006,"<>",'CARNET DE SOUDURE'!$F$7:$F$3006,"JN")),"#,##0")&" sur "&TEXT(IF($C$5="TOUTES",SUM(PARAMÈTRES!$E$12:$E$19),SUMIF(PARAMÈTRES!$B$12:$B$19,$C$5,PARAMÈTRES!$E$12:$E$19)),"#,##0") -> JN : reste 865 sur 1,700 | F10: =TEXT(IFERROR(COUNTIFS('CARNET DE SOUDURE'!$B$7:$B$3006,$O$5,'CARNET DE SOUDURE'!$AA$7:$AA$3006,"<>")/COUNTIFS('CARNET DE SOUDURE'!$B$7:$B$3006,$O$5,'CARNET DE SOUDURE'!$U$7:$U$3006,"<>"),0),"0.0%")&" des joints soudés" -> 91.8% des joints soudés | H10: =TEXT(IFERROR(COUNTIFS('CARNET DE SOUDURE'!$B$7:$B$3006,$O$5,'CARNET DE SOUDURE'!$AQ$7:$AQ$3006,"ACCEPTÉ")/COUNTIFS('CARNET DE SOUDURE'!$B$7:$B$3006,$O$5,'CARNET DE SOUDURE'!$U$7:$U$3006,"<>"),0),"0.0%")&" des joints soudés" -> 86.7% des joints soudés | J10: ="voir PROGRAMME RT" -> voir PROGRAMME RT | L10: =TEXT((COUNTIFS('CARNET DE SOUDURE'!$B$7:$B$3006,$O$5,'CARNET DE SOUDURE'!$AA$7:$AA$3006,"R")+COUNTIFS('CARNET DE SOUDURE'!$B$7:$B$3006,$O$5,'CARNET DE SOUDURE'!$AA$7:$AA$3006,"NT")+COUNTIFS('CARNET DE SOUDURE'!$B$7:$B$3006,$O$5,'CARNET DE SOUDURE'!$AA$7:$AA$3006,"CO")),"0")&" rejet(s) au RT-01" -> 55 rejet(s) au RT-01
B12: À RÉPARER (R) | D12: COUPE (CO) | F12: NX – RT À REFAIRE | H12: RÉPARÉS → RT | J12: VT EN ATTENTE / REJETÉ | L12: À SOUDER (listés)
B13: =COUNTIFS('CARNET DE SOUDURE'!$B$7:$B$3006,$O$5,'CARNET DE SOUDURE'!$AQ$7:$AQ$3006,"À RÉPARER") -> 54 | D13: =COUNTIFS('CARNET DE SOUDURE'!$B$7:$B$3006,$O$5,'CARNET DE SOUDURE'!$AQ$7:$AQ$3006,"COUPE – À RESOUDER") -> 1 | F13: =COUNTIFS('CARNET DE SOUDURE'!$B$7:$B$3006,$O$5,'CARNET DE SOUDURE'!$AQ$7:$AQ$3006,"NX – RT À REFAIRE") -> 11 | H13: =COUNTIFS('CARNET DE SOUDURE'!$B$7:$B$3006,$O$5,'CARNET DE SOUDURE'!$AQ$7:$AQ$3006,"RÉPARÉ – À RADIOGRAPHIER") -> 0 | J13: =COUNTIFS('CARNET DE SOUDURE'!$B$7:$B$3006,$O$5,'CARNET DE SOUDURE'!$AQ$7:$AQ$3006,"VT EN ATTENTE")+COUNTIFS('CARNET DE SOUDURE'!$B$7:$B$3006,$O$5,'CARNET DE SOUDURE'!$AQ$7:$AQ$3006,"VT REJETÉ – À REPRENDRE") -> 0 | L13: =COUNTIFS('CARNET DE SOUDURE'!$B$7:$B$3006,$O$5,'CARNET DE SOUDURE'!$AQ$7:$AQ$3006,"À SOUDER") -> 1165
B16: SITUATION PAR LIGNE ET TYPE DE JOINT (JN / DJ)
B17: Ligne / type | C17: Joints estimés | D17: Joints soudés | E17: Reste à souder | F17: % Soudage | G17: Radiographiés | H17: % RT | I17: Acceptés | J17: % Accepté | K17: En réparation | L17: Taux de réparation | M17: En attente RT
B18: =$P18&" — JN — joints de ligne" -> MFD-ISW → MFD-CPF — JN — joints de ligne | C18: =N(PARAMÈTRES!$E$12) -> 1700 | D18: =COUNTIFS('CARNET DE SOUDURE'!$B$7:$B$3006,$P18,'CARNET DE SOUDURE'!$F$7:$F$3006,$Q18,'CARNET DE SOUDURE'!$U$7:$U$3006,"<>") -> 835 | E18: =MAX(0,C18-D18) -> 865 | F18: =IFERROR(D18/C18,0) -> 0.49117647 | G18: =COUNTIFS('CARNET DE SOUDURE'!$B$7:$B$3006,$P18,'CARNET DE SOUDURE'!$F$7:$F$3006,$Q18,'CARNET DE SOUDURE'!$AA$7:$AA$3006,"<>") -> 727 | H18: =IFERROR(G18/D18,0) -> 0.87065868 | I18: =COUNTIFS('CARNET DE SOUDURE'!$B$7:$B$3006,$P18,'CARNET DE SOUDURE'!$F$7:$F$3006,$Q18,'CARNET DE SOUDURE'!$AQ$7:$AQ$3006,"ACCEPTÉ") -> 664 | J18: =IFERROR(I18/D18,0) -> 0.79520958 | K18: =COUNTIFS('CARNET DE SOUDURE'!$B$7:$B$3006,$P18,'CARNET DE SOUDURE'!$F$7:$F$3006,$Q18,'CARNET DE SOUDURE'!$AQ$7:$AQ$3006,"À RÉPARER")+COUNTIFS('CARNET DE SOUDURE'!$B$7:$B$3006,$P18,'CARNET DE SOUDURE'!$F$7:$F$3006,$Q18,'CARNET DE SOUDURE'!$AQ$7:$AQ$3006,"COUPE – À RESOUDER")+COUNTIFS('CARNET DE SOUDURE'!$B$7:$B$3006,$P18,'CARNET DE SOUDURE'!$F$7:$F$3006,$Q18,'CARNET DE SOUDURE'!$AQ$7:$AQ$3006,"VT REJETÉ – À REPRENDRE") -> 52 | L18: =IFERROR((COUNTIFS('CARNET DE SOUDURE'!$B$7:$B$3006,$P18,'CARNET DE SOUDURE'!$F$7:$F$3006,$Q18,'CARNET DE SOUDURE'!$AA$7:$AA$3006,"R")+COUNTIFS('CARNET DE SOUDURE'!$B$7:$B$3006,$P18,'CARNET DE SOUDURE'!$F$7:$F$3006,$Q18,'CARNET DE SOUDURE'!$AA$7:$AA$3006,"NT")+COUNTIFS('CARNET DE SOUDURE'!$B$7:$B$3006,$P18,'CARNET DE SOUDURE'!$F$7:$F$3006,$Q18,'CARNET DE SOUDURE'!$AA$7:$AA$3006,"CO"))/(COUNTIFS('CARNET DE SOUDURE'!$B$7:$B$3006,$P18,'CARNET DE SOUDURE'!$F$7:$F$3006,$Q18,'CARNET DE SOUDURE'!$AA$7:$AA$3006,"A")+(COUNTIFS('CARNET DE SOUDURE'!$B$7:$B$3006,$P18,'CARNET DE SOUDURE'!$F$7:$F$3006,$Q18,'CARNET DE SOUDURE'!$AA$7:$AA$3006,"R")+COUNTIFS('CARNET DE SOUDURE'!$B$7:$B$3006,$P18,'CARNET DE SOUDURE'!$F$7:$F$3006,$Q18,'CARNET DE SOUDURE'!$AA$7:$AA$3006,"NT")+COUNTIFS('CARNET DE SOUDURE'!$B$7:$B$3006,$P18,'CARNET DE SOUDURE'!$F$7:$F$3006,$Q18,'CARNET DE SOUDURE'!$AA$7:$AA$3006,"CO"))),0) -> 0.072625698 | M18: =COUNTIFS('CARNET DE SOUDURE'!$B$7:$B$3006,$P18,'CARNET DE SOUDURE'!$F$7:$F$3006,$Q18,'CARNET DE SOUDURE'!$AQ$7:$AQ$3006,"À RADIOGRAPHIER")+COUNTIFS('CARNET DE SOUDURE'!$B$7:$B$3006,$P18,'CARNET DE SOUDURE'!$F$7:$F$3006,$Q18,'CARNET DE SOUDURE'!$AQ$7:$AQ$3006,"RÉPARÉ – À RADIOGRAPHIER")+COUNTIFS('CARNET DE SOUDURE'!$B$7:$B$3006,$P18,'CARNET DE SOUDURE'!$F$7:$F$3006,$Q18,'CARNET DE SOUDURE'!$AQ$7:$AQ$3006,"NX – RT À REFAIRE") -> 119 | P18: =PARAMÈTRES!$B$12 -> MFD-ISW → MFD-CPF | Q18: JN
B19: =$P19&" — DJ — doubles joints" -> MFD-ISW → MFD-CPF — DJ — doubles joints | C19: ="—" -> — | D19: =COUNTIFS('CARNET DE SOUDURE'!$B$7:$B$3006,$P19,'CARNET DE SOUDURE'!$F$7:$F$3006,$Q19,'CARNET DE SOUDURE'!$U$7:$U$3006,"<>") -> 478 | E19: ="—" -> — | F19: ="—" -> — | G19: =COUNTIFS('CARNET DE SOUDURE'!$B$7:$B$3006,$P19,'CARNET DE SOUDURE'!$F$7:$F$3006,$Q19,'CARNET DE SOUDURE'!$AA$7:$AA$3006,"<>") -> 478 | H19: =IFERROR(G19/D19,0) -> 1 | I19: =COUNTIFS('CARNET DE SOUDURE'!$B$7:$B$3006,$P19,'CARNET DE SOUDURE'!$F$7:$F$3006,$Q19,'CARNET DE SOUDURE'!$AQ$7:$AQ$3006,"ACCEPTÉ") -> 475 | J19: =IFERROR(I19/D19,0) -> 0.99372385 | K19: =COUNTIFS('CARNET DE SOUDURE'!$B$7:$B$3006,$P19,'CARNET DE SOUDURE'!$F$7:$F$3006,$Q19,'CARNET DE SOUDURE'!$AQ$7:$AQ$3006,"À RÉPARER")+COUNTIFS('CARNET DE SOUDURE'!$B$7:$B$3006,$P19,'CARNET DE SOUDURE'!$F$7:$F$3006,$Q19,'CARNET DE SOUDURE'!$AQ$7:$AQ$3006,"COUPE – À RESOUDER")+COUNTIFS('CARNET DE SOUDURE'!$B$7:$B$3006,$P19,'CARNET DE SOUDURE'!$F$7:$F$3006,$Q19,'CARNET DE SOUDURE'!$AQ$7:$AQ$3006,"VT REJETÉ – À REPRENDRE") -> 3 | L19: =IFERROR((COUNTIFS('CARNET DE SOUDURE'!$B$7:$B$3006,$P19,'CARNET DE SOUDURE'!$F$7:$F$3006,$Q19,'CARNET DE SOUDURE'!$AA$7:$AA$3006,"R")+COUNTIFS('CARNET DE SOUDURE'!$B$7:$B$3006,$P19,'CARNET DE SOUDURE'!$F$7:$F$3006,$Q19,'CARNET DE SOUDURE'!$AA$7:$AA$3006,"NT")+COUNTIFS('CARNET DE SOUDURE'!$B$7:$B$3006,$P19,'CARNET DE SOUDURE'!$F$7:$F$3006,$Q19,'CARNET DE SOUDURE'!$AA$7:$AA$3006,"CO"))/(COUNTIFS('CARNET DE SOUDURE'!$B$7:$B$3006,$P19,'CARNET DE SOUDURE'!$F$7:$F$3006,$Q19,'CARNET DE SOUDURE'!$AA$7:$AA$3006,"A")+(COUNTIFS('CARNET DE SOUDURE'!$B$7:$B$3006,$P19,'CARNET DE SOUDURE'!$F$7:$F$3006,$Q19,'CARNET DE SOUDURE'!$AA$7:$AA$3006,"R")+COUNTIFS('CARNET DE SOUDURE'!$B$7:$B$3006,$P19,'CARNET DE SOUDURE'!$F$7:$F$3006,$Q19,'CARNET DE SOUDURE'!$AA$7:$AA$3006,"NT")+COUNTIFS('CARNET DE SOUDURE'!$B$7:$B$3006,$P19,'CARNET DE SOUDURE'!$F$7:$F$3006,$Q19,'CARNET DE SOUDURE'!$AA$7:$AA$3006,"CO"))),0) -> 0.0062761506 | M19: =COUNTIFS('CARNET DE SOUDURE'!$B$7:$B$3006,$P19,'CARNET DE SOUDURE'!$F$7:$F$3006,$Q19,'CARNET DE SOUDURE'!$AQ$7:$AQ$3006,"À RADIOGRAPHIER")+COUNTIFS('CARNET DE SOUDURE'!$B$7:$B$3006,$P19,'CARNET DE SOUDURE'!$F$7:$F$3006,$Q19,'CARNET DE SOUDURE'!$AQ$7:$AQ$3006,"RÉPARÉ – À RADIOGRAPHIER")+COUNTIFS('CARNET DE SOUDURE'!$B$7:$B$3006,$P19,'CARNET DE SOUDURE'!$F$7:$F$3006,$Q19,'CARNET DE SOUDURE'!$AQ$7:$AQ$3006,"NX – RT À REFAIRE") -> 0 | P19: =PARAMÈTRES!$B$12 -> MFD-ISW → MFD-CPF | Q19: DJ
B20: TOTAL | C20: =SUM(C18:C19) -> 1700 | D20: =SUM(D18:D19) -> 1313 | E20: =SUM(E18:E19) -> 865 | F20: =IFERROR(SUMIF($Q$18:$Q$19,"JN",D18:D19)/C20,0) -> 0.49117647 | G20: =SUM(G18:G19) -> 1205 | H20: =IFERROR(G20/D20,0) -> 0.91774562 | I20: =SUM(I18:I19) -> 1139 | J20: =IFERROR(I20/D20,0) -> 0.86747906 | K20: =SUM(K18:K19) -> 55 | L20: =IFERROR((COUNTIF('CARNET DE SOUDURE'!$AA$7:$AA$3006,"R")+COUNTIF('CARNET DE SOUDURE'!$AA$7:$AA$3006,"NT")+COUNTIF('CARNET DE SOUDURE'!$AA$7:$AA$3006,"CO"))/(COUNTIF('CARNET DE SOUDURE'!$AA$7:$AA$3006,"A")+COUNTIF('CARNET DE SOUDURE'!$AA$7:$AA$3006,"R")+COUNTIF('CARNET DE SOUDURE'!$AA$7:$AA$3006,"NT")+COUNTIF('CARNET DE SOUDURE'!$AA$7:$AA$3006,"CO")),0) -> 0.046063652 | M20: =SUM(M18:M19) -> 119
J22: Statut | L22: Joints | M22: %
J23: ACCEPTÉ | L23: =COUNTIFS('CARNET DE SOUDURE'!$B$7:$B$3006,$O$5,'CARNET DE SOUDURE'!$AQ$7:$AQ$3006,"ACCEPTÉ") -> 1139 | M23: =IFERROR(L23/SUM($L$23:$L$31),0) -> 0.45964487
J24: À RADIOGRAPHIER | L24: =COUNTIFS('CARNET DE SOUDURE'!$B$7:$B$3006,$O$5,'CARNET DE SOUDURE'!$AQ$7:$AQ$3006,"À RADIOGRAPHIER") -> 108 | M24: =IFERROR(L24/SUM($L$23:$L$31),0) -> 0.043583535
J25: RÉPARÉ – À RADIOGRAPHIER | L25: =COUNTIFS('CARNET DE SOUDURE'!$B$7:$B$3006,$O$5,'CARNET DE SOUDURE'!$AQ$7:$AQ$3006,"RÉPARÉ – À RADIOGRAPHIER") -> 0 | M25: =IFERROR(L25/SUM($L$23:$L$31),0) -> 0
J26: NX – RT À REFAIRE | L26: =COUNTIFS('CARNET DE SOUDURE'!$B$7:$B$3006,$O$5,'CARNET DE SOUDURE'!$AQ$7:$AQ$3006,"NX – RT À REFAIRE") -> 11 | M26: =IFERROR(L26/SUM($L$23:$L$31),0) -> 0.0044390638
J27: À RÉPARER | L27: =COUNTIFS('CARNET DE SOUDURE'!$B$7:$B$3006,$O$5,'CARNET DE SOUDURE'!$AQ$7:$AQ$3006,"À RÉPARER") -> 54 | M27: =IFERROR(L27/SUM($L$23:$L$31),0) -> 0.021791768
J28: COUPE – À RESOUDER | L28: =COUNTIFS('CARNET DE SOUDURE'!$B$7:$B$3006,$O$5,'CARNET DE SOUDURE'!$AQ$7:$AQ$3006,"COUPE – À RESOUDER") -> 1 | M28: =IFERROR(L28/SUM($L$23:$L$31),0) -> 0.00040355125
J29: VT REJETÉ – À REPRENDRE | L29: =COUNTIFS('CARNET DE SOUDURE'!$B$7:$B$3006,$O$5,'CARNET DE SOUDURE'!$AQ$7:$AQ$3006,"VT REJETÉ – À REPRENDRE") -> 0 | M29: =IFERROR(L29/SUM($L$23:$L$31),0) -> 0
J30: VT EN ATTENTE | L30: =COUNTIFS('CARNET DE SOUDURE'!$B$7:$B$3006,$O$5,'CARNET DE SOUDURE'!$AQ$7:$AQ$3006,"VT EN ATTENTE") -> 0 | M30: =IFERROR(L30/SUM($L$23:$L$31),0) -> 0
J31: À SOUDER | L31: =COUNTIFS('CARNET DE SOUDURE'!$B$7:$B$3006,$O$5,'CARNET DE SOUDURE'!$AQ$7:$AQ$3006,"À SOUDER") -> 1165 | M31: =IFERROR(L31/SUM($L$23:$L$31),0) -> 0.47013721
B49: PERFORMANCE DES SOUDEURS (toutes lignes)
B50: WR / équipe | C50: Nom(s) | E50: Joints soudés | F50: Radiographiés | G50: Rejetés | H50: Taux de réparation | I50: Évaluation
B51: =IF(SOUDEURS!B6="","",SOUDEURS!B6) -> WR-039 | C51: =IF(SOUDEURS!C6="","",SOUDEURS!C6) | E51: =SOUDEURS!F6 -> 100 | F51: =SOUDEURS!G6 -> 100 | G51: =SOUDEURS!H6 -> 0 | H51: =SOUDEURS!I6 -> 0 | I51: =SOUDEURS!K6 -> Excellent
B52: =IF(SOUDEURS!B7="","",SOUDEURS!B7) -> WR-46-44/36-33/30-52/50-51/43-45 | C52: =IF(SOUDEURS!C7="","",SOUDEURS!C7) | E52: =SOUDEURS!F7 -> 99 | F52: =SOUDEURS!G7 -> 94 | G52: =SOUDEURS!H7 -> 16 | H52: =SOUDEURS!I7 -> 0.17021277 | I52: =SOUDEURS!K7 -> À surveiller
B53: =IF(SOUDEURS!B8="","",SOUDEURS!B8) -> WR-029 | C53: =IF(SOUDEURS!C8="","",SOUDEURS!C8) | E53: =SOUDEURS!F8 -> 87 | F53: =SOUDEURS!G8 -> 87 | G53: =SOUDEURS!H8 -> 0 | H53: =SOUDEURS!I8 -> 0 | I53: =SOUDEURS!K8 -> Excellent
B54: =IF(SOUDEURS!B9="","",SOUDEURS!B9) -> WR-037 | C54: =IF(SOUDEURS!C9="","",SOUDEURS!C9) | E54: =SOUDEURS!F9 -> 82 | F54: =SOUDEURS!G9 -> 82 | G54: =SOUDEURS!H9 -> 0 | H54: =SOUDEURS!I9 -> 0 | I54: =SOUDEURS!K9 -> Excellent
B55: =IF(SOUDEURS!B10="","",SOUDEURS!B10) -> WR-46-44/32-33/43-30/45-36 | C55: =IF(SOUDEURS!C10="","",SOUDEURS!C10) | E55: =SOUDEURS!F10 -> 72 | F55: =SOUDEURS!G10 -> 72 | G55: =SOUDEURS!H10 -> 0 | H55: =SOUDEURS!I10 -> 0 | I55: =SOUDEURS!K10 -> Excellent
B56: =IF(SOUDEURS!B11="","",SOUDEURS!B11) -> WR-040 | C56: =IF(SOUDEURS!C11="","",SOUDEURS!C11) | E56: =SOUDEURS!F11 -> 67 | F56: =SOUDEURS!G11 -> 67 | G56: =SOUDEURS!H11 -> 1 | H56: =SOUDEURS!I11 -> 0.014925373 | I56: =SOUDEURS!K11 -> Excellent
B57: =IF(SOUDEURS!B12="","",SOUDEURS!B12) -> WR-46-44/32-33/45-43 | C57: =IF(SOUDEURS!C12="","",SOUDEURS!C12) | E57: =SOUDEURS!F12 -> 61 | F57: =SOUDEURS!G12 -> 58 | G57: =SOUDEURS!H12 -> 5 | H57: =SOUDEURS!I12 -> 0.086206897 | I57: =SOUDEURS!K12 -> À surveiller
B58: =IF(SOUDEURS!B13="","",SOUDEURS!B13) -> WR-46-44/30-33/47-48/45-36 | C58: =IF(SOUDEURS!C13="","",SOUDEURS!C13) | E58: =SOUDEURS!F13 -> 61 | F58: =SOUDEURS!G13 -> 59 | G58: =SOUDEURS!H13 -> 0 | H58: =SOUDEURS!I13 -> 0 | I58: =SOUDEURS!K13 -> Excellent
B59: =IF(SOUDEURS!B14="","",SOUDEURS!B14) -> WR-038 | C59: =IF(SOUDEURS!C14="","",SOUDEURS!C14) | E59: =SOUDEURS!F14 -> 53 | F59: =SOUDEURS!G14 -> 53 | G59: =SOUDEURS!H14 -> 1 | H59: =SOUDEURS!I14 -> 0.018867925 | I59: =SOUDEURS!K14 -> Excellent
B60: =IF(SOUDEURS!B15="","",SOUDEURS!B15) -> WR-030-036/043-044 | C60: =IF(SOUDEURS!C15="","",SOUDEURS!C15) | E60: =SOUDEURS!F15 -> 49 | F60: =SOUDEURS!G15 -> 49 | G60: =SOUDEURS!H15 -> 0 | H60: =SOUDEURS!I15 -> 0 | I60: =SOUDEURS!K15 -> Excellent
B61: =IF(SOUDEURS!B16="","",SOUDEURS!B16) -> WR-041 | C61: =IF(SOUDEURS!C16="","",SOUDEURS!C16) | E61: =SOUDEURS!F16 -> 43 | F61: =SOUDEURS!G16 -> 43 | G61: =SOUDEURS!H16 -> 0 | H61: =SOUDEURS!I16 -> 0 | I61: =SOUDEURS!K16 -> Excellent
B62: =IF(SOUDEURS!B17="","",SOUDEURS!B17) -> WR-46-51/33-45 | C62: =IF(SOUDEURS!C17="","",SOUDEURS!C17) | E62: =SOUDEURS!F17 -> 41 | F62: =SOUDEURS!G17 -> 5 | G62: =SOUDEURS!H17 -> 0 | H62: =SOUDEURS!I17 -> 0 | I62: =SOUDEURS!K17 -> Excellent
... B107: =IF(SOUDEURS!B62="","",SOUDEURS!B62) | C107: =IF(SOUDEURS!C62="","",SOUDEURS!C62) | E107: =SOUDEURS!F62 | F107: =SOUDEURS!G62 | G107: =SOUDEURS!H62 | H107: =SOUDEURS!I62 | I107: =SOUDEURS!K62

Sheet CARNET DE SOUDURE
A1: CARNET DE SOUDURE — PIPELINE
A2: =PARAMÈTRES!$C$4&" • Affaire N° "&PARAMÈTRES!$C$5&" • Saisir uniquement les colonnes en bleu — les colonnes N°, Nb RT, Dernier RT, STATUT et Attente sont automatiques" -> Développement des champs gaziers TFT II — réseau de collecte TFT Sud (LIGNE-16) • Affaire N° 8546 • Saisir uniquement les colonnes en bleu — les colonnes N°, Nb RT, Dernier RT, STATUT et Attente sont automatiques
B3: Joints : | C3: =COUNTA(E7:E3006) -> 2478 | E3: Soudés : | F3: =COUNT(U7:U3006) -> 1313 | I3: Acceptés : | J3: =COUNTIF(AQ7:AQ3006,"ACCEPTÉ") -> 1139 | M3: À radiographier : | P3: =SUMPRODUCT((AQ7:AQ3006="À RADIOGRAPHIER")+(AQ7:AQ3006="RÉPARÉ – À RADIOGRAPHIER")+(AQ7:AQ3006="NX – RT À REFAIRE")) -> 119 | S3: À réparer : | V3: =SUMPRODUCT((AQ7:AQ3006="À RÉPARER")+(AQ7:AQ3006="COUPE – À RESOUDER")+(AQ7:AQ3006="VT REJETÉ – À REPRENDRE")) -> 55
A5: IDENTIFICATION DU JOINT | R5: SOUDAGE | V5: CONTRÔLE VISUEL (VT) | Y5: RADIOGRAPHIE RT-01 | AC5: RÉPARATION 1 → VT → RT | AH5: RÉPARATION 2 → VT → RT | AM5: PROGRAMME & SUIVI
A6: N° | B6: Ligne | C6: Tronçon | D6: PK | E6: N° Joint | F6: Type | G6: Zone | H6: Ø | I6: Ép. (mm) | J6: Nuance | K6: WPS | L6: Tube 1 | M6: Coulée 1 | N6: Long. 1 | O6: Tube 2 | P6: Coulée 2 | Q6: Long. 2 | R6: WR 1ère passe | S6: WR 2ème passe | T6: WR B+F | U6: Date soudage | V6: VT Date | W6: VT PV N° | X6: VT Rés. | Y6: RT1 Date | Z6: RT1 PV N° | AA6: RT1 Rés. | AB6: Défaut / paramètre rép. | AC6: R1 WR | AD6: R1 VT Rés. | AE6: R1 RT Date | AF6: R1 RT PV N° | AG6: R1 RT Rés. | AH6: R2 WR | AI6: R2 VT Rés. | AJ6: R2 RT Date | AK6: R2 RT PV N° | AL6: R2 RT Rés. | AM6: RT programmé le | AN6: Remarques | AO6: Nb RT | AP6: Dernier RT | AQ6: STATUT | AR6: Attente (j) | AS6: hRT | AT6: hRTn | AU6: hREP | AV6: hREPn | AW6: hKEY
A7: =IF(E7="","",ROW()-6) -> 1 | B7: MFD-ISW → MFD-CPF | E7: JN°001 | F7: =IF(E7="","",IF(LEFT(E7,2)="DJ","DJ","JN")) -> JN | AO7: =IF(E7="","",(AA7<>"")+(AG7<>"")+(AL7<>"")) -> 0 | AP7: =IF(AL7<>"",AL7,IF(AG7<>"",AG7,IF(AA7<>"",AA7,""))) | AQ7: =IF(E7="","",IF(U7="","À SOUDER",IF(X7="","VT EN ATTENTE",IF(X7="R","VT REJETÉ – À REPRENDRE",IF(AP7="","À RADIOGRAPHIER",IF(AP7="A","ACCEPTÉ",IF(AP7="NX","NX – RT À REFAIRE",IF(IF(AO7=1,AD7,IF(AO7=2,AI7,""))="A","RÉPARÉ – À RADIOGRAPHIER",IF(IF(AO7=1,AD7,IF(AO7=2,AI7,""))="R","VT REJETÉ – À REPRENDRE",IF(OR(AP7="CO",AP7="NT"),"COUPE – À RESOUDER","À RÉPARER")))))))))) -> À SOUDER | AR7: =IF(AND(ISNUMBER(U7),OR(AQ7="À RADIOGRAPHIER",AQ7="RÉPARÉ – À RADIOGRAPHIER",AQ7="NX – RT À REFAIRE",AQ7="À RÉPARER",AQ7="COUPE – À RESOUDER",AQ7="VT REJETÉ – À REPRENDRE")),MAX(0,'PROGRAMME RT'!$C$4-U7),"") | AS7: =IF(AND(OR(AQ7="À RADIOGRAPHIER",AQ7="RÉPARÉ – À RADIOGRAPHIER",AQ7="NX – RT À REFAIRE"),OR('PROGRAMME RT'!$D$5="TOUTES",B7='PROGRAMME RT'!$D$5)),1,0) -> 0 | AT7: =IF(AS7=1,SUM(AS$7:AS7),"") | AU7: =IF(AND(OR(AA7="R",AA7="NX",AA7="NT",AA7="CO"),OR('JOINTS DE RÉPARATION'!$D$5="TOUTES",B7='JOINTS DE RÉPARATION'!$D$5),OR('JOINTS DE RÉPARATION'!$L$4="TOUS",AQ7<>"ACCEPTÉ")),1,0) -> 0 | AV7: =IF(AU7=1,SUM(AU$7:AU7),"") | AW7: =IF(E7="","",B7&"|"&E7) -> MFD-ISW → MFD-CPF|JN°001
A8: =IF(E8="","",ROW()-6) -> 2 | B8: MFD-ISW → MFD-CPF | E8: JN°002 | F8: =IF(E8="","",IF(LEFT(E8,2)="DJ","DJ","JN")) -> JN | AO8: =IF(E8="","",(AA8<>"")+(AG8<>"")+(AL8<>"")) -> 0 | AP8: =IF(AL8<>"",AL8,IF(AG8<>"",AG8,IF(AA8<>"",AA8,""))) | AQ8: =IF(E8="","",IF(U8="","À SOUDER",IF(X8="","VT EN ATTENTE",IF(X8="R","VT REJETÉ – À REPRENDRE",IF(AP8="","À RADIOGRAPHIER",IF(AP8="A","ACCEPTÉ",IF(AP8="NX","NX – RT À REFAIRE",IF(IF(AO8=1,AD8,IF(AO8=2,AI8,""))="A","RÉPARÉ – À RADIOGRAPHIER",IF(IF(AO8=1,AD8,IF(AO8=2,AI8,""))="R","VT REJETÉ – À REPRENDRE",IF(OR(AP8="CO",AP8="NT"),"COUPE – À RESOUDER","À RÉPARER")))))))))) -> À SOUDER | AR8: =IF(AND(ISNUMBER(U8),OR(AQ8="À RADIOGRAPHIER",AQ8="RÉPARÉ – À RADIOGRAPHIER",AQ8="NX – RT À REFAIRE",AQ8="À RÉPARER",AQ8="COUPE – À RESOUDER",AQ8="VT REJETÉ – À REPRENDRE")),MAX(0,'PROGRAMME RT'!$C$4-U8),"") | AS8: =IF(AND(OR(AQ8="À RADIOGRAPHIER",AQ8="RÉPARÉ – À RADIOGRAPHIER",AQ8="NX – RT À REFAIRE"),OR('PROGRAMME RT'!$D$5="TOUTES",B8='PROGRAMME RT'!$D$5)),1,0) -> 0 | AT8: =IF(AS8=1,SUM(AS$7:AS8),"") | AU8: =IF(AND(OR(AA8="R",AA8="NX",AA8="NT",AA8="CO"),OR('JOINTS DE RÉPARATION'!$D$5="TOUTES",B8='JOINTS DE RÉPARATION'!$D$5),OR('JOINTS DE RÉPARATION'!$L$4="TOUS",AQ8<>"ACCEPTÉ")),1,0) -> 0 | AV8: =IF(AU8=1,SUM(AU$7:AU8),"") | AW8: =IF(E8="","",B8&"|"&E8) -> MFD-ISW → MFD-CPF|JN°002
A9: =IF(E9="","",ROW()-6) -> 3 | B9: MFD-ISW → MFD-CPF | E9: JN°003 | F9: =IF(E9="","",IF(LEFT(E9,2)="DJ","DJ","JN")) -> JN | AO9: =IF(E9="","",(AA9<>"")+(AG9<>"")+(AL9<>"")) -> 0 | AP9: =IF(AL9<>"",AL9,IF(AG9<>"",AG9,IF(AA9<>"",AA9,""))) | AQ9: =IF(E9="","",IF(U9="","À SOUDER",IF(X9="","VT EN ATTENTE",IF(X9="R","VT REJETÉ – À REPRENDRE",IF(AP9="","À RADIOGRAPHIER",IF(AP9="A","ACCEPTÉ",IF(AP9="NX","NX – RT À REFAIRE",IF(IF(AO9=1,AD9,IF(AO9=2,AI9,""))="A","RÉPARÉ – À RADIOGRAPHIER",IF(IF(AO9=1,AD9,IF(AO9=2,AI9,""))="R","VT REJETÉ – À REPRENDRE",IF(OR(AP9="CO",AP9="NT"),"COUPE – À RESOUDER","À RÉPARER")))))))))) -> À SOUDER | AR9: =IF(AND(ISNUMBER(U9),OR(AQ9="À RADIOGRAPHIER",AQ9="RÉPARÉ – À RADIOGRAPHIER",AQ9="NX – RT À REFAIRE",AQ9="À RÉPARER",AQ9="COUPE – À RESOUDER",AQ9="VT REJETÉ – À REPRENDRE")),MAX(0,'PROGRAMME RT'!$C$4-U9),"") | AS9: =IF(AND(OR(AQ9="À RADIOGRAPHIER",AQ9="RÉPARÉ – À RADIOGRAPHIER",AQ9="NX – RT À REFAIRE"),OR('PROGRAMME RT'!$D$5="TOUTES",B9='PROGRAMME RT'!$D$5)),1,0) -> 0 | AT9: =IF(AS9=1,SUM(AS$7:AS9),"") | AU9: =IF(AND(OR(AA9="R",AA9="NX",AA9="NT",AA9="CO"),OR('JOINTS DE RÉPARATION'!$D$5="TOUTES",B9='JOINTS DE RÉPARATION'!$D$5),OR('JOINTS DE RÉPARATION'!$L$4="TOUS",AQ9<>"ACCEPTÉ")),1,0) -> 0 | AV9: =IF(AU9=1,SUM(AU$7:AU9),"") | AW9: =IF(E9="","",B9&"|"&E9) -> MFD-ISW → MFD-CPF|JN°003
A10: =IF(E10="","",ROW()-6) -> 4 | B10: MFD-ISW → MFD-CPF | E10: JN°004 | F10: =IF(E10="","",IF(LEFT(E10,2)="DJ","DJ","JN")) -> JN | AO10: =IF(E10="","",(AA10<>"")+(AG10<>"")+(AL10<>"")) -> 0 | AP10: =IF(AL10<>"",AL10,IF(AG10<>"",AG10,IF(AA10<>"",AA10,""))) | AQ10: =IF(E10="","",IF(U10="","À SOUDER",IF(X10="","VT EN ATTENTE",IF(X10="R","VT REJETÉ – À REPRENDRE",IF(AP10="","À RADIOGRAPHIER",IF(AP10="A","ACCEPTÉ",IF(AP10="NX","NX – RT À REFAIRE",IF(IF(AO10=1,AD10,IF(AO10=2,AI10,""))="A","RÉPARÉ – À RADIOGRAPHIER",IF(IF(AO10=1,AD10,IF(AO10=2,AI10,""))="R","VT REJETÉ – À REPRENDRE",IF(OR(AP10="CO",AP10="NT"),"COUPE – À RESOUDER","À RÉPARER")))))))))) -> À SOUDER | AR10: =IF(AND(ISNUMBER(U10),OR(AQ10="À RADIOGRAPHIER",AQ10="RÉPARÉ – À RADIOGRAPHIER",AQ10="NX – RT À REFAIRE",AQ10="À RÉPARER",AQ10="COUPE – À RESOUDER",AQ10="VT REJETÉ – À REPRENDRE")),MAX(0,'PROGRAMME RT'!$C$4-U10),"") | AS10: =IF(AND(OR(AQ10="À RADIOGRAPHIER",AQ10="RÉPARÉ – À RADIOGRAPHIER",AQ10="NX – RT À REFAIRE"),OR('PROGRAMME RT'!$D$5="TOUTES",B10='PROGRAMME RT'!$D$5)),1,0) -> 0 | AT10: =IF(AS10=1,SUM(AS$7:AS10),"") | AU10: =IF(AND(OR(AA10="R",AA10="NX",AA10="NT",AA10="CO"),OR('JOINTS DE RÉPARATION'!$D$5="TOUTES",B10='JOINTS DE RÉPARATION'!$D$5),OR('JOINTS DE RÉPARATION'!$L$4="TOUS",AQ10<>"ACCEPTÉ")),1,0) -> 0 | AV10: =IF(AU10=1,SUM(AU$7:AU10),"") | AW10: =IF(E10="","",B10&"|"&E10) -> MFD-ISW → MFD-CPF|JN°004
A11: =IF(E11="","",ROW()-6) -> 5 | B11: MFD-ISW → MFD-CPF | E11: JN°005 | F11: =IF(E11="","",IF(LEFT(E11,2)="DJ","DJ","JN")) -> JN | AO11: =IF(E11="","",(AA11<>"")+(AG11<>"")+(AL11<>"")) -> 0 | AP11: =IF(AL11<>"",AL11,IF(AG11<>"",AG11,IF(AA11<>"",AA11,""))) | AQ11: =IF(E11="","",IF(U11="","À SOUDER",IF(X11="","VT EN ATTENTE",IF(X11="R","VT REJETÉ – À REPRENDRE",IF(AP11="","À RADIOGRAPHIER",IF(AP11="A","ACCEPTÉ",IF(AP11="NX","NX – RT À REFAIRE",IF(IF(AO11=1,AD11,IF(AO11=2,AI11,""))="A","RÉPARÉ – À RADIOGRAPHIER",IF(IF(AO11=1,AD11,IF(AO11=2,AI11,""))="R","VT REJETÉ – À REPRENDRE",IF(OR(AP11="CO",AP11="NT"),"COUPE – À RESOUDER","À RÉPARER")))))))))) -> À SOUDER | AR11: =IF(AND(ISNUMBER(U11),OR(AQ11="À RADIOGRAPHIER",AQ11="RÉPARÉ – À RADIOGRAPHIER",AQ11="NX – RT À REFAIRE",AQ11="À RÉPARER",AQ11="COUPE – À RESOUDER",AQ11="VT REJETÉ – À REPRENDRE")),MAX(0,'PROGRAMME RT'!$C$4-U11),"") | AS11: =IF(AND(OR(AQ11="À RADIOGRAPHIER",AQ11="RÉPARÉ – À RADIOGRAPHIER",AQ11="NX – RT À REFAIRE"),OR('PROGRAMME RT'!$D$5="TOUTES",B11='PROGRAMME RT'!$D$5)),1,0) -> 0 | AT11: =IF(AS11=1,SUM(AS$7:AS11),"") | AU11: =IF(AND(OR(AA11="R",AA11="NX",AA11="NT",AA11="CO"),OR('JOINTS DE RÉPARATION'!$D$5="TOUTES",B11='JOINTS DE RÉPARATION'!$D$5),OR('JOINTS DE RÉPARATION'!$L$4="TOUS",AQ11<>"ACCEPTÉ")),1,0) -> 0 | AV11: =IF(AU11=1,SUM(AU$7:AU11),"") | AW11: =IF(E11="","",B11&"|"&E11) -> MFD-ISW → MFD-CPF|JN°005
A12: =IF(E12="","",ROW()-6) -> 6 | B12: MFD-ISW → MFD-CPF | E12: JN°006 | F12: =IF(E12="","",IF(LEFT(E12,2)="DJ","DJ","JN")) -> JN | AO12: =IF(E12="","",(AA12<>"")+(AG12<>"")+(AL12<>"")) -> 0 | AP12: =IF(AL12<>"",AL12,IF(AG12<>"",AG12,IF(AA12<>"",AA12,""))) | AQ12: =IF(E12="","",IF(U12="","À SOUDER",IF(X12="","VT EN ATTENTE",IF(X12="R","VT REJETÉ – À REPRENDRE",IF(AP12="","À RADIOGRAPHIER",IF(AP12="A","ACCEPTÉ",IF(AP12="NX","NX – RT À REFAIRE",IF(IF(AO12=1,AD12,IF(AO12=2,AI12,""))="A","RÉPARÉ – À RADIOGRAPHIER",IF(IF(AO12=1,AD12,IF(AO12=2,AI12,""))="R","VT REJETÉ – À REPRENDRE",IF(OR(AP12="CO",AP12="NT"),"COUPE – À RESOUDER","À RÉPARER")))))))))) -> À SOUDER | AR12: =IF(AND(ISNUMBER(U12),OR(AQ12="À RADIOGRAPHIER",AQ12="RÉPARÉ – À RADIOGRAPHIER",AQ12="NX – RT À REFAIRE",AQ12="À RÉPARER",AQ12="COUPE – À RESOUDER",AQ12="VT REJETÉ – À REPRENDRE")),MAX(0,'PROGRAMME RT'!$C$4-U12),"") | AS12: =IF(AND(OR(AQ12="À RADIOGRAPHIER",AQ12="RÉPARÉ – À RADIOGRAPHIER",AQ12="NX – RT À REFAIRE"),OR('PROGRAMME RT'!$D$5="TOUTES",B12='PROGRAMME RT'!$D$5)),1,0) -> 0 | AT12: =IF(AS12=1,SUM(AS$7:AS12),"") | AU12: =IF(AND(OR(AA12="R",AA12="NX",AA12="NT",AA12="CO"),OR('JOINTS DE RÉPARATION'!$D$5="TOUTES",B12='JOINTS DE RÉPARATION'!$D$5),OR('JOINTS DE RÉPARATION'!$L$4="TOUS",AQ12<>"ACCEPTÉ")),1,0) -> 0 | AV12: =IF(AU12=1,SUM(AU$7:AU12),"") | AW12: =IF(E12="","",B12&"|"&E12) -> MFD-ISW → MFD-CPF|JN°006
A13: =IF(E13="","",ROW()-6) -> 7 | B13: MFD-ISW → MFD-CPF | E13: JN°007 | F13: =IF(E13="","",IF(LEFT(E13,2)="DJ","DJ","JN")) -> JN | AO13: =IF(E13="","",(AA13<>"")+(AG13<>"")+(AL13<>"")) -> 0 | AP13: =IF(AL13<>"",AL13,IF(AG13<>"",AG13,IF(AA13<>"",AA13,""))) | AQ13: =IF(E13="","",IF(U13="","À SOUDER",IF(X13="","VT EN ATTENTE",IF(X13="R","VT REJETÉ – À REPRENDRE",IF(AP13="","À RADIOGRAPHIER",IF(AP13="A","ACCEPTÉ",IF(AP13="NX","NX – RT À REFAIRE",IF(IF(AO13=1,AD13,IF(AO13=2,AI13,""))="A","RÉPARÉ – À RADIOGRAPHIER",IF(IF(AO13=1,AD13,IF(AO13=2,AI13,""))="R","VT REJETÉ – À REPRENDRE",IF(OR(AP13="CO",AP13="NT"),"COUPE – À RESOUDER","À RÉPARER")))))))))) -> À SOUDER | AR13: =IF(AND(ISNUMBER(U13),OR(AQ13="À RADIOGRAPHIER",AQ13="RÉPARÉ – À RADIOGRAPHIER",AQ13="NX – RT À REFAIRE",AQ13="À RÉPARER",AQ13="COUPE – À RESOUDER",AQ13="VT REJETÉ – À REPRENDRE")),MAX(0,'PROGRAMME RT'!$C$4-U13),"") | AS13: =IF(AND(OR(AQ13="À RADIOGRAPHIER",AQ13="RÉPARÉ – À RADIOGRAPHIER",AQ13="NX – RT À REFAIRE"),OR('PROGRAMME RT'!$D$5="TOUTES",B13='PROGRAMME RT'!$D$5)),1,0) -> 0 | AT13: =IF(AS13=1,SUM(AS$7:AS13),"") | AU13: =IF(AND(OR(AA13="R",AA13="NX",AA13="NT",AA13="CO"),OR('JOINTS DE RÉPARATION'!$D$5="TOUTES",B13='JOINTS DE RÉPARATION'!$D$5),OR('JOINTS DE RÉPARATION'!$L$4="TOUS",AQ13<>"ACCEPTÉ")),1,0) -> 0 | AV13: =IF(AU13=1,SUM(AU$7:AU13),"") | AW13: =IF(E13="","",B13&"|"&E13) -> MFD-ISW → MFD-CPF|JN°007
A14: =IF(E14="","",ROW()-6) -> 8 | B14: MFD-ISW → MFD-CPF | E14: JN°008 | F14: =IF(E14="","",IF(LEFT(E14,2)="DJ","DJ","JN")) -> JN | AO14: =IF(E14="","",(AA14<>"")+(AG14<>"")+(AL14<>"")) -> 0 | AP14: =IF(AL14<>"",AL14,IF(AG14<>"",AG14,IF(AA14<>"",AA14,""))) | AQ14: =IF(E14="","",IF(U14="","À SOUDER",IF(X14="","VT EN ATTENTE",IF(X14="R","VT REJETÉ – À REPRENDRE",IF(AP14="","À RADIOGRAPHIER",IF(AP14="A","ACCEPTÉ",IF(AP14="NX","NX – RT À REFAIRE",IF(IF(AO14=1,AD14,IF(AO14=2,AI14,""))="A","RÉPARÉ – À RADIOGRAPHIER",IF(IF(AO14=1,AD14,IF(AO14=2,AI14,""))="R","VT REJETÉ – À REPRENDRE",IF(OR(AP14="CO",AP14="NT"),"COUPE – À RESOUDER","À RÉPARER")))))))))) -> À SOUDER | AR14: =IF(AND(ISNUMBER(U14),OR(AQ14="À RADIOGRAPHIER",AQ14="RÉPARÉ – À RADIOGRAPHIER",AQ14="NX – RT À REFAIRE",AQ14="À RÉPARER",AQ14="COUPE – À RESOUDER",AQ14="VT REJETÉ – À REPRENDRE")),MAX(0,'PROGRAMME RT'!$C$4-U14),"") | AS14: =IF(AND(OR(AQ14="À RADIOGRAPHIER",AQ14="RÉPARÉ – À RADIOGRAPHIER",AQ14="NX – RT À REFAIRE"),OR('PROGRAMME RT'!$D$5="TOUTES",B14='PROGRAMME RT'!$D$5)),1,0) -> 0 | AT14: =IF(AS14=1,SUM(AS$7:AS14),"") | AU14: =IF(AND(OR(AA14="R",AA14="NX",AA14="NT",AA14="CO"),OR('JOINTS DE RÉPARATION'!$D$5="TOUTES",B14='JOINTS DE RÉPARATION'!$D$5),OR('JOINTS DE RÉPARATION'!$L$4="TOUS",AQ14<>"ACCEPTÉ")),1,0) -> 0 | AV14: =IF(AU14=1,SUM(AU$7:AU14),"") | AW14: =IF(E14="","",B14&"|"&E14) -> MFD-ISW → MFD-CPF|JN°008
A15: =IF(E15="","",ROW()-6) -> 9 | B15: MFD-ISW → MFD-CPF | E15: JN°009 | F15: =IF(E15="","",IF(LEFT(E15,2)="DJ","DJ","JN")) -> JN | AO15: =IF(E15="","",(AA15<>"")+(AG15<>"")+(AL15<>"")) -> 0 | AP15: =IF(AL15<>"",AL15,IF(AG15<>"",AG15,IF(AA15<>"",AA15,""))) | AQ15: =IF(E15="","",IF(U15="","À SOUDER",IF(X15="","VT EN ATTENTE",IF(X15="R","VT REJETÉ – À REPRENDRE",IF(AP15="","À RADIOGRAPHIER",IF(AP15="A","ACCEPTÉ",IF(AP15="NX","NX – RT À REFAIRE",IF(IF(AO15=1,AD15,IF(AO15=2,AI15,""))="A","RÉPARÉ – À RADIOGRAPHIER",IF(IF(AO15=1,AD15,IF(AO15=2,AI15,""))="R","VT REJETÉ – À REPRENDRE",IF(OR(AP15="CO",AP15="NT"),"COUPE – À RESOUDER","À RÉPARER")))))))))) -> À SOUDER | AR15: =IF(AND(ISNUMBER(U15),OR(AQ15="À RADIOGRAPHIER",AQ15="RÉPARÉ – À RADIOGRAPHIER",AQ15="NX – RT À REFAIRE",AQ15="À RÉPARER",AQ15="COUPE – À RESOUDER",AQ15="VT REJETÉ – À REPRENDRE")),MAX(0,'PROGRAMME RT'!$C$4-U15),"") | AS15: =IF(AND(OR(AQ15="À RADIOGRAPHIER",AQ15="RÉPARÉ – À RADIOGRAPHIER",AQ15="NX – RT À REFAIRE"),OR('PROGRAMME RT'!$D$5="TOUTES",B15='PROGRAMME RT'!$D$5)),1,0) -> 0 | AT15: =IF(AS15=1,SUM(AS$7:AS15),"") | AU15: =IF(AND(OR(AA15="R",AA15="NX",AA15="NT",AA15="CO"),OR('JOINTS DE RÉPARATION'!$D$5="TOUTES",B15='JOINTS DE RÉPARATION'!$D$5),OR('JOINTS DE RÉPARATION'!$L$4="TOUS",AQ15<>"ACCEPTÉ")),1,0) -> 0 | AV15: =IF(AU15=1,SUM(AU$7:AU15),"") | AW15: =IF(E15="","",B15&"|"&E15) -> MFD-ISW → MFD-CPF|JN°009
A16: =IF(E16="","",ROW()-6) -> 10 | B16: MFD-ISW → MFD-CPF | E16: JN°010 | F16: =IF(E16="","",IF(LEFT(E16,2)="DJ","DJ","JN")) -> JN | AO16: =IF(E16="","",(AA16<>"")+(AG16<>"")+(AL16<>"")) -> 0 | AP16: =IF(AL16<>"",AL16,IF(AG16<>"",AG16,IF(AA16<>"",AA16,""))) | AQ16: =IF(E16="","",IF(U16="","À SOUDER",IF(X16="","VT EN ATTENTE",IF(X16="R","VT REJETÉ – À REPRENDRE",IF(AP16="","À RADIOGRAPHIER",IF(AP16="A","ACCEPTÉ",IF(AP16="NX","NX – RT À REFAIRE",IF(IF(AO16=1,AD16,IF(AO16=2,AI16,""))="A","RÉPARÉ – À RADIOGRAPHIER",IF(IF(AO16=1,AD16,IF(AO16=2,AI16,""))="R","VT REJETÉ – À REPRENDRE",IF(OR(AP16="CO",AP16="NT"),"COUPE – À RESOUDER","À RÉPARER")))))))))) -> À SOUDER | AR16: =IF(AND(ISNUMBER(U16),OR(AQ16="À RADIOGRAPHIER",AQ16="RÉPARÉ – À RADIOGRAPHIER",AQ16="NX – RT À REFAIRE",AQ16="À RÉPARER",AQ16="COUPE – À RESOUDER",AQ16="VT REJETÉ – À REPRENDRE")),MAX(0,'PROGRAMME RT'!$C$4-U16),"") | AS16: =IF(AND(OR(AQ16="À RADIOGRAPHIER",AQ16="RÉPARÉ – À RADIOGRAPHIER",AQ16="NX – RT À REFAIRE"),OR('PROGRAMME RT'!$D$5="TOUTES",B16='PROGRAMME RT'!$D$5)),1,0) -> 0 | AT16: =IF(AS16=1,SUM(AS$7:AS16),"") | AU16: =IF(AND(OR(AA16="R",AA16="NX",AA16="NT",AA16="CO"),OR('JOINTS DE RÉPARATION'!$D$5="TOUTES",B16='JOINTS DE RÉPARATION'!$D$5),OR('JOINTS DE RÉPARATION'!$L$4="TOUS",AQ16<>"ACCEPTÉ")),1,0) -> 0 | AV16: =IF(AU16=1,SUM(AU$7:AU16),"") | AW16: =IF(E16="","",B16&"|"&E16) -> MFD-ISW → MFD-CPF|JN°010
A17: =IF(E17="","",ROW()-6) -> 11 | B17: MFD-ISW → MFD-CPF | E17: JN°011 | F17: =IF(E17="","",IF(LEFT(E17,2)="DJ","DJ","JN")) -> JN | AO17: =IF(E17="","",(AA17<>"")+(AG17<>"")+(AL17<>"")) -> 0 | AP17: =IF(AL17<>"",AL17,IF(AG17<>"",AG17,IF(AA17<>"",AA17,""))) | AQ17: =IF(E17="","",IF(U17="","À SOUDER",IF(X17="","VT EN ATTENTE",IF(X17="R","VT REJETÉ – À REPRENDRE",IF(AP17="","À RADIOGRAPHIER",IF(AP17="A","ACCEPTÉ",IF(AP17="NX","NX – RT À REFAIRE",IF(IF(AO17=1,AD17,IF(AO17=2,AI17,""))="A","RÉPARÉ – À RADIOGRAPHIER",IF(IF(AO17=1,AD17,IF(AO17=2,AI17,""))="R","VT REJETÉ – À REPRENDRE",IF(OR(AP17="CO",AP17="NT"),"COUPE – À RESOUDER","À RÉPARER")))))))))) -> À SOUDER | AR17: =IF(AND(ISNUMBER(U17),OR(AQ17="À RADIOGRAPHIER",AQ17="RÉPARÉ – À RADIOGRAPHIER",AQ17="NX – RT À REFAIRE",AQ17="À RÉPARER",AQ17="COUPE – À RESOUDER",AQ17="VT REJETÉ – À REPRENDRE")),MAX(0,'PROGRAMME RT'!$C$4-U17),"") | AS17: =IF(AND(OR(AQ17="À RADIOGRAPHIER",AQ17="RÉPARÉ – À RADIOGRAPHIER",AQ17="NX – RT À REFAIRE"),OR('PROGRAMME RT'!$D$5="TOUTES",B17='PROGRAMME RT'!$D$5)),1,0) -> 0 | AT17: =IF(AS17=1,SUM(AS$7:AS17),"") | AU17: =IF(AND(OR(AA17="R",AA17="NX",AA17="NT",AA17="CO"),OR('JOINTS DE RÉPARATION'!$D$5="TOUTES",B17='JOINTS DE RÉPARATION'!$D$5),OR('JOINTS DE RÉPARATION'!$L$4="TOUS",AQ17<>"ACCEPTÉ")),1,0) -> 0 | AV17: =IF(AU17=1,SUM(AU$7:AU17),"") | AW17: =IF(E17="","",B17&"|"&E17) -> MFD-ISW → MFD-CPF|JN°011
A18: =IF(E18="","",ROW()-6) -> 12 | B18: MFD-ISW → MFD-CPF | E18: JN°012 | F18: =IF(E18="","",IF(LEFT(E18,2)="DJ","DJ","JN")) -> JN | AO18: =IF(E18="","",(AA18<>"")+(AG18<>"")+(AL18<>"")) -> 0 | AP18: =IF(AL18<>"",AL18,IF(AG18<>"",AG18,IF(AA18<>"",AA18,""))) | AQ18: =IF(E18="","",IF(U18="","À SOUDER",IF(X18="","VT EN ATTENTE",IF(X18="R","VT REJETÉ – À REPRENDRE",IF(AP18="","À RADIOGRAPHIER",IF(AP18="A","ACCEPTÉ",IF(AP18="NX","NX – RT À REFAIRE",IF(IF(AO18=1,AD18,IF(AO18=2,AI18,""))="A","RÉPARÉ – À RADIOGRAPHIER",IF(IF(AO18=1,AD18,IF(AO18=2,AI18,""))="R","VT REJETÉ – À REPRENDRE",IF(OR(AP18="CO",AP18="NT"),"COUPE – À RESOUDER","À RÉPARER")))))))))) -> À SOUDER | AR18: =IF(AND(ISNUMBER(U18),OR(AQ18="À RADIOGRAPHIER",AQ18="RÉPARÉ – À RADIOGRAPHIER",AQ18="NX – RT À REFAIRE",AQ18="À RÉPARER",AQ18="COUPE – À RESOUDER",AQ18="VT REJETÉ – À REPRENDRE")),MAX(0,'PROGRAMME RT'!$C$4-U18),"") | AS18: =IF(AND(OR(AQ18="À RADIOGRAPHIER",AQ18="RÉPARÉ – À RADIOGRAPHIER",AQ18="NX – RT À REFAIRE"),OR('PROGRAMME RT'!$D$5="TOUTES",B18='PROGRAMME RT'!$D$5)),1,0) -> 0 | AT18: =IF(AS18=1,SUM(AS$7:AS18),"") | AU18: =IF(AND(OR(AA18="R",AA18="NX",AA18="NT",AA18="CO"),OR('JOINTS DE RÉPARATION'!$D$5="TOUTES",B18='JOINTS DE RÉPARATION'!$D$5),OR('JOINTS DE RÉPARATION'!$L$4="TOUS",AQ18<>"ACCEPTÉ")),1,0) -> 0 | AV18: =IF(AU18=1,SUM(AU$7:AU18),"") | AW18: =IF(E18="","",B18&"|"&E18) -> MFD-ISW → MFD-CPF|JN°012
... A763: =IF(E763="","",ROW()-6) -> 757 | B763: MFD-ISW → MFD-CPF | E763: JN°757 | F763: =IF(E763="","",IF(LEFT(E763,2)="DJ","DJ","JN")) -> JN | AO763: =IF(E763="","",(AA763<>"")+(AG763<>"")+(AL763<>"")) -> 0 | AP763: =IF(AL763<>"",AL763,IF(AG763<>"",AG763,IF(AA763<>"",AA763,""))) | AQ763: =IF(E763="","",IF(U763="","À SOUDER",IF(X763="","VT EN ATTENTE",IF(X763="R","VT REJETÉ – À REPRENDRE",IF(AP763="","À RADIOGRAPHIER",IF(AP763="A","ACCEPTÉ",IF(AP763="NX","NX – RT À REFAIRE",IF(IF(AO763=1,AD763,IF(AO763=2,AI763,""))="A","RÉPARÉ – À RADIOGRAPHIER",IF(IF(AO763=1,AD763,IF(AO763=2,AI763,""))="R","VT REJETÉ – À REPRENDRE",IF(OR(AP763="CO",AP763="NT"),"COUPE – À RESOUDER","À RÉPARER")))))))))) -> À SOUDER | AR763: =IF(AND(ISNUMBER(U763),OR(AQ763="À RADIOGRAPHIER",AQ763="RÉPARÉ – À RADIOGRAPHIER",AQ763="NX – RT À REFAIRE",AQ763="À RÉPARER",AQ763="COUPE – À RESOUDER",AQ763="VT REJETÉ – À REPRENDRE")),MAX(0,'PROGRAMME RT'!$C$4-U763),"") | AS763: =IF(AND(OR(AQ763="À RADIOGRAPHIER",AQ763="RÉPARÉ – À RADIOGRAPHIER",AQ763="NX – RT À REFAIRE"),OR('PROGRAMME RT'!$D$5="TOUTES",B763='PROGRAMME RT'!$D$5)),1,0) -> 0 | AT763: =IF(AS763=1,SUM(AS$7:AS763),"") | AU763: =IF(AND(OR(AA763="R",AA763="NX",AA763="NT",AA763="CO"),OR('JOINTS DE RÉPARATION'!$D$5="TOUTES",B763='JOINTS DE RÉPARATION'!$D$5),OR('JOINTS DE RÉPARATION'!$L$4="TOUS",AQ763<>"ACCEPTÉ")),1,0) -> 0 | AV763: =IF(AU763=1,SUM(AU$7:AU763),"") | AW763: =IF(E763="","",B763&"|"&E763) -> MFD-ISW → MFD-CPF|JN°757
A764: =IF(E764="","",ROW()-6) -> 758 | B764: MFD-ISW → MFD-CPF | C764: BRD | D764: / | E764: DJ°522 | F764: =IF(E764="","",IF(LEFT(E764,2)="DJ","DJ","JN")) -> DJ | H764: 16" | I764: 9.53 | J764: API 5L_X52 | K764: TFTII-PL04 | L764: 2091210 | M764: 15421109 | N764: 11.94 | O764: 2095480 | P764: 15421107 | Q764: 11.94 | R764: WR-040 | U764: 46290 | V764: 46290 | W764: DJ-VT-046 | X764: A | Y764: 46291 | Z764: DJ-RT-054 | AA764: A | AO764: =IF(E764="","",(AA764<>"")+(AG764<>"")+(AL764<>"")) -> 1 | AP764: =IF(AL764<>"",AL764,IF(AG764<>"",AG764,IF(AA764<>"",AA764,""))) -> A | AQ764: =IF(E764="","",IF(U764="","À SOUDER",IF(X764="","VT EN ATTENTE",IF(X764="R","VT REJETÉ – À REPRENDRE",IF(AP764="","À RADIOGRAPHIER",IF(AP764="A","ACCEPTÉ",IF(AP764="NX","NX – RT À REFAIRE",IF(IF(AO764=1,AD764,IF(AO764=2,AI764,""))="A","RÉPARÉ – À RADIOGRAPHIER",IF(IF(AO764=1,AD764,IF(AO764=2,AI764,""))="R","VT REJETÉ – À REPRENDRE",IF(OR(AP764="CO",AP764="NT"),"COUPE – À RESOUDER","À RÉPARER")))))))))) -> ACCEPTÉ | AR764: =IF(AND(ISNUMBER(U764),OR(AQ764="À RADIOGRAPHIER",AQ764="RÉPARÉ – À RADIOGRAPHIER",AQ764="NX – RT À REFAIRE",AQ764="À RÉPARER",AQ764="COUPE – À RESOUDER",AQ764="VT REJETÉ – À REPRENDRE")),MAX(0,'PROGRAMME RT'!$C$4-U764),"") | AS764: =IF(AND(OR(AQ764="À RADIOGRAPHIER",AQ764="RÉPARÉ – À RADIOGRAPHIER",AQ764="NX – RT À REFAIRE"),OR('PROGRAMME RT'!$D$5="TOUTES",B764='PROGRAMME RT'!$D$5)),1,0) -> 0 | AT764: =IF(AS764=1,SUM(AS$7:AS764),"") | AU764: =IF(AND(OR(AA764="R",AA764="NX",AA764="NT",AA764="CO"),OR('JOINTS DE RÉPARATION'!$D$5="TOUTES",B764='JOINTS DE RÉPARATION'!$D$5),OR('JOINTS DE RÉPARATION'!$L$4="TOUS",AQ764<>"ACCEPTÉ")),1,0) -> 0 | AV764: =IF(AU764=1,SUM(AU$7:AU764),"") | AW764: =IF(E764="","",B764&"|"&E764) -> MFD-ISW → MFD-CPF|DJ°522
A765: =IF(E765="","",ROW()-6) -> 759 | B765: MFD-ISW → MFD-CPF | D765: 4 | E765: JN°758 | F765: =IF(E765="","",IF(LEFT(E765,2)="DJ","DJ","JN")) -> JN | H765: 16" | I765: 9.53 | J765: API 5L_X52 | K765: TFTII-PL03 | L765: 2095480 | M765: 15421107 | N765: 11.94 | O765: 2084910 | P765: 15421106 | Q765: 11.94 | R765: WR-33-51/40-45 | U765: 46291 | V765: 46291 | X765: A | AO765: =IF(E765="","",(AA765<>"")+(AG765<>"")+(AL765<>"")) -> 0 | AP765: =IF(AL765<>"",AL765,IF(AG765<>"",AG765,IF(AA765<>"",AA765,""))) | AQ765: =IF(E765="","",IF(U765="","À SOUDER",IF(X765="","VT EN ATTENTE",IF(X765="R","VT REJETÉ – À REPRENDRE",IF(AP765="","À RADIOGRAPHIER",IF(AP765="A","ACCEPTÉ",IF(AP765="NX","NX – RT À REFAIRE",IF(IF(AO765=1,AD765,IF(AO765=2,AI765,""))="A","RÉPARÉ – À RADIOGRAPHIER",IF(IF(AO765=1,AD765,IF(AO765=2,AI765,""))="R","VT REJETÉ – À REPRENDRE",IF(OR(AP765="CO",AP765="NT"),"COUPE – À RESOUDER","À RÉPARER")))))))))) -> À RADIOGRAPHIER | AR765: =IF(AND(ISNUMBER(U765),OR(AQ765="À RADIOGRAPHIER",AQ765="RÉPARÉ – À RADIOGRAPHIER",AQ765="NX – RT À REFAIRE",AQ765="À RÉPARER",AQ765="COUPE – À RESOUDER",AQ765="VT REJETÉ – À REPRENDRE")),MAX(0,'PROGRAMME RT'!$C$4-U765),"") -> 2 | AS765: =IF(AND(OR(AQ765="À RADIOGRAPHIER",AQ765="RÉPARÉ – À RADIOGRAPHIER",AQ765="NX – RT À REFAIRE"),OR('PROGRAMME RT'!$D$5="TOUTES",B765='PROGRAMME RT'!$D$5)),1,0) -> 1 | AT765: =IF(AS765=1,SUM(AS$7:AS765),"") -> 1 | AU765: =IF(AND(OR(AA765="R",AA765="NX",AA765="NT",AA765="CO"),OR('JOINTS DE RÉPARATION'!$D$5="TOUTES",B765='JOINTS DE RÉPARATION'!$D$5),OR('JOINTS DE RÉPARATION'!$L$4="TOUS",AQ765<>"ACCEPTÉ")),1,0) -> 0 | AV765: =IF(AU765=1,SUM(AU$7:AU765),"") | AW765: =IF(E765="","",B765&"|"&E765) -> MFD-ISW → MFD-CPF|JN°758
A766: =IF(E766="","",ROW()-6) -> 760 | B766: MFD-ISW → MFD-CPF | C766: BRD | D766: 4 | E766: DJ°507 | F766: =IF(E766="","",IF(LEFT(E766,2)="DJ","DJ","JN")) -> DJ | H766: 16" | I766: 9.53 | J766: API 5L_X52 | K766: TFTII-PL04 | L766: 2084910 | M766: 15421106 | N766: 11.94 | O766: 2085870 | P766: 15421106 | Q766: 11.94 | R766: WR-028 | U766: 46289 | V766: 46289 | W766: DJ-VT-045 | X766: A | Y766: 46290 | Z766: DJ-RT-053 | AA766: A | AO766: =IF(E766="","",(AA766<>"")+(AG766<>"")+(AL766<>"")) -> 1 | AP766: =IF(AL766<>"",AL766,IF(AG766<>"",AG766,IF(AA766<>"",AA766,""))) -> A | AQ766: =IF(E766="","",IF(U766="","À SOUDER",IF(X766="","VT EN ATTENTE",IF(X766="R","VT REJETÉ – À REPRENDRE",IF(AP766="","À RADIOGRAPHIER",IF(AP766="A","ACCEPTÉ",IF(AP766="NX","NX – RT À REFAIRE",IF(IF(AO766=1,AD766,IF(AO766=2,AI766,""))="A","RÉPARÉ – À RADIOGRAPHIER",IF(IF(AO766=1,AD766,IF(AO766=2,AI766,""))="R","VT REJETÉ – À REPRENDRE",IF(OR(AP766="CO",AP766="NT"),"COUPE – À RESOUDER","À RÉPARER")))))))))) -> ACCEPTÉ | AR766: =IF(AND(ISNUMBER(U766),OR(AQ766="À RADIOGRAPHIER",AQ766="RÉPARÉ – À RADIOGRAPHIER",AQ766="NX – RT À REFAIRE",AQ766="À RÉPARER",AQ766="COUPE – À RESOUDER",AQ766="VT REJETÉ – À REPRENDRE")),MAX(0,'PROGRAMME RT'!$C$4-U766),"") | AS766: =IF(AND(OR(AQ766="À RADIOGRAPHIER",AQ766="RÉPARÉ – À RADIOGRAPHIER",AQ766="NX – RT À REFAIRE"),OR('PROGRAMME RT'!$D$5="TOUTES",B766='PROGRAMME RT'!$D$5)),1,0) -> 0 | AT766: =IF(AS766=1,SUM(AS$7:AS766),"") | AU766: =IF(AND(OR(AA766="R",AA766="NX",AA766="NT",AA766="CO"),OR('JOINTS DE RÉPARATION'!$D$5="TOUTES",B766='JOINTS DE RÉPARATION'!$D$5),OR('JOINTS DE RÉPARATION'!$L$4="TOUS",AQ766<>"ACCEPTÉ")),1,0) -> 0 | AV766: =IF(AU766=1,SUM(AU$7:AU766),"") | AW766: =IF(E766="","",B766&"|"&E766) -> MFD-ISW → MFD-CPF|DJ°507
A767: =IF(E767="","",ROW()-6) -> 761 | B767: MFD-ISW → MFD-CPF | D767: 4 | E767: JN°759 | F767: =IF(E767="","",IF(LEFT(E767,2)="DJ","DJ","JN")) -> JN | H767: 16" | I767: 9.53 | J767: API 5L_X52 | K767: TFTII-PL03 | L767: 2085870 | M767: 15421106 | N767: 11.94 | O767: 2089470 | P767: 15421109 | Q767: 11.94 | R767: WR-33-51/40-45 | U767: 46291 | V767: 46291 | W767: L-VT-069 | X767: A | AO767: =IF(E767="","",(AA767<>"")+(AG767<>"")+(AL767<>"")) -> 0 | AP767: =IF(AL767<>"",AL767,IF(AG767<>"",AG767,IF(AA767<>"",AA767,""))) | AQ767: =IF(E767="","",IF(U767="","À SOUDER",IF(X767="","VT EN ATTENTE",IF(X767="R","VT REJETÉ – À REPRENDRE",IF(AP767="","À RADIOGRAPHIER",IF(AP767="A","ACCEPTÉ",IF(AP767="NX","NX – RT À REFAIRE",IF(IF(AO767=1,AD767,IF(AO767=2,AI767,""))="A","RÉPARÉ – À RADIOGRAPHIER",IF(IF(AO767=1,AD767,IF(AO767=2,AI767,""))="R","VT REJETÉ – À REPRENDRE",IF(OR(AP767="CO",AP767="NT"),"COUPE – À RESOUDER","À RÉPARER")))))))))) -> À RADIOGRAPHIER | AR767: =IF(AND(ISNUMBER(U767),OR(AQ767="À RADIOGRAPHIER",AQ767="RÉPARÉ – À RADIOGRAPHIER",AQ767="NX – RT À REFAIRE",AQ767="À RÉPARER",AQ767="COUPE – À RESOUDER",AQ767="VT REJETÉ – À REPRENDRE")),MAX(0,'PROGRAMME RT'!$C$4-U767),"") -> 2 | AS767: =IF(AND(OR(AQ767="À RADIOGRAPHIER",AQ767="RÉPARÉ – À RADIOGRAPHIER",AQ767="NX – RT À REFAIRE"),OR('PROGRAMME RT'!$D$5="TOUTES",B767='PROGRAMME RT'!$D$5)),1,0) -> 1 | AT767: =IF(AS767=1,SUM(AS$7:AS767),"") -> 2 | AU767: =IF(AND(OR(AA767="R",AA767="NX",AA767="NT",AA767="CO"),OR('JOINTS DE RÉPARATION'!$D$5="TOUTES",B767='JOINTS DE RÉPARATION'!$D$5),OR('JOINTS DE RÉPARATION'!$L$4="TOUS",AQ767<>"ACCEPTÉ")),1,0) -> 0 | AV767: =IF(AU767=1,SUM(AU$7:AU767),"") | AW767: =IF(E767="","",B767&"|"&E767) -> MFD-ISW → MFD-CPF|JN°759
A768: =IF(E768="","",ROW()-6) -> 762 | B768: MFD-ISW → MFD-CPF | C768: BRD | D768: 4 | E768: DJ°520 | F768: =IF(E768="","",IF(LEFT(E768,2)="DJ","DJ","JN")) -> DJ | H768: 16" | I768: 9.53 | J768: API 5L_X52 | K768: TFTII-PL04 | L768: 2089470 | M768: 15421109 | N768: 11.94 | O768: 2091760 | P768: 15421109 | Q768: 11.94 | R768: WR-028 | U768: 46290 | V768: 46290 | W768: DJ-VT-046 | X768: A | Y768: 46291 | Z768: DJ-RT-054 | AA768: A | AO768: =IF(E768="","",(AA768<>"")+(AG768<>"")+(AL768<>"")) -> 1 | AP768: =IF(AL768<>"",AL768,IF(AG768<>"",AG768,IF(AA768<>"",AA768,""))) -> A | AQ768: =IF(E768="","",IF(U768="","À SOUDER",IF(X768="","VT EN ATTENTE",IF(X768="R","VT REJETÉ – À REPRENDRE",IF(AP768="","À RADIOGRAPHIER",IF(AP768="A","ACCEPTÉ",IF(AP768="NX","NX – RT À REFAIRE",IF(IF(AO768=1,AD768,IF(AO768=2,AI768,""))="A","RÉPARÉ – À RADIOGRAPHIER",IF(IF(AO768=1,AD768,IF(AO768=2,AI768,""))="R","VT REJETÉ – À REPRENDRE",IF(OR(AP768="CO",AP768="NT"),"COUPE – À RESOUDER","À RÉPARER")))))))))) -> ACCEPTÉ | AR768: =IF(AND(ISNUMBER(U768),OR(AQ768="À RADIOGRAPHIER",AQ768="RÉPARÉ – À RADIOGRAPHIER",AQ768="NX – RT À REFAIRE",AQ768="À RÉPARER",AQ768="COUPE – À RESOUDER",AQ768="VT REJETÉ – À REPRENDRE")),MAX(0,'PROGRAMME RT'!$C$4-U768),"") | AS768: =IF(AND(OR(AQ768="À RADIOGRAPHIER",AQ768="RÉPARÉ – À RADIOGRAPHIER",AQ768="NX – RT À REFAIRE"),OR('PROGRAMME RT'!$D$5="TOUTES",B768='PROGRAMME RT'!$D$5)),1,0) -> 0 | AT768: =IF(AS768=1,SUM(AS$7:AS768),"") | AU768: =IF(AND(OR(AA768="R",AA768="NX",AA768="NT",AA768="CO"),OR('JOINTS DE RÉPARATION'!$D$5="TOUTES",B768='JOINTS DE RÉPARATION'!$D$5),OR('JOINTS DE RÉPARATION'!$L$4="TOUS",AQ768<>"ACCEPTÉ")),1,0) -> 0 | AV768: =IF(AU768=1,SUM(AU$7:AU768),"") | AW768: =IF(E768="","",B768&"|"&E768) -> MFD-ISW → MFD-CPF|DJ°520
A769: =IF(E769="","",ROW()-6) -> 763 | B769: MFD-ISW → MFD-CPF | D769: 4 | E769: JN°760 | F769: =IF(E769="","",IF(LEFT(E769,2)="DJ","DJ","JN")) -> JN | H769: 16" | I769: 9.53 | J769: API 5L_X52 | K769: TFTII-PL03 | L769: 2091760 | M769: 15421109 | N769: 11.94 | O769: 2085850 | P769: 15421107 | Q769: 11.94 | R769: WR-33-51/40-45 | U769: 46291 | V769: 46291 | W769: L-VT-069 | X769: A | AO769: =IF(E769="","",(AA769<>"")+(AG769<>"")+(AL769<>"")) -> 0 | AP769: =IF(AL769<>"",AL769,IF(AG769<>"",AG769,IF(AA769<>"",AA769,""))) | AQ769: =IF(E769="","",IF(U769="","À SOUDER",IF(X769="","VT EN ATTENTE",IF(X769="R","VT REJETÉ – À REPRENDRE",IF(AP769="","À RADIOGRAPHIER",IF(AP769="A","ACCEPTÉ",IF(AP769="NX","NX – RT À REFAIRE",IF(IF(AO769=1,AD769,IF(AO769=2,AI769,""))="A","RÉPARÉ – À RADIOGRAPHIER",IF(IF(AO769=1,AD769,IF(AO769=2,AI769,""))="R","VT REJETÉ – À REPRENDRE",IF(OR(AP769="CO",AP769="NT"),"COUPE – À RESOUDER","À RÉPARER")))))))))) -> À RADIOGRAPHIER | AR769: =IF(AND(ISNUMBER(U769),OR(AQ769="À RADIOGRAPHIER",AQ769="RÉPARÉ – À RADIOGRAPHIER",AQ769="NX – RT À REFAIRE",AQ769="À RÉPARER",AQ769="COUPE – À RESOUDER",AQ769="VT REJETÉ – À REPRENDRE")),MAX(0,'PROGRAMME RT'!$C$4-U769),"") -> 2 | AS769: =IF(AND(OR(AQ769="À RADIOGRAPHIER",AQ769="RÉPARÉ – À RADIOGRAPHIER",AQ769="NX – RT À REFAIRE"),OR('PROGRAMME RT'!$D$5="TOUTES",B769='PROGRAMME RT'!$D$5)),1,0) -> 1 | AT769: =IF(AS769=1,SUM(AS$7:AS769),"") -> 3 | AU769: =IF(AND(OR(AA769="R",AA769="NX",AA769="NT",AA769="CO"),OR('JOINTS DE RÉPARATION'!$D$5="TOUTES",B769='JOINTS DE RÉPARATION'!$D$5),OR('JOINTS DE RÉPARATION'!$L$4="TOUS",AQ769<>"ACCEPTÉ")),1,0) -> 0 | AV769: =IF(AU769=1,SUM(AU$7:AU769),"") | AW769: =IF(E769="","",B769&"|"&E769) -> MFD-ISW → MFD-CPF|JN°760
A770: =IF(E770="","",ROW()-6) -> 764 | B770: MFD-ISW → MFD-CPF | C770: BRD | D770: 4 | E770: DJ°505 | F770: =IF(E770="","",IF(LEFT(E770,2)="DJ","DJ","JN")) -> DJ | H770: 16" | I770: 9.53 | J770: API 5L_X52 | K770: TFTII-PL04 | L770: 2085850 | M770: 15421107 | N770: 11.94 | O770: 2096300 | P770: 15421111 | Q770: 11.94 | R770: WR-028 | U770: 46289 | V770: 46289 | W770: DJ-VT-045 | X770: A | Y770: 46290 | Z770: DJ-RT-053 | AA770: A | AO770: =IF(E770="","",(AA770<>"")+(AG770<>"")+(AL770<>"")) -> 1 | AP770: =IF(AL770<>"",AL770,IF(AG770<>"",AG770,IF(AA770<>"",AA770,""))) -> A | AQ770: =IF(E770="","",IF(U770="","À SOUDER",IF(X770="","VT EN ATTENTE",IF(X770="R","VT REJETÉ – À REPRENDRE",IF(AP770="","À RADIOGRAPHIER",IF(AP770="A","ACCEPTÉ",IF(AP770="NX","NX – RT À REFAIRE",IF(IF(AO770=1,AD770,IF(AO770=2,AI770,""))="A","RÉPARÉ – À RADIOGRAPHIER",IF(IF(AO770=1,AD770,IF(AO770=2,AI770,""))="R","VT REJETÉ – À REPRENDRE",IF(OR(AP770="CO",AP770="NT"),"COUPE – À RESOUDER","À RÉPARER")))))))))) -> ACCEPTÉ | AR770: =IF(AND(ISNUMBER(U770),OR(AQ770="À RADIOGRAPHIER",AQ770="RÉPARÉ – À RADIOGRAPHIER",AQ770="NX – RT À REFAIRE",AQ770="À RÉPARER",AQ770="COUPE – À RESOUDER",AQ770="VT REJETÉ – À REPRENDRE")),MAX(0,'PROGRAMME RT'!$C$4-U770),"") | AS770: =IF(AND(OR(AQ770="À RADIOGRAPHIER",AQ770="RÉPARÉ – À RADIOGRAPHIER",AQ770="NX – RT À REFAIRE"),OR('PROGRAMME RT'!$D$5="TOUTES",B770='PROGRAMME RT'!$D$5)),1,0) -> 0 | AT770: =IF(AS770=1,SUM(AS$7:AS770),"") | AU770: =IF(AND(OR(AA770="R",AA770="NX",AA770="NT",AA770="CO"),OR('JOINTS DE RÉPARATION'!$D$5="TOUTES",B770='JOINTS DE RÉPARATION'!$D$5),OR('JOINTS DE RÉPARATION'!$L$4="TOUS",AQ770<>"ACCEPTÉ")),1,0) -> 0 | AV770: =IF(AU770=1,SUM(AU$7:AU770),"") | AW770: =IF(E770="","",B770&"|"&E770) -> MFD-ISW → MFD-CPF|DJ°505
A771: =IF(E771="","",ROW()-6) -> 765 | B771: MFD-ISW → MFD-CPF | D771: 4 | E771: JN°761 | F771: =IF(E771="","",IF(LEFT(E771,2)="DJ","DJ","JN")) -> JN | H771: 16" | I771: 9.53 | J771: API 5L_X52 | K771: TFTII-PL03 | L771: 2096300 | M771: 15421111 | N771: 11.94 | O771: 2092850 | P771: 15421110 | Q771: 11.94 | R771: WR-33-51/40-45 | U771: 46291 | V771: 46291 | W771: L-VT-069 | X771: A | AO771: =IF(E771="","",(AA771<>"")+(AG771<>"")+(AL771<>"")) -> 0 | AP771: =IF(AL771<>"",AL771,IF(AG771<>"",AG771,IF(AA771<>"",AA771,""))) | AQ771: =IF(E771="","",IF(U771="","À SOUDER",IF(X771="","VT EN ATTENTE",IF(X771="R","VT REJETÉ – À REPRENDRE",IF(AP771="","À RADIOGRAPHIER",IF(AP771="A","ACCEPTÉ",IF(AP771="NX","NX – RT À REFAIRE",IF(IF(AO771=1,AD771,IF(AO771=2,AI771,""))="A","RÉPARÉ – À RADIOGRAPHIER",IF(IF(AO771=1,AD771,IF(AO771=2,AI771,""))="R","VT REJETÉ – À REPRENDRE",IF(OR(AP771="CO",AP771="NT"),"COUPE – À RESOUDER","À RÉPARER")))))))))) -> À RADIOGRAPHIER | AR771: =IF(AND(ISNUMBER(U771),OR(AQ771="À RADIOGRAPHIER",AQ771="RÉPARÉ – À RADIOGRAPHIER",AQ771="NX – RT À REFAIRE",AQ771="À RÉPARER",AQ771="COUPE – À RESOUDER",AQ771="VT REJETÉ – À REPRENDRE")),MAX(0,'PROGRAMME RT'!$C$4-U771),"") -> 2 | AS771: =IF(AND(OR(AQ771="À RADIOGRAPHIER",AQ771="RÉPARÉ – À RADIOGRAPHIER",AQ771="NX – RT À REFAIRE"),OR('PROGRAMME RT'!$D$5="TOUTES",B771='PROGRAMME RT'!$D$5)),1,0) -> 1 | AT771: =IF(AS771=1,SUM(AS$7:AS771),"") -> 4 | AU771: =IF(AND(OR(AA771="R",AA771="NX",AA771="NT",AA771="CO"),OR('JOINTS DE RÉPARATION'!$D$5="TOUTES",B771='JOINTS DE RÉPARATION'!$D$5),OR('JOINTS DE RÉPARATION'!$L$4="TOUS",AQ771<>"ACCEPTÉ")),1,0) -> 0 | AV771: =IF(AU771=1,SUM(AU$7:AU771),"") | AW771: =IF(E771="","",B771&"|"&E771) -> MFD-ISW → MFD-CPF|JN°761
A772: =IF(E772="","",ROW()-6) -> 766 | B772: MFD-ISW → MFD-CPF | C772: BRD | D772: 4 | E772: DJ°466 | F772: =IF(E772="","",IF(LEFT(E772,2)="DJ","DJ","JN")) -> DJ | H772: 16" | I772: 9.53 | J772: API 5L_X52 | K772: TFTII-PL04 | L772: 2092850 | M772: 15421110 | N772: 11.94 | O772: 2083450 | P772: 15421103 | Q772: 11.94 | R772: WR-040 | U772: 46286 | V772: 46286 | W772: DJ-VT-042 | X772: A | Y772: 46291 | Z772: DJ-RT-054 | AA772: A | AO772: =IF(E772="","",(AA772<>"")+(AG772<>"")+(AL772<>"")) -> 1 | AP772: =IF(AL772<>"",AL772,IF(AG772<>"",AG772,IF(AA772<>"",AA772,""))) -> A | AQ772: =IF(E772="","",IF(U772="","À SOUDER",IF(X772="","VT EN ATTENTE",IF(X772="R","VT REJETÉ – À REPRENDRE",IF(AP772="","À RADIOGRAPHIER",IF(AP772="A","ACCEPTÉ",IF(AP772="NX","NX – RT À REFAIRE",IF(IF(AO772=1,AD772,IF(AO772=2,AI772,""))="A","RÉPARÉ – À RADIOGRAPHIER",IF(IF(AO772=1,AD772,IF(AO772=2,AI772,""))="R","VT REJETÉ – À REPRENDRE",IF(OR(AP772="CO",AP772="NT"),"COUPE – À RESOUDER","À RÉPARER")))))))))) -> ACCEPTÉ | AR772: =IF(AND(ISNUMBER(U772),OR(AQ772="À RADIOGRAPHIER",AQ772="RÉPARÉ – À RADIOGRAPHIER",AQ772="NX – RT À REFAIRE",AQ772="À RÉPARER",AQ772="COUPE – À RESOUDER",AQ772="VT REJETÉ – À REPRENDRE")),MAX(0,'PROGRAMME RT'!$C$4-U772),"") | AS772: =IF(AND(OR(AQ772="À RADIOGRAPHIER",AQ772="RÉPARÉ – À RADIOGRAPHIER",AQ772="NX – RT À REFAIRE"),OR('PROGRAMME RT'!$D$5="TOUTES",B772='PROGRAMME RT'!$D$5)),1,0) -> 0 | AT772: =IF(AS772=1,SUM(AS$7:AS772),"") | AU772: =IF(AND(OR(AA772="R",AA772="NX",AA772="NT",AA772="CO"),OR('JOINTS DE RÉPARATION'!$D$5="TOUTES",B772='JOINTS DE RÉPARATION'!$D$5),OR('JOINTS DE RÉPARATION'!$L$4="TOUS",AQ772<>"ACCEPTÉ")),1,0) -> 0 | AV772: =IF(AU772=1,SUM(AU$7:AU772),"") | AW772: =IF(E772="","",B772&"|"&E772) -> MFD-ISW → MFD-CPF|DJ°466
A773: =IF(E773="","",ROW()-6) -> 767 | B773: MFD-ISW → MFD-CPF | D773: 4 | E773: JN°762 | F773: =IF(E773="","",IF(LEFT(E773,2)="DJ","DJ","JN")) -> JN | H773: 16" | I773: 9.53 | J773: API 5L_X52 | K773: TFTII-PL03 | L773: 2083450 | M773: 15421103 | N773: 11.94 | O773: 2093110 | P773: 15421110 | Q773: 11.94 | R773: WR-33-51/40-45 | U773: 46291 | V773: 46291 | W773: L-VT-069 | X773: A | AO773: =IF(E773="","",(AA773<>"")+(AG773<>"")+(AL773<>"")) -> 0 | AP773: =IF(AL773<>"",AL773,IF(AG773<>"",AG773,IF(AA773<>"",AA773,""))) | AQ773: =IF(E773="","",IF(U773="","À SOUDER",IF(X773="","VT EN ATTENTE",IF(X773="R","VT REJETÉ – À REPRENDRE",IF(AP773="","À RADIOGRAPHIER",IF(AP773="A","ACCEPTÉ",IF(AP773="NX","NX – RT À REFAIRE",IF(IF(AO773=1,AD773,IF(AO773=2,AI773,""))="A","RÉPARÉ – À RADIOGRAPHIER",IF(IF(AO773=1,AD773,IF(AO773=2,AI773,""))="R","VT REJETÉ – À REPRENDRE",IF(OR(AP773="CO",AP773="NT"),"COUPE – À RESOUDER","À RÉPARER")))))))))) -> À RADIOGRAPHIER | AR773: =IF(AND(ISNUMBER(U773),OR(AQ773="À RADIOGRAPHIER",AQ773="RÉPARÉ – À RADIOGRAPHIER",AQ773="NX – RT À REFAIRE",AQ773="À RÉPARER",AQ773="COUPE – À RESOUDER",AQ773="VT REJETÉ – À REPRENDRE")),MAX(0,'PROGRAMME RT'!$C$4-U773),"") -> 2 | AS773: =IF(AND(OR(AQ773="À RADIOGRAPHIER",AQ773="RÉPARÉ – À RADIOGRAPHIER",AQ773="NX – RT À REFAIRE"),OR('PROGRAMME RT'!$D$5="TOUTES",B773='PROGRAMME RT'!$D$5)),1,0) -> 1 | AT773: =IF(AS773=1,SUM(AS$7:AS773),"") -> 5 | AU773: =IF(AND(OR(AA773="R",AA773="NX",AA773="NT",AA773="CO"),OR('JOINTS DE RÉPARATION'!$D$5="TOUTES",B773='JOINTS DE RÉPARATION'!$D$5),OR('JOINTS DE RÉPARATION'!$L$4="TOUS",AQ773<>"ACCEPTÉ")),1,0) -> 0 | AV773: =IF(AU773=1,SUM(AU$7:AU773),"") | AW773: =IF(E773="","",B773&"|"&E773) -> MFD-ISW → MFD-CPF|JN°762
A774: =IF(E774="","",ROW()-6) -> 768 | B774: MFD-ISW → MFD-CPF | C774: BRD | D774: 4 | E774: DJ°477 | F774: =IF(E774="","",IF(LEFT(E774,2)="DJ","DJ","JN")) -> DJ | H774: 16" | I774: 9.53 | J774: API 5L_X52 | K774: TFTII-PL04 | L774: 2093110 | M774: 15421110 | N774: 11.94 | O774: 2094210 | P774: 15421110 | Q774: 11.94 | R774: WR-040 | U774: 46286 | V774: 46286 | W774: DJ-VT-042 | X774: A | Y774: 46291 | Z774: DJ-RT-054 | AA774: A | AO774: =IF(E774="","",(AA774<>"")+(AG774<>"")+(AL774<>"")) -> 1 | AP774: =IF(AL774<>"",AL774,IF(AG774<>"",AG774,IF(AA774<>"",AA774,""))) -> A | AQ774: =IF(E774="","",IF(U774="","À SOUDER",IF(X774="","VT EN ATTENTE",IF(X774="R","VT REJETÉ – À REPRENDRE",IF(AP774="","À RADIOGRAPHIER",IF(AP774="A","ACCEPTÉ",IF(AP774="NX","NX – RT À REFAIRE",IF(IF(AO774=1,AD774,IF(AO774=2,AI774,""))="A","RÉPARÉ – À RADIOGRAPHIER",IF(IF(AO774=1,AD774,IF(AO774=2,AI774,""))="R","VT REJETÉ – À REPRENDRE",IF(OR(AP774="CO",AP774="NT"),"COUPE – À RESOUDER","À RÉPARER")))))))))) -> ACCEPTÉ | AR774: =IF(AND(ISNUMBER(U774),OR(AQ774="À RADIOGRAPHIER",AQ774="RÉPARÉ – À RADIOGRAPHIER",AQ774="NX – RT À REFAIRE",AQ774="À RÉPARER",AQ774="COUPE – À RESOUDER",AQ774="VT REJETÉ – À REPRENDRE")),MAX(0,'PROGRAMME RT'!$C$4-U774),"") | AS774: =IF(AND(OR(AQ774="À RADIOGRAPHIER",AQ774="RÉPARÉ – À RADIOGRAPHIER",AQ774="NX – RT À REFAIRE"),OR('PROGRAMME RT'!$D$5="TOUTES",B774='PROGRAMME RT'!$D$5)),1,0) -> 0 | AT774: =IF(AS774=1,SUM(AS$7:AS774),"") | AU774: =IF(AND(OR(AA774="R",AA774="NX",AA774="NT",AA774="CO"),OR('JOINTS DE RÉPARATION'!$D$5="TOUTES",B774='JOINTS DE RÉPARATION'!$D$5),OR('JOINTS DE RÉPARATION'!$L$4="TOUS",AQ774<>"ACCEPTÉ")),1,0) -> 0 | AV774: =IF(AU774=1,SUM(AU$7:AU774),"") | AW774: =IF(E774="","",B774&"|"&E774) -> MFD-ISW → MFD-CPF|DJ°477
A775: =IF(E775="","",ROW()-6) -> 769 | B775: MFD-ISW → MFD-CPF | D775: N,S | E775: JN°763 | F775: =IF(E775="","",IF(LEFT(E775,2)="DJ","DJ","JN")) -> JN | H775: 16" | I775: 9.53 | J775: API 5L_X52 | AO775: =IF(E775="","",(AA775<>"")+(AG775<>"")+(AL775<>"")) -> 0 | AP775: =IF(AL775<>"",AL775,IF(AG775<>"",AG775,IF(AA775<>"",AA775,""))) | AQ775: =IF(E775="","",IF(U775="","À SOUDER",IF(X775="","VT EN ATTENTE",IF(X775="R","VT REJETÉ – À REPRENDRE",IF(AP775="","À RADIOGRAPHIER",IF(AP775="A","ACCEPTÉ",IF(AP775="NX","NX – RT À REFAIRE",IF(IF(AO775=1,AD775,IF(AO775=2,AI775,""))="A","RÉPARÉ – À RADIOGRAPHIER",IF(IF(AO775=1,AD775,IF(AO775=2,AI775,""))="R","VT REJETÉ – À REPRENDRE",IF(OR(AP775="CO",AP775="NT"),"COUPE – À RESOUDER","À RÉPARER")))))))))) -> À SOUDER | AR775: =IF(AND(ISNUMBER(U775),OR(AQ775="À RADIOGRAPHIER",AQ775="RÉPARÉ – À RADIOGRAPHIER",AQ775="NX – RT À REFAIRE",AQ775="À RÉPARER",AQ775="COUPE – À RESOUDER",AQ775="VT REJETÉ – À REPRENDRE")),MAX(0,'PROGRAMME RT'!$C$4-U775),"") | AS775: =IF(AND(OR(AQ775="À RADIOGRAPHIER",AQ775="RÉPARÉ – À RADIOGRAPHIER",AQ775="NX – RT À REFAIRE"),OR('PROGRAMME RT'!$D$5="TOUTES",B775='PROGRAMME RT'!$D$5)),1,0) -> 0 | AT775: =IF(AS775=1,SUM(AS$7:AS775),"") | AU775: =IF(AND(OR(AA775="R",AA775="NX",AA775="NT",AA775="CO"),OR('JOINTS DE RÉPARATION'!$D$5="TOUTES",B775='JOINTS DE RÉPARATION'!$D$5),OR('JOINTS DE RÉPARATION'!$L$4="TOUS",AQ775<>"ACCEPTÉ")),1,0) -> 0 | AV775: =IF(AU775=1,SUM(AU$7:AU775),"") | AW775: =IF(E775="","",B775&"|"&E775) -> MFD-ISW → MFD-CPF|JN°763
A776: =IF(E776="","",ROW()-6) -> 770 | B776: MFD-ISW → MFD-CPF | D776: N,S | E776: JN°764 | F776: =IF(E776="","",IF(LEFT(E776,2)="DJ","DJ","JN")) -> JN | H776: 16" | I776: 9.53 | J776: API 5L_X52 | AO776: =IF(E776="","",(AA776<>"")+(AG776<>"")+(AL776<>"")) -> 0 | AP776: =IF(AL776<>"",AL776,IF(AG776<>"",AG776,IF(AA776<>"",AA776,""))) | AQ776: =IF(E776="","",IF(U776="","À SOUDER",IF(X776="","VT EN ATTENTE",IF(X776="R","VT REJETÉ – À REPRENDRE",IF(AP776="","À RADIOGRAPHIER",IF(AP776="A","ACCEPTÉ",IF(AP776="NX","NX – RT À REFAIRE",IF(IF(AO776=1,AD776,IF(AO776=2,AI776,""))="A","RÉPARÉ – À RADIOGRAPHIER",IF(IF(AO776=1,AD776,IF(AO776=2,AI776,""))="R","VT REJETÉ – À REPRENDRE",IF(OR(AP776="CO",AP776="NT"),"COUPE – À RESOUDER","À RÉPARER")))))))))) -> À SOUDER | AR776: =IF(AND(ISNUMBER(U776),OR(AQ776="À RADIOGRAPHIER",AQ776="RÉPARÉ – À RADIOGRAPHIER",AQ776="NX – RT À REFAIRE",AQ776="À RÉPARER",AQ776="COUPE – À RESOUDER",AQ776="VT REJETÉ – À REPRENDRE")),MAX(0,'PROGRAMME RT'!$C$4-U776),"") | AS776: =IF(AND(OR(AQ776="À RADIOGRAPHIER",AQ776="RÉPARÉ – À RADIOGRAPHIER",AQ776="NX – RT À REFAIRE"),OR('PROGRAMME RT'!$D$5="TOUTES",B776='PROGRAMME RT'!$D$5)),1,0) -> 0 | AT776: =IF(AS776=1,SUM(AS$7:AS776),"") | AU776: =IF(AND(OR(AA776="R",AA776="NX",AA776="NT",AA776="CO"),OR('JOINTS DE RÉPARATION'!$D$5="TOUTES",B776='JOINTS DE RÉPARATION'!$D$5),OR('JOINTS DE RÉPARATION'!$L$4="TOUS",AQ776<>"ACCEPTÉ")),1,0) -> 0 | AV776: =IF(AU776=1,SUM(AU$7:AU776),"") | AW776: =IF(E776="","",B776&"|"&E776) -> MFD-ISW → MFD-CPF|JN°764
A777: =IF(E777="","",ROW()-6) -> 771 | B777: MFD-ISW → MFD-CPF | C777: BRD | D777: 4 | E777: DJ°506 | F777: =IF(E777="","",IF(LEFT(E777,2)="DJ","DJ","JN")) -> DJ | H777: 16" | I777: 9.53 | J777: API 5L_X52 | K777: TFTII-PL04 | L777: 2078980 | M777: 15421102 | N777: 11.94 | O777: 2095190 | P777: 15421111 | Q777: 11.94 | R777: WR-041 | U777: 46289 | V777: 46289 | W777: DJ-VT-045 | X777: A | Y777: 46290 | Z777: DJ-RT-053 | AA777: A | AO777: =IF(E777="","",(AA777<>"")+(AG777<>"")+(AL777<>"")) -> 1 | AP777: =IF(AL777<>"",AL777,IF(AG777<>"",AG777,IF(AA777<>"",AA777,""))) -> A | AQ777: =IF(E777="","",IF(U777="","À SOUDER",IF(X777="","VT EN ATTENTE",IF(X777="R","VT REJETÉ – À REPRENDRE",IF(AP777="","À RADIOGRAPHIER",IF(AP777="A","ACCEPTÉ",IF(AP777="NX","NX – RT À REFAIRE",IF(IF(AO777=1,AD777,IF(AO777=2,AI777,""))="A","RÉPARÉ – À RADIOGRAPHIER",IF(IF(AO777=1,AD777,IF(AO777=2,AI777,""))="R","VT REJETÉ – À REPRENDRE",IF(OR(AP777="CO",AP777="NT"),"COUPE – À RESOUDER","À RÉPARER")))))))))) -> ACCEPTÉ | AR777: =IF(AND(ISNUMBER(U777),OR(AQ777="À RADIOGRAPHIER",AQ777="RÉPARÉ – À RADIOGRAPHIER",AQ777="NX – RT À REFAIRE",AQ777="À RÉPARER",AQ777="COUPE – À RESOUDER",AQ777="VT REJETÉ – À REPRENDRE")),MAX(0,'PROGRAMME RT'!$C$4-U777),"") | AS777: =IF(AND(OR(AQ777="À RADIOGRAPHIER",AQ777="RÉPARÉ – À RADIOGRAPHIER",AQ777="NX – RT À REFAIRE"),OR('PROGRAMME RT'!$D$5="TOUTES",B777='PROGRAMME RT'!$D$5)),1,0) -> 0 | AT777: =IF(AS777=1,SUM(AS$7:AS777),"") | AU777: =IF(AND(OR(AA777="R",AA777="NX",AA777="NT",AA777="CO"),OR('JOINTS DE RÉPARATION'!$D$5="TOUTES",B777='JOINTS DE RÉPARATION'!$D$5),OR('JOINTS DE RÉPARATION'!$L$4="TOUS",AQ777<>"ACCEPTÉ")),1,0) -> 0 | AV777: =IF(AU777=1,SUM(AU$7:AU777),"") | AW777: =IF(E777="","",B777&"|"&E777) -> MFD-ISW → MFD-CPF|DJ°506
A778: =IF(E778="","",ROW()-6) -> 772 | B778: MFD-ISW → MFD-CPF | D778: 4 | E778: JN°765 | F778: =IF(E778="","",IF(LEFT(E778,2)="DJ","DJ","JN")) -> JN | H778: 16" | I778: 9.53 | J778: API 5L_X52 | K778: TFTII-PL03 | L778: 2095190 | M778: 15421111 | N778: 11.94 | O778: 2092040 | P778: 15421109 | Q778: 11.94 | R778: WR-33-51/40-45 | U778: 46291 | V778: 46291 | W778: L-VT-069 | X778: A | AO778: =IF(E778="","",(AA778<>"")+(AG778<>"")+(AL778<>"")) -> 0 | AP778: =IF(AL778<>"",AL778,IF(AG778<>"",AG778,IF(AA778<>"",AA778,""))) | AQ778: =IF(E778="","",IF(U778="","À SOUDER",IF(X778="","VT EN ATTENTE",IF(X778="R","VT REJETÉ – À REPRENDRE",IF(AP778="","À RADIOGRAPHIER",IF(AP778="A","ACCEPTÉ",IF(AP778="NX","NX – RT À REFAIRE",IF(IF(AO778=1,AD778,IF(AO778=2,AI778,""))="A","RÉPARÉ – À RADIOGRAPHIER",IF(IF(AO778=1,AD778,IF(AO778=2,AI778,""))="R","VT REJETÉ – À REPRENDRE",IF(OR(AP778="CO",AP778="NT"),"COUPE – À RESOUDER","À RÉPARER")))))))))) -> À RADIOGRAPHIER | AR778: =IF(AND(ISNUMBER(U778),OR(AQ778="À RADIOGRAPHIER",AQ778="RÉPARÉ – À RADIOGRAPHIER",AQ778="NX – RT À REFAIRE",AQ778="À RÉPARER",AQ778="COUPE – À RESOUDER",AQ778="VT REJETÉ – À REPRENDRE")),MAX(0,'PROGRAMME RT'!$C$4-U778),"") -> 2 | AS778: =IF(AND(OR(AQ778="À RADIOGRAPHIER",AQ778="RÉPARÉ – À RADIOGRAPHIER",AQ778="NX – RT À REFAIRE"),OR('PROGRAMME RT'!$D$5="TOUTES",B778='PROGRAMME RT'!$D$5)),1,0) -> 1 | AT778: =IF(AS778=1,SUM(AS$7:AS778),"") -> 6 | AU778: =IF(AND(OR(AA778="R",AA778="NX",AA778="NT",AA778="CO"),OR('JOINTS DE RÉPARATION'!$D$5="TOUTES",B778='JOINTS DE RÉPARATION'!$D$5),OR('JOINTS DE RÉPARATION'!$L$4="TOUS",AQ778<>"ACCEPTÉ")),1,0) -> 0 | AV778: =IF(AU778=1,SUM(AU$7:AU778),"") | AW778: =IF(E778="","",B778&"|"&E778) -> MFD-ISW → MFD-CPF|JN°765
A779: =IF(E779="","",ROW()-6) -> 773 | B779: MFD-ISW → MFD-CPF | C779: BRD | D779: 4 | E779: DJ°502 | F779: =IF(E779="","",IF(LEFT(E779,2)="DJ","DJ","JN")) -> DJ | H779: 16" | I779: 9.53 | J779: API 5L_X52 | K779: TFTII-PL04 | L779: 2092040 | M779: 15421109 | N779: 11.94 | O779: 2091970 | P779: 15421109 | Q779: 11.94 | R779: WR-028 | U779: 46289 | V779: 46289 | W779: DJ-VT-045 | X779: A | Y779: 46290 | Z779: DJ-RT-053 | AA779: A | AO779: =IF(E779="","",(AA779<>"")+(AG779<>"")+(AL779<>"")) -> 1 | AP779: =IF(AL779<>"",AL779,IF(AG779<>"",AG779,IF(AA779<>"",AA779,""))) -> A | AQ779: =IF(E779="","",IF(U779="","À SOUDER",IF(X779="","VT EN ATTENTE",IF(X779="R","VT REJETÉ – À REPRENDRE",IF(AP779="","À RADIOGRAPHIER",IF(AP779="A","ACCEPTÉ",IF(AP779="NX","NX – RT À REFAIRE",IF(IF(AO779=1,AD779,IF(AO779=2,AI779,""))="A","RÉPARÉ – À RADIOGRAPHIER",IF(IF(AO779=1,AD779,IF(AO779=2,AI779,""))="R","VT REJETÉ – À REPRENDRE",IF(OR(AP779="CO",AP779="NT"),"COUPE – À RESOUDER","À RÉPARER")))))))))) -> ACCEPTÉ | AR779: =IF(AND(ISNUMBER(U779),OR(AQ779="À RADIOGRAPHIER",AQ779="RÉPARÉ – À RADIOGRAPHIER",AQ779="NX – RT À REFAIRE",AQ779="À RÉPARER",AQ779="COUPE – À RESOUDER",AQ779="VT REJETÉ – À REPRENDRE")),MAX(0,'PROGRAMME RT'!$C$4-U779),"") | AS779: =IF(AND(OR(AQ779="À RADIOGRAPHIER",AQ779="RÉPARÉ – À RADIOGRAPHIER",AQ779="NX – RT À REFAIRE"),OR('PROGRAMME RT'!$D$5="TOUTES",B779='PROGRAMME RT'!$D$5)),1,0) -> 0 | AT779: =IF(AS779=1,SUM(AS$7:AS779),"") | AU779: =IF(AND(OR(AA779="R",AA779="NX",AA779="NT",AA779="CO"),OR('JOINTS DE RÉPARATION'!$D$5="TOUTES",B779='JOINTS DE RÉPARATION'!$D$5),OR('JOINTS DE RÉPARATION'!$L$4="TOUS",AQ779<>"ACCEPTÉ")),1,0) -> 0 | AV779: =IF(AU779=1,SUM(AU$7:AU779),"") | AW779: =IF(E779="","",B779&"|"&E779) -> MFD-ISW → MFD-CPF|DJ°502
A780: =IF(E780="","",ROW()-6) -> 774 | B780: MFD-ISW → MFD-CPF | D780: 4 | E780: JN°766 | F780: =IF(E780="","",IF(LEFT(E780,2)="DJ","DJ","JN")) -> JN | H780: 16" | I780: 9.53 | J780: API 5L_X52 | K780: TFTII-PL03 | L780: 2091970 | M780: 15421109 | N780: 11.94 | O780: 2082570 | P780: 15421104 | Q780: 11.94 | R780: WR-33-51/40-45 | U780: 46291 | V780: 46291 | W780: L-VT-069 | X780: A | AO780: =IF(E780="","",(AA780<>"")+(AG780<>"")+(AL780<>"")) -> 0 | AP780: =IF(AL780<>"",AL780,IF(AG780<>"",AG780,IF(AA780<>"",AA780,""))) | AQ780: =IF(E780="","",IF(U780="","À SOUDER",IF(X780="","VT EN ATTENTE",IF(X780="R","VT REJETÉ – À REPRENDRE",IF(AP780="","À RADIOGRAPHIER",IF(AP780="A","ACCEPTÉ",IF(AP780="NX","NX – RT À REFAIRE",IF(IF(AO780=1,AD780,IF(AO780=2,AI780,""))="A","RÉPARÉ – À RADIOGRAPHIER",IF(IF(AO780=1,AD780,IF(AO780=2,AI780,""))="R","VT REJETÉ – À REPRENDRE",IF(OR(AP780="CO",AP780="NT"),"COUPE – À RESOUDER","À RÉPARER")))))))))) -> À RADIOGRAPHIER | AR780: =IF(AND(ISNUMBER(U780),OR(AQ780="À RADIOGRAPHIER",AQ780="RÉPARÉ – À RADIOGRAPHIER",AQ780="NX – RT À REFAIRE",AQ780="À RÉPARER",AQ780="COUPE – À RESOUDER",AQ780="VT REJETÉ – À REPRENDRE")),MAX(0,'PROGRAMME RT'!$C$4-U780),"") -> 2 | AS780: =IF(AND(OR(AQ780="À RADIOGRAPHIER",AQ780="RÉPARÉ – À RADIOGRAPHIER",AQ780="NX – RT À REFAIRE"),OR('PROGRAMME RT'!$D$5="TOUTES",B780='PROGRAMME RT'!$D$5)),1,0) -> 1 | AT780: =IF(AS780=1,SUM(AS$7:AS780),"") -> 7 | AU780: =IF(AND(OR(AA780="R",AA780="NX",AA780="NT",AA780="CO"),OR('JOINTS DE RÉPARATION'!$D$5="TOUTES",B780='JOINTS DE RÉPARATION'!$D$5),OR('JOINTS DE RÉPARATION'!$L$4="TOUS",AQ780<>"ACCEPTÉ")),1,0) -> 0 | AV780: =IF(AU780=1,SUM(AU$7:AU780),"") | AW780: =IF(E780="","",B780&"|"&E780) -> MFD-ISW → MFD-CPF|JN°766
A781: =IF(E781="","",ROW()-6) -> 775 | B781: MFD-ISW → MFD-CPF | C781: BRD | D781: 4 | E781: DJ°508 | F781: =IF(E781="","",IF(LEFT(E781,2)="DJ","DJ","JN")) -> DJ | H781: 16" | I781: 9.53 | J781: API 5L_X52 | K781: TFTII-PL04 | L781: 2082570 | M781: 15421104 | N781: 11.94 | O781: 2094190 | P781: 15421110 | Q781: 11.94 | R781: WR-040 | U781: 46289 | V781: 46289 | W781: DJ-VT-045 | X781: A | Y781: 46290 | Z781: DJ-RT-053 | AA781: A | AO781: =IF(E781="","",(AA781<>"")+(AG781<>"")+(AL781<>"")) -> 1 | AP781: =IF(AL781<>"",AL781,IF(AG781<>"",AG781,IF(AA781<>"",AA781,""))) -> A | AQ781: =IF(E781="","",IF(U781="","À SOUDER",IF(X781="","VT EN ATTENTE",IF(X781="R","VT REJETÉ – À REPRENDRE",IF(AP781="","À RADIOGRAPHIER",IF(AP781="A","ACCEPTÉ",IF(AP781="NX","NX – RT À REFAIRE",IF(IF(AO781=1,AD781,IF(AO781=2,AI781,""))="A","RÉPARÉ – À RADIOGRAPHIER",IF(IF(AO781=1,AD781,IF(AO781=2,AI781,""))="R","VT REJETÉ – À REPRENDRE",IF(OR(AP781="CO",AP781="NT"),"COUPE – À RESOUDER","À RÉPARER")))))))))) -> ACCEPTÉ | AR781: =IF(AND(ISNUMBER(U781),OR(AQ781="À RADIOGRAPHIER",AQ781="RÉPARÉ – À RADIOGRAPHIER",AQ781="NX – RT À REFAIRE",AQ781="À RÉPARER",AQ781="COUPE – À RESOUDER",AQ781="VT REJETÉ – À REPRENDRE")),MAX(0,'PROGRAMME RT'!$C$4-U781),"") | AS781: =IF(AND(OR(AQ781="À RADIOGRAPHIER",AQ781="RÉPARÉ – À RADIOGRAPHIER",AQ781="NX – RT À REFAIRE"),OR('PROGRAMME RT'!$D$5="TOUTES",B781='PROGRAMME RT'!$D$5)),1,0) -> 0 | AT781: =IF(AS781=1,SUM(AS$7:AS781),"") | AU781: =IF(AND(OR(AA781="R",AA781="NX",AA781="NT",AA781="CO"),OR('JOINTS DE RÉPARATION'!$D$5="TOUTES",B781='JOINTS DE RÉPARATION'!$D$5),OR('JOINTS DE RÉPARATION'!$L$4="TOUS",AQ781<>"ACCEPTÉ")),1,0) -> 0 | AV781: =IF(AU781=1,SUM(AU$7:AU781),"") | AW781: =IF(E781="","",B781&"|"&E781) -> MFD-ISW → MFD-CPF|DJ°508
A782: =IF(E782="","",ROW()-6) -> 776 | B782: MFD-ISW → MFD-CPF | D782: 4 | E782: JN°767 | F782: =IF(E782="","",IF(LEFT(E782,2)="DJ","DJ","JN")) -> JN | H782: 16" | I782: 9.53 | J782: API 5L_X52 | K782: TFTII-PL03 | L782: 2094190 | M782: 15421110 | N782: 11.94 | O782: 2081000 | P782: 15421109 | Q782: 11.94 | R782: WR-33-51/40-45 | U782: 46291 | V782: 46291 | W782: L-VT-069 | X782: A | AO782: =IF(E782="","",(AA782<>"")+(AG782<>"")+(AL782<>"")) -> 0 | AP782: =IF(AL782<>"",AL782,IF(AG782<>"",AG782,IF(AA782<>"",AA782,""))) | AQ782: =IF(E782="","",IF(U782="","À SOUDER",IF(X782="","VT EN ATTENTE",IF(X782="R","VT REJETÉ – À REPRENDRE",IF(AP782="","À RADIOGRAPHIER",IF(AP782="A","ACCEPTÉ",IF(AP782="NX","NX – RT À REFAIRE",IF(IF(AO782=1,AD782,IF(AO782=2,AI782,""))="A","RÉPARÉ – À RADIOGRAPHIER",IF(IF(AO782=1,AD782,IF(AO782=2,AI782,""))="R","VT REJETÉ – À REPRENDRE",IF(OR(AP782="CO",AP782="NT"),"COUPE – À RESOUDER","À RÉPARER")))))))))) -> À RADIOGRAPHIER | AR782: =IF(AND(ISNUMBER(U782),OR(AQ782="À RADIOGRAPHIER",AQ782="RÉPARÉ – À RADIOGRAPHIER",AQ782="NX – RT À REFAIRE",AQ782="À RÉPARER",AQ782="COUPE – À RESOUDER",AQ782="VT REJETÉ – À REPRENDRE")),MAX(0,'PROGRAMME RT'!$C$4-U782),"") -> 2 | AS782: =IF(AND(OR(AQ782="À RADIOGRAPHIER",AQ782="RÉPARÉ – À RADIOGRAPHIER",AQ782="NX – RT À REFAIRE"),OR('PROGRAMME RT'!$D$5="TOUTES",B782='PROGRAMME RT'!$D$5)),1,0) -> 1 | AT782: =IF(AS782=1,SUM(AS$7:AS782),"") -> 8 | AU782: =IF(AND(OR(AA782="R",AA782="NX",AA782="NT",AA782="CO"),OR('JOINTS DE RÉPARATION'!$D$5="TOUTES",B782='JOINTS DE RÉPARATION'!$D$5),OR('JOINTS DE RÉPARATION'!$L$4="TOUS",AQ782<>"ACCEPTÉ")),1,0) -> 0 | AV782: =IF(AU782=1,SUM(AU$7:AU782),"") | AW782: =IF(E782="","",B782&"|"&E782) -> MFD-ISW → MFD-CPF|JN°767
A783: =IF(E783="","",ROW()-6) -> 777 | B783: MFD-ISW → MFD-CPF | C783: BRD | D783: 4 | E783: DJ°504 | F783: =IF(E783="","",IF(LEFT(E783,2)="DJ","DJ","JN")) -> DJ | H783: 16" | I783: 9.53 | J783: API 5L_X52 | K783: TFTII-PL04 | L783: 2081000 | M783: 15421109 | N783: 11.94 | O783: 2097230 | P783: 15421109 | Q783: 11.94 | R783: WR-040 | U783: 46289 | V783: 46289 | W783: DJ-VT-045 | X783: A | Y783: 46291 | Z783: DJ-RT-054 | AA783: A | AO783: =IF(E783="","",(AA783<>"")+(AG783<>"")+(AL783<>"")) -> 1 | AP783: =IF(AL783<>"",AL783,IF(AG783<>"",AG783,IF(AA783<>"",AA783,""))) -> A | AQ783: =IF(E783="","",IF(U783="","À SOUDER",IF(X783="","VT EN ATTENTE",IF(X783="R","VT REJETÉ – À REPRENDRE",IF(AP783="","À RADIOGRAPHIER",IF(AP783="A","ACCEPTÉ",IF(AP783="NX","NX – RT À REFAIRE",IF(IF(AO783=1,AD783,IF(AO783=2,AI783,""))="A","RÉPARÉ – À RADIOGRAPHIER",IF(IF(AO783=1,AD783,IF(AO783=2,AI783,""))="R","VT REJETÉ – À REPRENDRE",IF(OR(AP783="CO",AP783="NT"),"COUPE – À RESOUDER","À RÉPARER")))))))))) -> ACCEPTÉ | AR783: =IF(AND(ISNUMBER(U783),OR(AQ783="À RADIOGRAPHIER",AQ783="RÉPARÉ – À RADIOGRAPHIER",AQ783="NX – RT À REFAIRE",AQ783="À RÉPARER",AQ783="COUPE – À RESOUDER",AQ783="VT REJETÉ – À REPRENDRE")),MAX(0,'PROGRAMME RT'!$C$4-U783),"") | AS783: =IF(AND(OR(AQ783="À RADIOGRAPHIER",AQ783="RÉPARÉ – À RADIOGRAPHIER",AQ783="NX – RT À REFAIRE"),OR('PROGRAMME RT'!$D$5="TOUTES",B783='PROGRAMME RT'!$D$5)),1,0) -> 0 | AT783: =IF(AS783=1,SUM(AS$7:AS783),"") | AU783: =IF(AND(OR(AA783="R",AA783="NX",AA783="NT",AA783="CO"),OR('JOINTS DE RÉPARATION'!$D$5="TOUTES",B783='JOINTS DE RÉPARATION'!$D$5),OR('JOINTS DE RÉPARATION'!$L$4="TOUS",AQ783<>"ACCEPTÉ")),1,0) -> 0 | AV783: =IF(AU783=1,SUM(AU$7:AU783),"") | AW783: =IF(E783="","",B783&"|"&E783) -> MFD-ISW → MFD-CPF|DJ°504
A784: =IF(E784="","",ROW()-6) -> 778 | B784: MFD-ISW → MFD-CPF | D784: 4 | E784: JN°768 | F784: =IF(E784="","",IF(LEFT(E784,2)="DJ","DJ","JN")) -> JN | H784: 16" | I784: 9.53 | J784: API 5L_X52 | K784: TFTII-PL03 | L784: 2097230 | M784: 15421109 | N784: 11.94 | O784: 2085050 | P784: 15421106 | Q784: 11.94 | R784: WR-33-51/40-45 | U784: 46291 | V784: 46291 | W784: L-VT-069 | X784: A | AO784: =IF(E784="","",(AA784<>"")+(AG784<>"")+(AL784<>"")) -> 0 | AP784: =IF(AL784<>"",AL784,IF(AG784<>"",AG784,IF(AA784<>"",AA784,""))) | AQ784: =IF(E784="","",IF(U784="","À SOUDER",IF(X784="","VT EN ATTENTE",IF(X784="R","VT REJETÉ – À REPRENDRE",IF(AP784="","À RADIOGRAPHIER",IF(AP784="A","ACCEPTÉ",IF(AP784="NX","NX – RT À REFAIRE",IF(IF(AO784=1,AD784,IF(AO784=2,AI784,""))="A","RÉPARÉ – À RADIOGRAPHIER",IF(IF(AO784=1,AD784,IF(AO784=2,AI784,""))="R","VT REJETÉ – À REPRENDRE",IF(OR(AP784="CO",AP784="NT"),"COUPE – À RESOUDER","À RÉPARER")))))))))) -> À RADIOGRAPHIER | AR784: =IF(AND(ISNUMBER(U784),OR(AQ784="À RADIOGRAPHIER",AQ784="RÉPARÉ – À RADIOGRAPHIER",AQ784="NX – RT À REFAIRE",AQ784="À RÉPARER",AQ784="COUPE – À RESOUDER",AQ784="VT REJETÉ – À REPRENDRE")),MAX(0,'PROGRAMME RT'!$C$4-U784),"") -> 2 | AS784: =IF(AND(OR(AQ784="À RADIOGRAPHIER",AQ784="RÉPARÉ – À RADIOGRAPHIER",AQ784="NX – RT À REFAIRE"),OR('PROGRAMME RT'!$D$5="TOUTES",B784='PROGRAMME RT'!$D$5)),1,0) -> 1 | AT784: =IF(AS784=1,SUM(AS$7:AS784),"") -> 9 | AU784: =IF(AND(OR(AA784="R",AA784="NX",AA784="NT",AA784="CO"),OR('JOINTS DE RÉPARATION'!$D$5="TOUTES",B784='JOINTS DE RÉPARATION'!$D$5),OR('JOINTS DE RÉPARATION'!$L$4="TOUS",AQ784<>"ACCEPTÉ")),1,0) -> 0 | AV784: =IF(AU784=1,SUM(AU$7:AU784),"") | AW784: =IF(E784="","",B784&"|"&E784) -> MFD-ISW → MFD-CPF|JN°768
A785: =IF(E785="","",ROW()-6) -> 779 | B785: MFD-ISW → MFD-CPF | C785: BRD | D785: 4 | E785: DJ°510 | F785: =IF(E785="","",IF(LEFT(E785,2)="DJ","DJ","JN")) -> DJ | H785: 16" | I785: 9.53 | J785: API 5L_X52 | K785: TFTII-PL04 | L785: 2085050 | M785: 15421106 | N785: 11.94 | O785: 2079150 | P785: 15421102 | Q785: 11.94 | R785: WR-028 | U785: 46289 | V785: 46289 | W785: DJ-VT-045 | X785: A | Y785: 46291 | Z785: DJ-RT-054 | AA785: A | AO785: =IF(E785="","",(AA785<>"")+(AG785<>"")+(AL785<>"")) -> 1 | AP785: =IF(AL785<>"",AL785,IF(AG785<>"",AG785,IF(AA785<>"",AA785,""))) -> A | AQ785: =IF(E785="","",IF(U785="","À SOUDER",IF(X785="","VT EN ATTENTE",IF(X785="R","VT REJETÉ – À REPRENDRE",IF(AP785="","À RADIOGRAPHIER",IF(AP785="A","ACCEPTÉ",IF(AP785="NX","NX – RT À REFAIRE",IF(IF(AO785=1,AD785,IF(AO785=2,AI785,""))="A","RÉPARÉ – À RADIOGRAPHIER",IF(IF(AO785=1,AD785,IF(AO785=2,AI785,""))="R","VT REJETÉ – À REPRENDRE",IF(OR(AP785="CO",AP785="NT"),"COUPE – À RESOUDER","À RÉPARER")))))))))) -> ACCEPTÉ | AR785: =IF(AND(ISNUMBER(U785),OR(AQ785="À RADIOGRAPHIER",AQ785="RÉPARÉ – À RADIOGRAPHIER",AQ785="NX – RT À REFAIRE",AQ785="À RÉPARER",AQ785="COUPE – À RESOUDER",AQ785="VT REJETÉ – À REPRENDRE")),MAX(0,'PROGRAMME RT'!$C$4-U785),"") | AS785: =IF(AND(OR(AQ785="À RADIOGRAPHIER",AQ785="RÉPARÉ – À RADIOGRAPHIER",AQ785="NX – RT À REFAIRE"),OR('PROGRAMME RT'!$D$5="TOUTES",B785='PROGRAMME RT'!$D$5)),1,0) -> 0 | AT785: =IF(AS785=1,SUM(AS$7:AS785),"") | AU785: =IF(AND(OR(AA785="R",AA785="NX",AA785="NT",AA785="CO"),OR('JOINTS DE RÉPARATION'!$D$5="TOUTES",B785='JOINTS DE RÉPARATION'!$D$5),OR('JOINTS DE RÉPARATION'!$L$4="TOUS",AQ785<>"ACCEPTÉ")),1,0) -> 0 | AV785: =IF(AU785=1,SUM(AU$7:AU785),"") | AW785: =IF(E785="","",B785&"|"&E785) -> MFD-ISW → MFD-CPF|DJ°510
A786: =IF(E786="","",ROW()-6) -> 780 | B786: MFD-ISW → MFD-CPF | D786: 4 | E786: JN°769 | F786: =IF(E786="","",IF(LEFT(E786,2)="DJ","DJ","JN")) -> JN | H786: 16" | I786: 9.53 | J786: API 5L_X52 | K786: TFTII-PL03 | L786: 2079150 | M786: 15421102 | N786: 11.94 | O786: 2089800 | P786: 15421108 | Q786: 11.94 | R786: WR-33-51/40-45 | U786: 46291 | V786: 46291 | W786: L-VT-069 | X786: A | AO786: =IF(E786="","",(AA786<>"")+(AG786<>"")+(AL786<>"")) -> 0 | AP786: =IF(AL786<>"",AL786,IF(AG786<>"",AG786,IF(AA786<>"",AA786,""))) | AQ786: =IF(E786="","",IF(U786="","À SOUDER",IF(X786="","VT EN ATTENTE",IF(X786="R","VT REJETÉ – À REPRENDRE",IF(AP786="","À RADIOGRAPHIER",IF(AP786="A","ACCEPTÉ",IF(AP786="NX","NX – RT À REFAIRE",IF(IF(AO786=1,AD786,IF(AO786=2,AI786,""))="A","RÉPARÉ – À RADIOGRAPHIER",IF(IF(AO786=1,AD786,IF(AO786=2,AI786,""))="R","VT REJETÉ – À REPRENDRE",IF(OR(AP786="CO",AP786="NT"),"COUPE – À RESOUDER","À RÉPARER")))))))))) -> À RADIOGRAPHIER | AR786: =IF(AND(ISNUMBER(U786),OR(AQ786="À RADIOGRAPHIER",AQ786="RÉPARÉ – À RADIOGRAPHIER",AQ786="NX – RT À REFAIRE",AQ786="À RÉPARER",AQ786="COUPE – À RESOUDER",AQ786="VT REJETÉ – À REPRENDRE")),MAX(0,'PROGRAMME RT'!$C$4-U786),"") -> 2 | AS786: =IF(AND(OR(AQ786="À RADIOGRAPHIER",AQ786="RÉPARÉ – À RADIOGRAPHIER",AQ786="NX – RT À REFAIRE"),OR('PROGRAMME RT'!$D$5="TOUTES",B786='PROGRAMME RT'!$D$5)),1,0) -> 1 | AT786: =IF(AS786=1,SUM(AS$7:AS786),"") -> 10 | AU786: =IF(AND(OR(AA786="R",AA786="NX",AA786="NT",AA786="CO"),OR('JOINTS DE RÉPARATION'!$D$5="TOUTES",B786='JOINTS DE RÉPARATION'!$D$5),OR('JOINTS DE RÉPARATION'!$L$4="TOUS",AQ786<>"ACCEPTÉ")),1,0) -> 0 | AV786: =IF(AU786=1,SUM(AU$7:AU786),"") | AW786: =IF(E786="","",B786&"|"&E786) -> MFD-ISW → MFD-CPF|JN°769
A787: =IF(E787="","",ROW()-6) -> 781 | B787: MFD-ISW → MFD-CPF | C787: BRD | D787: 4 | E787: DJ°511 | F787: =IF(E787="","",IF(LEFT(E787,2)="DJ","DJ","JN")) -> DJ | H787: 16" | I787: 9.53 | J787: API 5L_X52 | K787: TFTII-PL04 | L787: 2089800 | M787: 15421108 | N787: 11.94 | O787: 2081110 | P787: 15421103 | Q787: 11.94 | R787: WR-041 | U787: 46289 | V787: 46289 | W787: DJ-VT-045 | X787: A | Y787: 46291 | Z787: DJ-RT-054 | AA787: A | AO787: =IF(E787="","",(AA787<>"")+(AG787<>"")+(AL787<>"")) -> 1 | AP787: =IF(AL787<>"",AL787,IF(AG787<>"",AG787,IF(AA787<>"",AA787,""))) -> A | AQ787: =IF(E787="","",IF(U787="","À SOUDER",IF(X787="","VT EN ATTENTE",IF(X787="R","VT REJETÉ – À REPRENDRE",IF(AP787="","À RADIOGRAPHIER",IF(AP787="A","ACCEPTÉ",IF(AP787="NX","NX – RT À REFAIRE",IF(IF(AO787=1,AD787,IF(AO787=2,AI787,""))="A","RÉPARÉ – À RADIOGRAPHIER",IF(IF(AO787=1,AD787,IF(AO787=2,AI787,""))="R","VT REJETÉ – À REPRENDRE",IF(OR(AP787="CO",AP787="NT"),"COUPE – À RESOUDER","À RÉPARER")))))))))) -> ACCEPTÉ | AR787: =IF(AND(ISNUMBER(U787),OR(AQ787="À RADIOGRAPHIER",AQ787="RÉPARÉ – À RADIOGRAPHIER",AQ787="NX – RT À REFAIRE",AQ787="À RÉPARER",AQ787="COUPE – À RESOUDER",AQ787="VT REJETÉ – À REPRENDRE")),MAX(0,'PROGRAMME RT'!$C$4-U787),"") | AS787: =IF(AND(OR(AQ787="À RADIOGRAPHIER",AQ787="RÉPARÉ – À RADIOGRAPHIER",AQ787="NX – RT À REFAIRE"),OR('PROGRAMME RT'!$D$5="TOUTES",B787='PROGRAMME RT'!$D$5)),1,0) -> 0 | AT787: =IF(AS787=1,SUM(AS$7:AS787),"") | AU787: =IF(AND(OR(AA787="R",AA787="NX",AA787="NT",AA787="CO"),OR('JOINTS DE RÉPARATION'!$D$5="TOUTES",B787='JOINTS DE RÉPARATION'!$D$5),OR('JOINTS DE RÉPARATION'!$L$4="TOUS",AQ787<>"ACCEPTÉ")),1,0) -> 0 | AV787: =IF(AU787=1,SUM(AU$7:AU787),"") | AW787: =IF(E787="","",B787&"|"&E787) -> MFD-ISW → MFD-CPF|DJ°511
A788: =IF(E788="","",ROW()-6) -> 782 | B788: MFD-ISW → MFD-CPF | D788: 4 | E788: JN°770 | F788: =IF(E788="","",IF(LEFT(E788,2)="DJ","DJ","JN")) -> JN | H788: 16" | I788: 9.53 | J788: API 5L_X52 | K788: TFTII-PL03 | L788: 2081110 | M788: 15421103 | N788: 11.94 | O788: 2085700 | P788: 15421107 | Q788: 11.94 | R788: WR-33-51/40-45 | U788: 46291 | V788: 46291 | W788: L-VT-069 | X788: A | AO788: =IF(E788="","",(AA788<>"")+(AG788<>"")+(AL788<>"")) -> 0 | AP788: =IF(AL788<>"",AL788,IF(AG788<>"",AG788,IF(AA788<>"",AA788,""))) | AQ788: =IF(E788="","",IF(U788="","À SOUDER",IF(X788="","VT EN ATTENTE",IF(X788="R","VT REJETÉ – À REPRENDRE",IF(AP788="","À RADIOGRAPHIER",IF(AP788="A","ACCEPTÉ",IF(AP788="NX","NX – RT À REFAIRE",IF(IF(AO788=1,AD788,IF(AO788=2,AI788,""))="A","RÉPARÉ – À RADIOGRAPHIER",IF(IF(AO788=1,AD788,IF(AO788=2,AI788,""))="R","VT REJETÉ – À REPRENDRE",IF(OR(AP788="CO",AP788="NT"),"COUPE – À RESOUDER","À RÉPARER")))))))))) -> À RADIOGRAPHIER | AR788: =IF(AND(ISNUMBER(U788),OR(AQ788="À RADIOGRAPHIER",AQ788="RÉPARÉ – À RADIOGRAPHIER",AQ788="NX – RT À REFAIRE",AQ788="À RÉPARER",AQ788="COUPE – À RESOUDER",AQ788="VT REJETÉ – À REPRENDRE")),MAX(0,'PROGRAMME RT'!$C$4-U788),"") -> 2 | AS788: =IF(AND(OR(AQ788="À RADIOGRAPHIER",AQ788="RÉPARÉ – À RADIOGRAPHIER",AQ788="NX – RT À REFAIRE"),OR('PROGRAMME RT'!$D$5="TOUTES",B788='PROGRAMME RT'!$D$5)),1,0) -> 1 | AT788: =IF(AS788=1,SUM(AS$7:AS788),"") -> 11 | AU788: =IF(AND(OR(AA788="R",AA788="NX",AA788="NT",AA788="CO"),OR('JOINTS DE RÉPARATION'!$D$5="TOUTES",B788='JOINTS DE RÉPARATION'!$D$5),OR('JOINTS DE RÉPARATION'!$L$4="TOUS",AQ788<>"ACCEPTÉ")),1,0) -> 0 | AV788: =IF(AU788=1,SUM(AU$7:AU788),"") | AW788: =IF(E788="","",B788&"|"&E788) -> MFD-ISW → MFD-CPF|JN°770
A789: =IF(E789="","",ROW()-6) -> 783 | B789: MFD-ISW → MFD-CPF | C789: BRD | D789: 4 | E789: DJ°519 | F789: =IF(E789="","",IF(LEFT(E789,2)="DJ","DJ","JN")) -> DJ | H789: 16" | I789: 9.53 | J789: API 5L_X52 | K789: TFTII-PL04 | L789: 2085700 | M789: 15421107 | N789: 11.94 | O789: 2078860 | P789: 15421101 | Q789: 11.94 | R789: WR-040 | U789: 46290 | V789: 46290 | W789: DJ-VT-046 | X789: A | Y789: 46291 | Z789: DJ-RT-054 | AA789: A | AO789: =IF(E789="","",(AA789<>"")+(AG789<>"")+(AL789<>"")) -> 1 | AP789: =IF(AL789<>"",AL789,IF(AG789<>"",AG789,IF(AA789<>"",AA789,""))) -> A | AQ789: =IF(E789="","",IF(U789="","À SOUDER",IF(X789="","VT EN ATTENTE",IF(X789="R","VT REJETÉ – À REPRENDRE",IF(AP789="","À RADIOGRAPHIER",IF(AP789="A","ACCEPTÉ",IF(AP789="NX","NX – RT À REFAIRE",IF(IF(AO789=1,AD789,IF(AO789=2,AI789,""))="A","RÉPARÉ – À RADIOGRAPHIER",IF(IF(AO789=1,AD789,IF(AO789=2,AI789,""))="R","VT REJETÉ – À REPRENDRE",IF(OR(AP789="CO",AP789="NT"),"COUPE – À RESOUDER","À RÉPARER")))))))))) -> ACCEPTÉ | AR789: =IF(AND(ISNUMBER(U789),OR(AQ789="À RADIOGRAPHIER",AQ789="RÉPARÉ – À RADIOGRAPHIER",AQ789="NX – RT À REFAIRE",AQ789="À RÉPARER",AQ789="COUPE – À RESOUDER",AQ789="VT REJETÉ – À REPRENDRE")),MAX(0,'PROGRAMME RT'!$C$4-U789),"") | AS789: =IF(AND(OR(AQ789="À RADIOGRAPHIER",AQ789="RÉPARÉ – À RADIOGRAPHIER",AQ789="NX – RT À REFAIRE"),OR('PROGRAMME RT'!$D$5="TOUTES",B789='PROGRAMME RT'!$D$5)),1,0) -> 0 | AT789: =IF(AS789=1,SUM(AS$7:AS789),"") | AU789: =IF(AND(OR(AA789="R",AA789="NX",AA789="NT",AA789="CO"),OR('JOINTS DE RÉPARATION'!$D$5="TOUTES",B789='JOINTS DE RÉPARATION'!$D$5),OR('JOINTS DE RÉPARATION'!$L$4="TOUS",AQ789<>"ACCEPTÉ")),1,0) -> 0 | AV789: =IF(AU789=1,SUM(AU$7:AU789),"") | AW789: =IF(E789="","",B789&"|"&E789) -> MFD-ISW → MFD-CPF|DJ°519
A790: =IF(E790="","",ROW()-6) -> 784 | B790: MFD-ISW → MFD-CPF | D790: 4 | E790: JN°771 | F790: =IF(E790="","",IF(LEFT(E790,2)="DJ","DJ","JN")) -> JN | H790: 16" | I790: 9.53 | J790: API 5L_X52 | K790: TFTII-PL03 | L790: 2078860 | M790: 15421101 | N790: 11.94 | O790: 2093120 | P790: 15421104 | Q790: 11.94 | R790: WR-33-51/40-45 | U790: 46291 | V790: 46291 | W790: L-VT-069 | X790: A | AO790: =IF(E790="","",(AA790<>"")+(AG790<>"")+(AL790<>"")) -> 0 | AP790: =IF(AL790<>"",AL790,IF(AG790<>"",AG790,IF(AA790<>"",AA790,""))) | AQ790: =IF(E790="","",IF(U790="","À SOUDER",IF(X790="","VT EN ATTENTE",IF(X790="R","VT REJETÉ – À REPRENDRE",IF(AP790="","À RADIOGRAPHIER",IF(AP790="A","ACCEPTÉ",IF(AP790="NX","NX – RT À REFAIRE",IF(IF(AO790=1,AD790,IF(AO790=2,AI790,""))="A","RÉPARÉ – À RADIOGRAPHIER",IF(IF(AO790=1,AD790,IF(AO790=2,AI790,""))="R","VT REJETÉ – À REPRENDRE",IF(OR(AP790="CO",AP790="NT"),"COUPE – À RESOUDER","À RÉPARER")))))))))) -> À RADIOGRAPHIER | AR790: =IF(AND(ISNUMBER(U790),OR(AQ790="À RADIOGRAPHIER",AQ790="RÉPARÉ – À RADIOGRAPHIER",AQ790="NX – RT À REFAIRE",AQ790="À RÉPARER",AQ790="COUPE – À RESOUDER",AQ790="VT REJETÉ – À REPRENDRE")),MAX(0,'PROGRAMME RT'!$C$4-U790),"") -> 2 | AS790: =IF(AND(OR(AQ790="À RADIOGRAPHIER",AQ790="RÉPARÉ – À RADIOGRAPHIER",AQ790="NX – RT À REFAIRE"),OR('PROGRAMME RT'!$D$5="TOUTES",B790='PROGRAMME RT'!$D$5)),1,0) -> 1 | AT790: =IF(AS790=1,SUM(AS$7:AS790),"") -> 12 | AU790: =IF(AND(OR(AA790="R",AA790="NX",AA790="NT",AA790="CO"),OR('JOINTS DE RÉPARATION'!$D$5="TOUTES",B790='JOINTS DE RÉPARATION'!$D$5),OR('JOINTS DE RÉPARATION'!$L$4="TOUS",AQ790<>"ACCEPTÉ")),1,0) -> 0 | AV790: =IF(AU790=1,SUM(AU$7:AU790),"") | AW790: =IF(E790="","",B790&"|"&E790) -> MFD-ISW → MFD-CPF|JN°771
A791: =IF(E791="","",ROW()-6) -> 785 | B791: MFD-ISW → MFD-CPF | C791: BRD | D791: 4 | E791: DJ°509 | F791: =IF(E791="","",IF(LEFT(E791,2)="DJ","DJ","JN")) -> DJ | H791: 16" | I791: 9.53 | J791: API 5L_X52 | K791: TFTII-PL04 | L791: 2093120 | M791: 15421104 | N791: 11.94 | O791: 2079630 | P791: 15421110 | Q791: 11.94 | R791: WR-041 | U791: 46289 | V791: 46289 | W791: DJ-VT-045 | X791: A | Y791: 46291 | Z791: DJ-RT-054 | AA791: A | AO791: =IF(E791="","",(AA791<>"")+(AG791<>"")+(AL791<>"")) -> 1 | AP791: =IF(AL791<>"",AL791,IF(AG791<>"",AG791,IF(AA791<>"",AA791,""))) -> A | AQ791: =IF(E791="","",IF(U791="","À SOUDER",IF(X791="","VT EN ATTENTE",IF(X791="R","VT REJETÉ – À REPRENDRE",IF(AP791="","À RADIOGRAPHIER",IF(AP791="A","ACCEPTÉ",IF(AP791="NX","NX – RT À REFAIRE",IF(IF(AO791=1,AD791,IF(AO791=2,AI791,""))="A","RÉPARÉ – À RADIOGRAPHIER",IF(IF(AO791=1,AD791,IF(AO791=2,AI791,""))="R","VT REJETÉ – À REPRENDRE",IF(OR(AP791="CO",AP791="NT"),"COUPE – À RESOUDER","À RÉPARER")))))))))) -> ACCEPTÉ | AR791: =IF(AND(ISNUMBER(U791),OR(AQ791="À RADIOGRAPHIER",AQ791="RÉPARÉ – À RADIOGRAPHIER",AQ791="NX – RT À REFAIRE",AQ791="À RÉPARER",AQ791="COUPE – À RESOUDER",AQ791="VT REJETÉ – À REPRENDRE")),MAX(0,'PROGRAMME RT'!$C$4-U791),"") | AS791: =IF(AND(OR(AQ791="À RADIOGRAPHIER",AQ791="RÉPARÉ – À RADIOGRAPHIER",AQ791="NX – RT À REFAIRE"),OR('PROGRAMME RT'!$D$5="TOUTES",B791='PROGRAMME RT'!$D$5)),1,0) -> 0 | AT791: =IF(AS791=1,SUM(AS$7:AS791),"") | AU791: =IF(AND(OR(AA791="R",AA791="NX",AA791="NT",AA791="CO"),OR('JOINTS DE RÉPARATION'!$D$5="TOUTES",B791='JOINTS DE RÉPARATION'!$D$5),OR('JOINTS DE RÉPARATION'!$L$4="TOUS",AQ791<>"ACCEPTÉ")),1,0) -> 0 | AV791: =IF(AU791=1,SUM(AU$7:AU791),"") | AW791: =IF(E791="","",B791&"|"&E791) -> MFD-ISW → MFD-CPF|DJ°509
A792: =IF(E792="","",ROW()-6) -> 786 | B792: MFD-ISW → MFD-CPF | D792: 4 | E792: JN°772 | F792: =IF(E792="","",IF(LEFT(E792,2)="DJ","DJ","JN")) -> JN | H792: 16" | I792: 9.53 | J792: API 5L_X52 | K792: TFTII-PL03 | L792: 2079630 | M792: 15421110 | N792: 11.94 | O792: 2081080 | P792: 15421103 | Q792: 11.94 | R792: WR-33-51/40-45 | U792: 46291 | V792: 46291 | W792: L-VT-069 | X792: A | AO792: =IF(E792="","",(AA792<>"")+(AG792<>"")+(AL792<>"")) -> 0 | AP792: =IF(AL792<>"",AL792,IF(AG792<>"",AG792,IF(AA792<>"",AA792,""))) | AQ792: =IF(E792="","",IF(U792="","À SOUDER",IF(X792="","VT EN ATTENTE",IF(X792="R","VT REJETÉ – À REPRENDRE",IF(AP792="","À RADIOGRAPHIER",IF(AP792="A","ACCEPTÉ",IF(AP792="NX","NX – RT À REFAIRE",IF(IF(AO792=1,AD792,IF(AO792=2,AI792,""))="A","RÉPARÉ – À RADIOGRAPHIER",IF(IF(AO792=1,AD792,IF(AO792=2,AI792,""))="R","VT REJETÉ – À REPRENDRE",IF(OR(AP792="CO",AP792="NT"),"COUPE – À RESOUDER","À RÉPARER")))))))))) -> À RADIOGRAPHIER | AR792: =IF(AND(ISNUMBER(U792),OR(AQ792="À RADIOGRAPHIER",AQ792="RÉPARÉ – À RADIOGRAPHIER",AQ792="NX – RT À REFAIRE",AQ792="À RÉPARER",AQ792="COUPE – À RESOUDER",AQ792="VT REJETÉ – À REPRENDRE")),MAX(0,'PROGRAMME RT'!$C$4-U792),"") -> 2 | AS792: =IF(AND(OR(AQ792="À RADIOGRAPHIER",AQ792="RÉPARÉ – À RADIOGRAPHIER",AQ792="NX – RT À REFAIRE"),OR('PROGRAMME RT'!$D$5="TOUTES",B792='PROGRAMME RT'!$D$5)),1,0) -> 1 | AT792: =IF(AS792=1,SUM(AS$7:AS792),"") -> 13 | AU792: =IF(AND(OR(AA792="R",AA792="NX",AA792="NT",AA792="CO"),OR('JOINTS DE RÉPARATION'!$D$5="TOUTES",B792='JOINTS DE RÉPARATION'!$D$5),OR('JOINTS DE RÉPARATION'!$L$4="TOUS",AQ792<>"ACCEPTÉ")),1,0) -> 0 | AV792: =IF(AU792=1,SUM(AU$7:AU792),"") | AW792: =IF(E792="","",B792&"|"&E792) -> MFD-ISW → MFD-CPF|JN°772
A793: =IF(E793="","",ROW()-6) -> 787 | B793: MFD-ISW → MFD-CPF | C793: BRD | D793: 4 | E793: DJ°517 | F793: =IF(E793="","",IF(LEFT(E793,2)="DJ","DJ","JN")) -> DJ | H793: 16" | I793: 9.53 | J793: API 5L_X52 | K793: TFTII-PL04 | L793: 2081080 | M793: 15421103 | N793: 11.94 | O793: 2082730 | P793: 15421104 | Q793: 11.94 | R793: WR-028 | U793: 46290 | V793: 46290 | W793: DJ-VT-046 | X793: A | Y793: 46291 | Z793: DJ-RT-054 | AA793: A | AO793: =IF(E793="","",(AA793<>"")+(AG793<>"")+(AL793<>"")) -> 1 | AP793: =IF(AL793<>"",AL793,IF(AG793<>"",AG793,IF(AA793<>"",AA793,""))) -> A | AQ793: =IF(E793="","",IF(U793="","À SOUDER",IF(X793="","VT EN ATTENTE",IF(X793="R","VT REJETÉ – À REPRENDRE",IF(AP793="","À RADIOGRAPHIER",IF(AP793="A","ACCEPTÉ",IF(AP793="NX","NX – RT À REFAIRE",IF(IF(AO793=1,AD793,IF(AO793=2,AI793,""))="A","RÉPARÉ – À RADIOGRAPHIER",IF(IF(AO793=1,AD793,IF(AO793=2,AI793,""))="R","VT REJETÉ – À REPRENDRE",IF(OR(AP793="CO",AP793="NT"),"COUPE – À RESOUDER","À RÉPARER")))))))))) -> ACCEPTÉ | AR793: =IF(AND(ISNUMBER(U793),OR(AQ793="À RADIOGRAPHIER",AQ793="RÉPARÉ – À RADIOGRAPHIER",AQ793="NX – RT À REFAIRE",AQ793="À RÉPARER",AQ793="COUPE – À RESOUDER",AQ793="VT REJETÉ – À REPRENDRE")),MAX(0,'PROGRAMME RT'!$C$4-U793),"") | AS793: =IF(AND(OR(AQ793="À RADIOGRAPHIER",AQ793="RÉPARÉ – À RADIOGRAPHIER",AQ793="NX – RT À REFAIRE"),OR('PROGRAMME RT'!$D$5="TOUTES",B793='PROGRAMME RT'!$D$5)),1,0) -> 0 | AT793: =IF(AS793=1,SUM(AS$7:AS793),"") | AU793: =IF(AND(OR(AA793="R",AA793="NX",AA793="NT",AA793="CO"),OR('JOINTS DE RÉPARATION'!$D$5="TOUTES",B793='JOINTS DE RÉPARATION'!$D$5),OR('JOINTS DE RÉPARATION'!$L$4="TOUS",AQ793<>"ACCEPTÉ")),1,0) -> 0 | AV793: =IF(AU793=1,SUM(AU$7:AU793),"") | AW793: =IF(E793="","",B793&"|"&E793) -> MFD-ISW → MFD-CPF|DJ°517
A794: =IF(E794="","",ROW()-6) -> 788 | B794: MFD-ISW → MFD-CPF | D794: 4 | E794: JN°773 | F794: =IF(E794="","",IF(LEFT(E794,2)="DJ","DJ","JN")) -> JN | H794: 16" | I794: 9.53 | J794: API 5L_X52 | K794: TFTII-PL03 | L794: 2082730 | M794: 15421104 | N794: 11.94 | O794: 2089150 | P794: 15421108 | Q794: 11.94 | R794: WR-33-51/40-45 | U794: 46291 | V794: 46291 | W794: L-VT-069 | X794: A | AO794: =IF(E794="","",(AA794<>"")+(AG794<>"")+(AL794<>"")) -> 0 | AP794: =IF(AL794<>"",AL794,IF(AG794<>"",AG794,IF(AA794<>"",AA794,""))) | AQ794: =IF(E794="","",IF(U794="","À SOUDER",IF(X794="","VT EN ATTENTE",IF(X794="R","VT REJETÉ – À REPRENDRE",IF(AP794="","À RADIOGRAPHIER",IF(AP794="A","ACCEPTÉ",IF(AP794="NX","NX – RT À REFAIRE",IF(IF(AO794=1,AD794,IF(AO794=2,AI794,""))="A","RÉPARÉ – À RADIOGRAPHIER",IF(IF(AO794=1,AD794,IF(AO794=2,AI794,""))="R","VT REJETÉ – À REPRENDRE",IF(OR(AP794="CO",AP794="NT"),"COUPE – À RESOUDER","À RÉPARER")))))))))) -> À RADIOGRAPHIER | AR794: =IF(AND(ISNUMBER(U794),OR(AQ794="À RADIOGRAPHIER",AQ794="RÉPARÉ – À RADIOGRAPHIER",AQ794="NX – RT À REFAIRE",AQ794="À RÉPARER",AQ794="COUPE – À RESOUDER",AQ794="VT REJETÉ – À REPRENDRE")),MAX(0,'PROGRAMME RT'!$C$4-U794),"") -> 2 | AS794: =IF(AND(OR(AQ794="À RADIOGRAPHIER",AQ794="RÉPARÉ – À RADIOGRAPHIER",AQ794="NX – RT À REFAIRE"),OR('PROGRAMME RT'!$D$5="TOUTES",B794='PROGRAMME RT'!$D$5)),1,0) -> 1 | AT794: =IF(AS794=1,SUM(AS$7:AS794),"") -> 14 | AU794: =IF(AND(OR(AA794="R",AA794="NX",AA794="NT",AA794="CO"),OR('JOINTS DE RÉPARATION'!$D$5="TOUTES",B794='JOINTS DE RÉPARATION'!$D$5),OR('JOINTS DE RÉPARATION'!$L$4="TOUS",AQ794<>"ACCEPTÉ")),1,0) -> 0 | AV794: =IF(AU794=1,SUM(AU$7:AU794),"") | AW794: =IF(E794="","",B794&"|"&E794) -> MFD-ISW → MFD-CPF|JN°773
A795: =IF(E795="","",ROW()-6) -> 789 | B795: MFD-ISW → MFD-CPF | C795: BRD | D795: 4 | E795: DJ°521 | F795: =IF(E795="","",IF(LEFT(E795,2)="DJ","DJ","JN")) -> DJ | H795: 16" | I795: 9.53 | J795: API 5L_X52 | K795: TFTII-PL04 | L795: 2089150 | M795: 15421108 | N795: 11.94 | O795: 2087120 | P795: 15421107 | Q795: 11.94 | R795: WR-041 | U795: 46290 | V795: 46290 | W795: DJ-VT-046 | X795: A | Y795: 46291 | Z795: DJ-RT-054 | AA795: A | AO795: =IF(E795="","",(AA795<>"")+(AG795<>"")+(AL795<>"")) -> 1 | AP795: =IF(AL795<>"",AL795,IF(AG795<>"",AG795,IF(AA795<>"",AA795,""))) -> A | AQ795: =IF(E795="","",IF(U795="","À SOUDER",IF(X795="","VT EN ATTENTE",IF(X795="R","VT REJETÉ – À REPRENDRE",IF(AP795="","À RADIOGRAPHIER",IF(AP795="A","ACCEPTÉ",IF(AP795="NX","NX – RT À REFAIRE",IF(IF(AO795=1,AD795,IF(AO795=2,AI795,""))="A","RÉPARÉ – À RADIOGRAPHIER",IF(IF(AO795=1,AD795,IF(AO795=2,AI795,""))="R","VT REJETÉ – À REPRENDRE",IF(OR(AP795="CO",AP795="NT"),"COUPE – À RESOUDER","À RÉPARER")))))))))) -> ACCEPTÉ | AR795: =IF(AND(ISNUMBER(U795),OR(AQ795="À RADIOGRAPHIER",AQ795="RÉPARÉ – À RADIOGRAPHIER",AQ795="NX – RT À REFAIRE",AQ795="À RÉPARER",AQ795="COUPE – À RESOUDER",AQ795="VT REJETÉ – À REPRENDRE")),MAX(0,'PROGRAMME RT'!$C$4-U795),"") | AS795: =IF(AND(OR(AQ795="À RADIOGRAPHIER",AQ795="RÉPARÉ – À RADIOGRAPHIER",AQ795="NX – RT À REFAIRE"),OR('PROGRAMME RT'!$D$5="TOUTES",B795='PROGRAMME RT'!$D$5)),1,0) -> 0 | AT795: =IF(AS795=1,SUM(AS$7:AS795),"") | AU795: =IF(AND(OR(AA795="R",AA795="NX",AA795="NT",AA795="CO"),OR('JOINTS DE RÉPARATION'!$D$5="TOUTES",B795='JOINTS DE RÉPARATION'!$D$5),OR('JOINTS DE RÉPARATION'!$L$4="TOUS",AQ795<>"ACCEPTÉ")),1,0) -> 0 | AV795: =IF(AU795=1,SUM(AU$7:AU795),"") | AW795: =IF(E795="","",B795&"|"&E795) -> MFD-ISW → MFD-CPF|DJ°521
A796: =IF(E796="","",ROW()-6) -> 790 | B796: MFD-ISW → MFD-CPF | D796: 4 | E796: JN°774 | F796: =IF(E796="","",IF(LEFT(E796,2)="DJ","DJ","JN")) -> JN | H796: 16" | I796: 9.53 | J796: API 5L_X52 | K796: TFTII-PL03 | L796: 2087120 | M796: 15421107 | N796: 11.94 | O796: 2089310 | P796: 15421108 | Q796: 11.94 | R796: WR-33-51/40-45 | U796: 46291 | V796: 46291 | W796: L-VT-069 | X796: A | AO796: =IF(E796="","",(AA796<>"")+(AG796<>"")+(AL796<>"")) -> 0 | AP796: =IF(AL796<>"",AL796,IF(AG796<>"",AG796,IF(AA796<>"",AA796,""))) | AQ796: =IF(E796="","",IF(U796="","À SOUDER",IF(X796="","VT EN ATTENTE",IF(X796="R","VT REJETÉ – À REPRENDRE",IF(AP796="","À RADIOGRAPHIER",IF(AP796="A","ACCEPTÉ",IF(AP796="NX","NX – RT À REFAIRE",IF(IF(AO796=1,AD796,IF(AO796=2,AI796,""))="A","RÉPARÉ – À RADIOGRAPHIER",IF(IF(AO796=1,AD796,IF(AO796=2,AI796,""))="R","VT REJETÉ – À REPRENDRE",IF(OR(AP796="CO",AP796="NT"),"COUPE – À RESOUDER","À RÉPARER")))))))))) -> À RADIOGRAPHIER | AR796: =IF(AND(ISNUMBER(U796),OR(AQ796="À RADIOGRAPHIER",AQ796="RÉPARÉ – À RADIOGRAPHIER",AQ796="NX – RT À REFAIRE",AQ796="À RÉPARER",AQ796="COUPE – À RESOUDER",AQ796="VT REJETÉ – À REPRENDRE")),MAX(0,'PROGRAMME RT'!$C$4-U796),"") -> 2 | AS796: =IF(AND(OR(AQ796="À RADIOGRAPHIER",AQ796="RÉPARÉ – À RADIOGRAPHIER",AQ796="NX – RT À REFAIRE"),OR('PROGRAMME RT'!$D$5="TOUTES",B796='PROGRAMME RT'!$D$5)),1,0) -> 1 | AT796: =IF(AS796=1,SUM(AS$7:AS796),"") -> 15 | AU796: =IF(AND(OR(AA796="R",AA796="NX",AA796="NT",AA796="CO"),OR('JOINTS DE RÉPARATION'!$D$5="TOUTES",B796='JOINTS DE RÉPARATION'!$D$5),OR('JOINTS DE RÉPARATION'!$L$4="TOUS",AQ796<>"ACCEPTÉ")),1,0) -> 0 | AV796: =IF(AU796=1,SUM(AU$7:AU796),"") | AW796: =IF(E796="","",B796&"|"&E796) -> MFD-ISW → MFD-CPF|JN°774
A797: =IF(E797="","",ROW()-6) -> 791 | B797: MFD-ISW → MFD-CPF | C797: BRD | D797: 4 | E797: DJ°476 | F797: =IF(E797="","",IF(LEFT(E797,2)="DJ","DJ","JN")) -> DJ | H797: 16" | I797: 9.53 | J797: API 5L_X52 | K797: TFTII-PL04 | L797: 2089310 | M797: 15421108 | N797: 11.94 | O797: 2097900 | P797: 15421112 | Q797: 11.94 | R797: WR-042 | U797: 46286 | V797: 46286 | W797: DJ-VT-042 | X797: A | Y797: 46287 | Z797: DJ-RT-050 | AA797: A | AO797: =IF(E797="","",(AA797<>"")+(AG797<>"")+(AL797<>"")) -> 1 | AP797: =IF(AL797<>"",AL797,IF(AG797<>"",AG797,IF(AA797<>"",AA797,""))) -> A | AQ797: =IF(E797="","",IF(U797="","À SOUDER",IF(X797="","VT EN ATTENTE",IF(X797="R","VT REJETÉ – À REPRENDRE",IF(AP797="","À RADIOGRAPHIER",IF(AP797="A","ACCEPTÉ",IF(AP797="NX","NX – RT À REFAIRE",IF(IF(AO797=1,AD797,IF(AO797=2,AI797,""))="A","RÉPARÉ – À RADIOGRAPHIER",IF(IF(AO797=1,AD797,IF(AO797=2,AI797,""))="R","VT REJETÉ – À REPRENDRE",IF(OR(AP797="CO",AP797="NT"),"COUPE – À RESOUDER","À RÉPARER")))))))))) -> ACCEPTÉ | AR797: =IF(AND(ISNUMBER(U797),OR(AQ797="À RADIOGRAPHIER",AQ797="RÉPARÉ – À RADIOGRAPHIER",AQ797="NX – RT À REFAIRE",AQ797="À RÉPARER",AQ797="COUPE – À RESOUDER",AQ797="VT REJETÉ – À REPRENDRE")),MAX(0,'PROGRAMME RT'!$C$4-U797),"") | AS797: =IF(AND(OR(AQ797="À RADIOGRAPHIER",AQ797="RÉPARÉ – À RADIOGRAPHIER",AQ797="NX – RT À REFAIRE"),OR('PROGRAMME RT'!$D$5="TOUTES",B797='PROGRAMME RT'!$D$5)),1,0) -> 0 | AT797: =IF(AS797=1,SUM(AS$7:AS797),"") | AU797: =IF(AND(OR(AA797="R",AA797="NX",AA797="NT",AA797="CO"),OR('JOINTS DE RÉPARATION'!$D$5="TOUTES",B797='JOINTS DE RÉPARATION'!$D$5),OR('JOINTS DE RÉPARATION'!$L$4="TOUS",AQ797<>"ACCEPTÉ")),1,0) -> 0 | AV797: =IF(AU797=1,SUM(AU$7:AU797),"") | AW797: =IF(E797="","",B797&"|"&E797) -> MFD-ISW → MFD-CPF|DJ°476
A798: =IF(E798="","",ROW()-6) -> 792 | B798: MFD-ISW → MFD-CPF | D798: 4 | E798: JN°775 | F798: =IF(E798="","",IF(LEFT(E798,2)="DJ","DJ","JN")) -> JN | H798: 16" | I798: 9.53 | J798: API 5L_X52 | K798: TFTII-PL03 | L798: 2097900 | M798: 15421112 | N798: 11.94 | O798: 2088790 | P798: 15421108 | Q798: 11.94 | R798: WR-33-51/40-45 | U798: 46291 | V798: 46291 | W798: L-VT-069 | X798: A | AO798: =IF(E798="","",(AA798<>"")+(AG798<>"")+(AL798<>"")) -> 0 | AP798: =IF(AL798<>"",AL798,IF(AG798<>"",AG798,IF(AA798<>"",AA798,""))) | AQ798: =IF(E798="","",IF(U798="","À SOUDER",IF(X798="","VT EN ATTENTE",IF(X798="R","VT REJETÉ – À REPRENDRE",IF(AP798="","À RADIOGRAPHIER",IF(AP798="A","ACCEPTÉ",IF(AP798="NX","NX – RT À REFAIRE",IF(IF(AO798=1,AD798,IF(AO798=2,AI798,""))="A","RÉPARÉ – À RADIOGRAPHIER",IF(IF(AO798=1,AD798,IF(AO798=2,AI798,""))="R","VT REJETÉ – À REPRENDRE",IF(OR(AP798="CO",AP798="NT"),"COUPE – À RESOUDER","À RÉPARER")))))))))) -> À RADIOGRAPHIER | AR798: =IF(AND(ISNUMBER(U798),OR(AQ798="À RADIOGRAPHIER",AQ798="RÉPARÉ – À RADIOGRAPHIER",AQ798="NX – RT À REFAIRE",AQ798="À RÉPARER",AQ798="COUPE – À RESOUDER",AQ798="VT REJETÉ – À REPRENDRE")),MAX(0,'PROGRAMME RT'!$C$4-U798),"") -> 2 | AS798: =IF(AND(OR(AQ798="À RADIOGRAPHIER",AQ798="RÉPARÉ – À RADIOGRAPHIER",AQ798="NX – RT À REFAIRE"),OR('PROGRAMME RT'!$D$5="TOUTES",B798='PROGRAMME RT'!$D$5)),1,0) -> 1 | AT798: =IF(AS798=1,SUM(AS$7:AS798),"") -> 16 | AU798: =IF(AND(OR(AA798="R",AA798="NX",AA798="NT",AA798="CO"),OR('JOINTS DE RÉPARATION'!$D$5="TOUTES",B798='JOINTS DE RÉPARATION'!$D$5),OR('JOINTS DE RÉPARATION'!$L$4="TOUS",AQ798<>"ACCEPTÉ")),1,0) -> 0 | AV798: =IF(AU798=1,SUM(AU$7:AU798),"") | AW798: =IF(E798="","",B798&"|"&E798) -> MFD-ISW → MFD-CPF|JN°775
A799: =IF(E799="","",ROW()-6) -> 793 | B799: MFD-ISW → MFD-CPF | C799: BRD | D799: 4 | E799: DJ°500 | F799: =IF(E799="","",IF(LEFT(E799,2)="DJ","DJ","JN")) -> DJ | H799: 16" | I799: 9.53 | J799: API 5L_X52 | K799: TFTII-PL04 | L799: 2088790 | M799: 15421108 | N799: 11.94 | O799: 2093150 | P799: 15421110 | Q799: 11.94 | R799: WR-041 | U799: 46288 | V799: 46288 | W799: DJ-VT-044 | X799: A | Y799: 46289 | Z799: DJ-RT-052 | AA799: A | AO799: =IF(E799="","",(AA799<>"")+(AG799<>"")+(AL799<>"")) -> 1 | AP799: =IF(AL799<>"",AL799,IF(AG799<>"",AG799,IF(AA799<>"",AA799,""))) -> A | AQ799: =IF(E799="","",IF(U799="","À SOUDER",IF(X799="","VT EN ATTENTE",IF(X799="R","VT REJETÉ – À REPRENDRE",IF(AP799="","À RADIOGRAPHIER",IF(AP799="A","ACCEPTÉ",IF(AP799="NX","NX – RT À REFAIRE",IF(IF(AO799=1,AD799,IF(AO799=2,AI799,""))="A","RÉPARÉ – À RADIOGRAPHIER",IF(IF(AO799=1,AD799,IF(AO799=2,AI799,""))="R","VT REJETÉ – À REPRENDRE",IF(OR(AP799="CO",AP799="NT"),"COUPE – À RESOUDER","À RÉPARER")))))))))) -> ACCEPTÉ | AR799: =IF(AND(ISNUMBER(U799),OR(AQ799="À RADIOGRAPHIER",AQ799="RÉPARÉ – À RADIOGRAPHIER",AQ799="NX – RT À REFAIRE",AQ799="À RÉPARER",AQ799="COUPE – À RESOUDER",AQ799="VT REJETÉ – À REPRENDRE")),MAX(0,'PROGRAMME RT'!$C$4-U799),"") | AS799: =IF(AND(OR(AQ799="À RADIOGRAPHIER",AQ799="RÉPARÉ – À RADIOGRAPHIER",AQ799="NX – RT À REFAIRE"),OR('PROGRAMME RT'!$D$5="TOUTES",B799='PROGRAMME RT'!$D$5)),1,0) -> 0 | AT799: =IF(AS799=1,SUM(AS$7:AS799),"") | AU799: =IF(AND(OR(AA799="R",AA799="NX",AA799="NT",AA799="CO"),OR('JOINTS DE RÉPARATION'!$D$5="TOUTES",B799='JOINTS DE RÉPARATION'!$D$5),OR('JOINTS DE RÉPARATION'!$L$4="TOUS",AQ799<>"ACCEPTÉ")),1,0) -> 0 | AV799: =IF(AU799=1,SUM(AU$7:AU799),"") | AW799: =IF(E799="","",B799&"|"&E799) -> MFD-ISW → MFD-CPF|DJ°500
A800: =IF(E800="","",ROW()-6) -> 794 | B800: MFD-ISW → MFD-CPF | C800: N-S | D800: 4 | E800: JN°776 | F800: =IF(E800="","",IF(LEFT(E800,2)="DJ","DJ","JN")) -> JN | H800: 16" | I800: 9.53 | J800: API 5L_X52 | AO800: =IF(E800="","",(AA800<>"")+(AG800<>"")+(AL800<>"")) -> 0 | AP800: =IF(AL800<>"",AL800,IF(AG800<>"",AG800,IF(AA800<>"",AA800,""))) | AQ800: =IF(E800="","",IF(U800="","À SOUDER",IF(X800="","VT EN ATTENTE",IF(X800="R","VT REJETÉ – À REPRENDRE",IF(AP800="","À RADIOGRAPHIER",IF(AP800="A","ACCEPTÉ",IF(AP800="NX","NX – RT À REFAIRE",IF(IF(AO800=1,AD800,IF(AO800=2,AI800,""))="A","RÉPARÉ – À RADIOGRAPHIER",IF(IF(AO800=1,AD800,IF(AO800=2,AI800,""))="R","VT REJETÉ – À REPRENDRE",IF(OR(AP800="CO",AP800="NT"),"COUPE – À RESOUDER","À RÉPARER")))))))))) -> À SOUDER | AR800: =IF(AND(ISNUMBER(U800),OR(AQ800="À RADIOGRAPHIER",AQ800="RÉPARÉ – À RADIOGRAPHIER",AQ800="NX – RT À REFAIRE",AQ800="À RÉPARER",AQ800="COUPE – À RESOUDER",AQ800="VT REJETÉ – À REPRENDRE")),MAX(0,'PROGRAMME RT'!$C$4-U800),"") | AS800: =IF(AND(OR(AQ800="À RADIOGRAPHIER",AQ800="RÉPARÉ – À RADIOGRAPHIER",AQ800="NX – RT À REFAIRE"),OR('PROGRAMME RT'!$D$5="TOUTES",B800='PROGRAMME RT'!$D$5)),1,0) -> 0 | AT800: =IF(AS800=1,SUM(AS$7:AS800),"") | AU800: =IF(AND(OR(AA800="R",AA800="NX",AA800="NT",AA800="CO"),OR('JOINTS DE RÉPARATION'!$D$5="TOUTES",B800='JOINTS DE RÉPARATION'!$D$5),OR('JOINTS DE RÉPARATION'!$L$4="TOUS",AQ800<>"ACCEPTÉ")),1,0) -> 0 | AV800: =IF(AU800=1,SUM(AU$7:AU800),"") | AW800: =IF(E800="","",B800&"|"&E800) -> MFD-ISW → MFD-CPF|JN°776
A801: =IF(E801="","",ROW()-6) -> 795 | B801: MFD-ISW → MFD-CPF | C801: N-S | D801: 4 | E801: JN°777 | F801: =IF(E801="","",IF(LEFT(E801,2)="DJ","DJ","JN")) -> JN | H801: 16" | I801: 9.53 | J801: API 5L_X52 | AO801: =IF(E801="","",(AA801<>"")+(AG801<>"")+(AL801<>"")) -> 0 | AP801: =IF(AL801<>"",AL801,IF(AG801<>"",AG801,IF(AA801<>"",AA801,""))) | AQ801: =IF(E801="","",IF(U801="","À SOUDER",IF(X801="","VT EN ATTENTE",IF(X801="R","VT REJETÉ – À REPRENDRE",IF(AP801="","À RADIOGRAPHIER",IF(AP801="A","ACCEPTÉ",IF(AP801="NX","NX – RT À REFAIRE",IF(IF(AO801=1,AD801,IF(AO801=2,AI801,""))="A","RÉPARÉ – À RADIOGRAPHIER",IF(IF(AO801=1,AD801,IF(AO801=2,AI801,""))="R","VT REJETÉ – À REPRENDRE",IF(OR(AP801="CO",AP801="NT"),"COUPE – À RESOUDER","À RÉPARER")))))))))) -> À SOUDER | AR801: =IF(AND(ISNUMBER(U801),OR(AQ801="À RADIOGRAPHIER",AQ801="RÉPARÉ – À RADIOGRAPHIER",AQ801="NX – RT À REFAIRE",AQ801="À RÉPARER",AQ801="COUPE – À RESOUDER",AQ801="VT REJETÉ – À REPRENDRE")),MAX(0,'PROGRAMME RT'!$C$4-U801),"") | AS801: =IF(AND(OR(AQ801="À RADIOGRAPHIER",AQ801="RÉPARÉ – À RADIOGRAPHIER",AQ801="NX – RT À REFAIRE"),OR('PROGRAMME RT'!$D$5="TOUTES",B801='PROGRAMME RT'!$D$5)),1,0) -> 0 | AT801: =IF(AS801=1,SUM(AS$7:AS801),"") | AU801: =IF(AND(OR(AA801="R",AA801="NX",AA801="NT",AA801="CO"),OR('JOINTS DE RÉPARATION'!$D$5="TOUTES",B801='JOINTS DE RÉPARATION'!$D$5),OR('JOINTS DE RÉPARATION'!$L$4="TOUS",AQ801<>"ACCEPTÉ")),1,0) -> 0 | AV801: =IF(AU801=1,SUM(AU$7:AU801),"") | AW801: =IF(E801="","",B801&"|"&E801) -> MFD-ISW → MFD-CPF|JN°777
A802: =IF(E802="","",ROW()-6) -> 796 | B802: MFD-ISW → MFD-CPF | C802: BRD | D802: 4 | E802: DJ°513 | F802: =IF(E802="","",IF(LEFT(E802,2)="DJ","DJ","JN")) -> DJ | H802: 16" | I802: 9.53 | J802: API 5L_X52 | K802: TFTII-PL04 | L802: 2093220 | M802: 15421110 | N802: 11.94 | O802: 2092840 | P802: 15421110 | Q802: 11.94 | R802: WR-028 | U802: 46289 | V802: 46289 | W802: DJ-VT-045 | X802: A | Y802: 46290 | Z802: DJ-RT-053 | AA802: A | AO802: =IF(E802="","",(AA802<>"")+(AG802<>"")+(AL802<>"")) -> 1 | AP802: =IF(AL802<>"",AL802,IF(AG802<>"",AG802,IF(AA802<>"",AA802,""))) -> A | AQ802: =IF(E802="","",IF(U802="","À SOUDER",IF(X802="","VT EN ATTENTE",IF(X802="R","VT REJETÉ – À REPRENDRE",IF(AP802="","À RADIOGRAPHIER",IF(AP802="A","ACCEPTÉ",IF(AP802="NX","NX – RT À REFAIRE",IF(IF(AO802=1,AD802,IF(AO802=2,AI802,""))="A","RÉPARÉ – À RADIOGRAPHIER",IF(IF(AO802=1,AD802,IF(AO802=2,AI802,""))="R","VT REJETÉ – À REPRENDRE",IF(OR(AP802="CO",AP802="NT"),"COUPE – À RESOUDER","À RÉPARER")))))))))) -> ACCEPTÉ | AR802: =IF(AND(ISNUMBER(U802),OR(AQ802="À RADIOGRAPHIER",AQ802="RÉPARÉ – À RADIOGRAPHIER",AQ802="NX – RT À REFAIRE",AQ802="À RÉPARER",AQ802="COUPE – À RESOUDER",AQ802="VT REJETÉ – À REPRENDRE")),MAX(0,'PROGRAMME RT'!$C$4-U802),"") | AS802: =IF(AND(OR(AQ802="À RADIOGRAPHIER",AQ802="RÉPARÉ – À RADIOGRAPHIER",AQ802="NX – RT À REFAIRE"),OR('PROGRAMME RT'!$D$5="TOUTES",B802='PROGRAMME RT'!$D$5)),1,0) -> 0 | AT802: =IF(AS802=1,SUM(AS$7:AS802),"") | AU802: =IF(AND(OR(AA802="R",AA802="NX",AA802="NT",AA802="CO"),OR('JOINTS DE RÉPARATION'!$D$5="TOUTES",B802='JOINTS DE RÉPARATION'!$D$5),OR('JOINTS DE RÉPARATION'!$L$4="TOUS",AQ802<>"ACCEPTÉ")),1,0) -> 0 | AV802: =IF(AU802=1,SUM(AU$7:AU802),"") | AW802: =IF(E802="","",B802&"|"&E802) -> MFD-ISW → MFD-CPF|DJ°513
A803: =IF(E803="","",ROW()-6) -> 797 | B803: MFD-ISW → MFD-CPF | D803: 4 | E803: JN°778 | F803: =IF(E803="","",IF(LEFT(E803,2)="DJ","DJ","JN")) -> JN | H803: 16" | I803: 9.53 | J803: API 5L_X52 | K803: TFTII-PL03 | L803: 2092840 | M803: 15421110 | N803: 11.94 | O803: 2079260 | P803: 15421102 | Q803: 11.94 | R803: WR-33-51/40-45 | U803: 46291 | V803: 46291 | W803: L-VT-069 | X803: A | AO803: =IF(E803="","",(AA803<>"")+(AG803<>"")+(AL803<>"")) -> 0 | AP803: =IF(AL803<>"",AL803,IF(AG803<>"",AG803,IF(AA803<>"",AA803,""))) | AQ803: =IF(E803="","",IF(U803="","À SOUDER",IF(X803="","VT EN ATTENTE",IF(X803="R","VT REJETÉ – À REPRENDRE",IF(AP803="","À RADIOGRAPHIER",IF(AP803="A","ACCEPTÉ",IF(AP803="NX","NX – RT À REFAIRE",IF(IF(AO803=1,AD803,IF(AO803=2,AI803,""))="A","RÉPARÉ – À RADIOGRAPHIER",IF(IF(AO803=1,AD803,IF(AO803=2,AI803,""))="R","VT REJETÉ – À REPRENDRE",IF(OR(AP803="CO",AP803="NT"),"COUPE – À RESOUDER","À RÉPARER")))))))))) -> À RADIOGRAPHIER | AR803: =IF(AND(ISNUMBER(U803),OR(AQ803="À RADIOGRAPHIER",AQ803="RÉPARÉ – À RADIOGRAPHIER",AQ803="NX – RT À REFAIRE",AQ803="À RÉPARER",AQ803="COUPE – À RESOUDER",AQ803="VT REJETÉ – À REPRENDRE")),MAX(0,'PROGRAMME RT'!$C$4-U803),"") -> 2 | AS803: =IF(AND(OR(AQ803="À RADIOGRAPHIER",AQ803="RÉPARÉ – À RADIOGRAPHIER",AQ803="NX – RT À REFAIRE"),OR('PROGRAMME RT'!$D$5="TOUTES",B803='PROGRAMME RT'!$D$5)),1,0) -> 1 | AT803: =IF(AS803=1,SUM(AS$7:AS803),"") -> 17 | AU803: =IF(AND(OR(AA803="R",AA803="NX",AA803="NT",AA803="CO"),OR('JOINTS DE RÉPARATION'!$D$5="TOUTES",B803='JOINTS DE RÉPARATION'!$D$5),OR('JOINTS DE RÉPARATION'!$L$4="TOUS",AQ803<>"ACCEPTÉ")),1,0) -> 0 | AV803: =IF(AU803=1,SUM(AU$7:AU803),"") | AW803: =IF(E803="","",B803&"|"&E803) -> MFD-ISW → MFD-CPF|JN°778
A804: =IF(E804="","",ROW()-6) -> 798 | B804: MFD-ISW → MFD-CPF | C804: BRD | D804: 4 | E804: DJ°515 | F804: =IF(E804="","",IF(LEFT(E804,2)="DJ","DJ","JN")) -> DJ | H804: 16" | I804: 9.53 | J804: API 5L_X52 | K804: TFTII-PL04 | L804: 2079260 | M804: 15421102 | N804: 11.94 | O804: 2094120 | P804: 15421110 | Q804: 11.94 | R804: WR-040 | U804: 46289 | V804: 46289 | W804: DJ-VT-045 | X804: A | Y804: 46290 | Z804: DJ-RT-053 | AA804: A | AO804: =IF(E804="","",(AA804<>"")+(AG804<>"")+(AL804<>"")) -> 1 | AP804: =IF(AL804<>"",AL804,IF(AG804<>"",AG804,IF(AA804<>"",AA804,""))) -> A | AQ804: =IF(E804="","",IF(U804="","À SOUDER",IF(X804="","VT EN ATTENTE",IF(X804="R","VT REJETÉ – À REPRENDRE",IF(AP804="","À RADIOGRAPHIER",IF(AP804="A","ACCEPTÉ",IF(AP804="NX","NX – RT À REFAIRE",IF(IF(AO804=1,AD804,IF(AO804=2,AI804,""))="A","RÉPARÉ – À RADIOGRAPHIER",IF(IF(AO804=1,AD804,IF(AO804=2,AI804,""))="R","VT REJETÉ – À REPRENDRE",IF(OR(AP804="CO",AP804="NT"),"COUPE – À RESOUDER","À RÉPARER")))))))))) -> ACCEPTÉ | AR804: =IF(AND(ISNUMBER(U804),OR(AQ804="À RADIOGRAPHIER",AQ804="RÉPARÉ – À RADIOGRAPHIER",AQ804="NX – RT À REFAIRE",AQ804="À RÉPARER",AQ804="COUPE – À RESOUDER",AQ804="VT REJETÉ – À REPRENDRE")),MAX(0,'PROGRAMME RT'!$C$4-U804),"") | AS804: =IF(AND(OR(AQ804="À RADIOGRAPHIER",AQ804="RÉPARÉ – À RADIOGRAPHIER",AQ804="NX – RT À REFAIRE"),OR('PROGRAMME RT'!$D$5="TOUTES",B804='PROGRAMME RT'!$D$5)),1,0) -> 0 | AT804: =IF(AS804=1,SUM(AS$7:AS804),"") | AU804: =IF(AND(OR(AA804="R",AA804="NX",AA804="NT",AA804="CO"),OR('JOINTS DE RÉPARATION'!$D$5="TOUTES",B804='JOINTS DE RÉPARATION'!$D$5),OR('JOINTS DE RÉPARATION'!$L$4="TOUS",AQ804<>"ACCEPTÉ")),1,0) -> 0 | AV804: =IF(AU804=1,SUM(AU$7:AU804),"") | AW804: =IF(E804="","",B804&"|"&E804) -> MFD-ISW → MFD-CPF|DJ°515
A805: =IF(E805="","",ROW()-6) -> 799 | B805: MFD-ISW → MFD-CPF | D805: 4 | E805: JN°779 | F805: =IF(E805="","",IF(LEFT(E805,2)="DJ","DJ","JN")) -> JN | H805: 16" | I805: 9.53 | J805: API 5L_X52 | K805: TFTII-PL03 | L805: 2094120 | M805: 15421110 | N805: 11.94 | O805: 2091950 | P805: 15421109 | Q805: 11.94 | R805: WR-33-51/40-45 | U805: 46291 | V805: 46291 | W805: L-VT-069 | X805: A | AO805: =IF(E805="","",(AA805<>"")+(AG805<>"")+(AL805<>"")) -> 0 | AP805: =IF(AL805<>"",AL805,IF(AG805<>"",AG805,IF(AA805<>"",AA805,""))) | AQ805: =IF(E805="","",IF(U805="","À SOUDER",IF(X805="","VT EN ATTENTE",IF(X805="R","VT REJETÉ – À REPRENDRE",IF(AP805="","À RADIOGRAPHIER",IF(AP805="A","ACCEPTÉ",IF(AP805="NX","NX – RT À REFAIRE",IF(IF(AO805=1,AD805,IF(AO805=2,AI805,""))="A","RÉPARÉ – À RADIOGRAPHIER",IF(IF(AO805=1,AD805,IF(AO805=2,AI805,""))="R","VT REJETÉ – À REPRENDRE",IF(OR(AP805="CO",AP805="NT"),"COUPE – À RESOUDER","À RÉPARER")))))))))) -> À RADIOGRAPHIER | AR805: =IF(AND(ISNUMBER(U805),OR(AQ805="À RADIOGRAPHIER",AQ805="RÉPARÉ – À RADIOGRAPHIER",AQ805="NX – RT À REFAIRE",AQ805="À RÉPARER",AQ805="COUPE – À RESOUDER",AQ805="VT REJETÉ – À REPRENDRE")),MAX(0,'PROGRAMME RT'!$C$4-U805),"") -> 2 | AS805: =IF(AND(OR(AQ805="À RADIOGRAPHIER",AQ805="RÉPARÉ – À RADIOGRAPHIER",AQ805="NX – RT À REFAIRE"),OR('PROGRAMME RT'!$D$5="TOUTES",B805='PROGRAMME RT'!$D$5)),1,0) -> 1 | AT805: =IF(AS805=1,SUM(AS$7:AS805),"") -> 18 | AU805: =IF(AND(OR(AA805="R",AA805="NX",AA805="NT",AA805="CO"),OR('JOINTS DE RÉPARATION'!$D$5="TOUTES",B805='JOINTS DE RÉPARATION'!$D$5),OR('JOINTS DE RÉPARATION'!$L$4="TOUS",AQ805<>"ACCEPTÉ")),1,0) -> 0 | AV805: =IF(AU805=1,SUM(AU$7:AU805),"") | AW805: =IF(E805="","",B805&"|"&E805) -> MFD-ISW → MFD-CPF|JN°779
A806: =IF(E806="","",ROW()-6) -> 800 | B806: MFD-ISW → MFD-CPF | C806: BRD | D806: 4 | E806: DJ°514 | F806: =IF(E806="","",IF(LEFT(E806,2)="DJ","DJ","JN")) -> DJ | H806: 16" | I806: 9.53 | J806: API 5L_X52 | K806: TFTII-PL04 | L806: 2091950 | M806: 15421109 | N806: 11.94 | O806: 2093350 | P806: 15421110 | Q806: 11.94 | R806: WR-041 | U806: 46289 | V806: 46289 | W806: DJ-VT-045 | X806: A | Y806: 46290 | Z806: DJ-RT-053 | AA806: A | AO806: =IF(E806="","",(AA806<>"")+(AG806<>"")+(AL806<>"")) -> 1 | AP806: =IF(AL806<>"",AL806,IF(AG806<>"",AG806,IF(AA806<>"",AA806,""))) -> A | AQ806: =IF(E806="","",IF(U806="","À SOUDER",IF(X806="","VT EN ATTENTE",IF(X806="R","VT REJETÉ – À REPRENDRE",IF(AP806="","À RADIOGRAPHIER",IF(AP806="A","ACCEPTÉ",IF(AP806="NX","NX – RT À REFAIRE",IF(IF(AO806=1,AD806,IF(AO806=2,AI806,""))="A","RÉPARÉ – À RADIOGRAPHIER",IF(IF(AO806=1,AD806,IF(AO806=2,AI806,""))="R","VT REJETÉ – À REPRENDRE",IF(OR(AP806="CO",AP806="NT"),"COUPE – À RESOUDER","À RÉPARER")))))))))) -> ACCEPTÉ | AR806: =IF(AND(ISNUMBER(U806),OR(AQ806="À RADIOGRAPHIER",AQ806="RÉPARÉ – À RADIOGRAPHIER",AQ806="NX – RT À REFAIRE",AQ806="À RÉPARER",AQ806="COUPE – À RESOUDER",AQ806="VT REJETÉ – À REPRENDRE")),MAX(0,'PROGRAMME RT'!$C$4-U806),"") | AS806: =IF(AND(OR(AQ806="À RADIOGRAPHIER",AQ806="RÉPARÉ – À RADIOGRAPHIER",AQ806="NX – RT À REFAIRE"),OR('PROGRAMME RT'!$D$5="TOUTES",B806='PROGRAMME RT'!$D$5)),1,0) -> 0 | AT806: =IF(AS806=1,SUM(AS$7:AS806),"") | AU806: =IF(AND(OR(AA806="R",AA806="NX",AA806="NT",AA806="CO"),OR('JOINTS DE RÉPARATION'!$D$5="TOUTES",B806='JOINTS DE RÉPARATION'!$D$5),OR('JOINTS DE RÉPARATION'!$L$4="TOUS",AQ806<>"ACCEPTÉ")),1,0) -> 0 | AV806: =IF(AU806=1,SUM(AU$7:AU806),"") | AW806: =IF(E806="","",B806&"|"&E806) -> MFD-ISW → MFD-CPF|DJ°514
A807: =IF(E807="","",ROW()-6) -> 801 | B807: MFD-ISW → MFD-CPF | D807: 4 | E807: JN°780 | F807: =IF(E807="","",IF(LEFT(E807,2)="DJ","DJ","JN")) -> JN | H807: 16" | I807: 9.53 | J807: API 5L_X52 | K807: TFTII-PL03 | L807: 2093350 | M807: 15421110 | N807: 11.94 | O807: 2087560 | P807: 15421107 | Q807: 11.94 | R807: WR-46-51/33-45 | U807: 46290 | V807: 46290 | W807: L-VT-065 | X807: A | AO807: =IF(E807="","",(AA807<>"")+(AG807<>"")+(AL807<>"")) -> 0 | AP807: =IF(AL807<>"",AL807,IF(AG807<>"",AG807,IF(AA807<>"",AA807,""))) | AQ807: =IF(E807="","",IF(U807="","À SOUDER",IF(X807="","VT EN ATTENTE",IF(X807="R","VT REJETÉ – À REPRENDRE",IF(AP807="","À RADIOGRAPHIER",IF(AP807="A","ACCEPTÉ",IF(AP807="NX","NX – RT À REFAIRE",IF(IF(AO807=1,AD807,IF(AO807=2,AI807,""))="A","RÉPARÉ – À RADIOGRAPHIER",IF(IF(AO807=1,AD807,IF(AO807=2,AI807,""))="R","VT REJETÉ – À REPRENDRE",IF(OR(AP807="CO",AP807="NT"),"COUPE – À RESOUDER","À RÉPARER")))))))))) -> À RADIOGRAPHIER | AR807: =IF(AND(ISNUMBER(U807),OR(AQ807="À RADIOGRAPHIER",AQ807="RÉPARÉ – À RADIOGRAPHIER",AQ807="NX – RT À REFAIRE",AQ807="À RÉPARER",AQ807="COUPE – À RESOUDER",AQ807="VT REJETÉ – À REPRENDRE")),MAX(0,'PROGRAMME RT'!$C$4-U807),"") -> 3 | AS807: =IF(AND(OR(AQ807="À RADIOGRAPHIER",AQ807="RÉPARÉ – À RADIOGRAPHIER",AQ807="NX – RT À REFAIRE"),OR('PROGRAMME RT'!$D$5="TOUTES",B807='PROGRAMME RT'!$D$5)),1,0) -> 1 | AT807: =IF(AS807=1,SUM(AS$7:AS807),"") -> 19 | AU807: =IF(AND(OR(AA807="R",AA807="NX",AA807="NT",AA807="CO"),OR('JOINTS DE RÉPARATION'!$D$5="TOUTES",B807='JOINTS DE RÉPARATION'!$D$5),OR('JOINTS DE RÉPARATION'!$L$4="TOUS",AQ807<>"ACCEPTÉ")),1,0) -> 0 | AV807: =IF(AU807=1,SUM(AU$7:AU807),"") | AW807: =IF(E807="","",B807&"|"&E807) -> MFD-ISW → MFD-CPF|JN°780
A808: =IF(E808="","",ROW()-6) -> 802 | B808: MFD-ISW → MFD-CPF | C808: BRD | D808: 4 | E808: DJ°479 | F808: =IF(E808="","",IF(LEFT(E808,2)="DJ","DJ","JN")) -> DJ | H808: 16" | I808: 9.53 | J808: API 5L_X52 | K808: TFTII-PL04 | L808: 2087560 | M808: 15421107 | N808: 11.94 | O808: 2094130 | P808: 15421110 | Q808: 11.94 | R808: WR-028 | U808: 46287 | V808: 46287 | W808: DJ-VT-043 | X808: A | Y808: 46288 | Z808: DJ-RT-051 | AA808: A | AO808: =IF(E808="","",(AA808<>"")+(AG808<>"")+(AL808<>"")) -> 1 | AP808: =IF(AL808<>"",AL808,IF(AG808<>"",AG808,IF(AA808<>"",AA808,""))) -> A | AQ808: =IF(E808="","",IF(U808="","À SOUDER",IF(X808="","VT EN ATTENTE",IF(X808="R","VT REJETÉ – À REPRENDRE",IF(AP808="","À RADIOGRAPHIER",IF(AP808="A","ACCEPTÉ",IF(AP808="NX","NX – RT À REFAIRE",IF(IF(AO808=1,AD808,IF(AO808=2,AI808,""))="A","RÉPARÉ – À RADIOGRAPHIER",IF(IF(AO808=1,AD808,IF(AO808=2,AI808,""))="R","VT REJETÉ – À REPRENDRE",IF(OR(AP808="CO",AP808="NT"),"COUPE – À RESOUDER","À RÉPARER")))))))))) -> ACCEPTÉ | AR808: =IF(AND(ISNUMBER(U808),OR(AQ808="À RADIOGRAPHIER",AQ808="RÉPARÉ – À RADIOGRAPHIER",AQ808="NX – RT À REFAIRE",AQ808="À RÉPARER",AQ808="COUPE – À RESOUDER",AQ808="VT REJETÉ – À REPRENDRE")),MAX(0,'PROGRAMME RT'!$C$4-U808),"") | AS808: =IF(AND(OR(AQ808="À RADIOGRAPHIER",AQ808="RÉPARÉ – À RADIOGRAPHIER",AQ808="NX – RT À REFAIRE"),OR('PROGRAMME RT'!$D$5="TOUTES",B808='PROGRAMME RT'!$D$5)),1,0) -> 0 | AT808: =IF(AS808=1,SUM(AS$7:AS808),"") | AU808: =IF(AND(OR(AA808="R",AA808="NX",AA808="NT",AA808="CO"),OR('JOINTS DE RÉPARATION'!$D$5="TOUTES",B808='JOINTS DE RÉPARATION'!$D$5),OR('JOINTS DE RÉPARATION'!$L$4="TOUS",AQ808<>"ACCEPTÉ")),1,0) -> 0 | AV808: =IF(AU808=1,SUM(AU$7:AU808),"") | AW808: =IF(E808="","",B808&"|"&E808) -> MFD-ISW → MFD-CPF|DJ°479
A809: =IF(E809="","",ROW()-6) -> 803 | B809: MFD-ISW → MFD-CPF | D809: 4 | E809: JN°781 | F809: =IF(E809="","",IF(LEFT(E809,2)="DJ","DJ","JN")) -> JN | H809: 16" | I809: 9.53 | J809: API 5L_X52 | K809: TFTII-PL03 | L809: 2094130 | M809: 15421110 | N809: 11.94 | O809: 2095100 | P809: 15421102 | Q809: 11.94 | R809: WR-46-51/33-45 | U809: 46290 | V809: 46290 | W809: L-VT-065 | X809: A | AO809: =IF(E809="","",(AA809<>"")+(AG809<>"")+(AL809<>"")) -> 0 | AP809: =IF(AL809<>"",AL809,IF(AG809<>"",AG809,IF(AA809<>"",AA809,""))) | AQ809: =IF(E809="","",IF(U809="","À SOUDER",IF(X809="","VT EN ATTENTE",IF(X809="R","VT REJETÉ – À REPRENDRE",IF(AP809="","À RADIOGRAPHIER",IF(AP809="A","ACCEPTÉ",IF(AP809="NX","NX – RT À REFAIRE",IF(IF(AO809=1,AD809,IF(AO809=2,AI809,""))="A","RÉPARÉ – À RADIOGRAPHIER",IF(IF(AO809=1,AD809,IF(AO809=2,AI809,""))="R","VT REJETÉ – À REPRENDRE",IF(OR(AP809="CO",AP809="NT"),"COUPE – À RESOUDER","À RÉPARER")))))))))) -> À RADIOGRAPHIER | AR809: =IF(AND(ISNUMBER(U809),OR(AQ809="À RADIOGRAPHIER",AQ809="RÉPARÉ – À RADIOGRAPHIER",AQ809="NX – RT À REFAIRE",AQ809="À RÉPARER",AQ809="COUPE – À RESOUDER",AQ809="VT REJETÉ – À REPRENDRE")),MAX(0,'PROGRAMME RT'!$C$4-U809),"") -> 3 | AS809: =IF(AND(OR(AQ809="À RADIOGRAPHIER",AQ809="RÉPARÉ – À RADIOGRAPHIER",AQ809="NX – RT À REFAIRE"),OR('PROGRAMME RT'!$D$5="TOUTES",B809='PROGRAMME RT'!$D$5)),1,0) -> 1 | AT809: =IF(AS809=1,SUM(AS$7:AS809),"") -> 20 | AU809: =IF(AND(OR(AA809="R",AA809="NX",AA809="NT",AA809="CO"),OR('JOINTS DE RÉPARATION'!$D$5="TOUTES",B809='JOINTS DE RÉPARATION'!$D$5),OR('JOINTS DE RÉPARATION'!$L$4="TOUS",AQ809<>"ACCEPTÉ")),1,0) -> 0 | AV809: =IF(AU809=1,SUM(AU$7:AU809),"") | AW809: =IF(E809="","",B809&"|"&E809) -> MFD-ISW → MFD-CPF|JN°781
A810: =IF(E810="","",ROW()-6) -> 804 | B810: MFD-ISW → MFD-CPF | C810: BRD | D810: 4 | E810: DJ°516 | F810: =IF(E810="","",IF(LEFT(E810,2)="DJ","DJ","JN")) -> DJ | H810: 16" | I810: 9.53 | J810: API 5L_X52 | K810: TFTII-PL04 | L810: 2095100 | M810: 15421102 | N810: 11.94 | O810: 2083750 | P810: 15421105 | Q810: 11.94 | R810: WR-040 | U810: 46289 | V810: 46289 | W810: DJ-VT-045 | X810: A | Y810: 46290 | Z810: DJ-RT-053 | AA810: A | AO810: =IF(E810="","",(AA810<>"")+(AG810<>"")+(AL810<>"")) -> 1 | AP810: =IF(AL810<>"",AL810,IF(AG810<>"",AG810,IF(AA810<>"",AA810,""))) -> A | AQ810: =IF(E810="","",IF(U810="","À SOUDER",IF(X810="","VT EN ATTENTE",IF(X810="R","VT REJETÉ – À REPRENDRE",IF(AP810="","À RADIOGRAPHIER",IF(AP810="A","ACCEPTÉ",IF(AP810="NX","NX – RT À REFAIRE",IF(IF(AO810=1,AD810,IF(AO810=2,AI810,""))="A","RÉPARÉ – À RADIOGRAPHIER",IF(IF(AO810=1,AD810,IF(AO810=2,AI810,""))="R","VT REJETÉ – À REPRENDRE",IF(OR(AP810="CO",AP810="NT"),"COUPE – À RESOUDER","À RÉPARER")))))))))) -> ACCEPTÉ | AR810: =IF(AND(ISNUMBER(U810),OR(AQ810="À RADIOGRAPHIER",AQ810="RÉPARÉ – À RADIOGRAPHIER",AQ810="NX – RT À REFAIRE",AQ810="À RÉPARER",AQ810="COUPE – À RESOUDER",AQ810="VT REJETÉ – À REPRENDRE")),MAX(0,'PROGRAMME RT'!$C$4-U810),"") | AS810: =IF(AND(OR(AQ810="À RADIOGRAPHIER",AQ810="RÉPARÉ – À RADIOGRAPHIER",AQ810="NX – RT À REFAIRE"),OR('PROGRAMME RT'!$D$5="TOUTES",B810='PROGRAMME RT'!$D$5)),1,0) -> 0 | AT810: =IF(AS810=1,SUM(AS$7:AS810),"") | AU810: =IF(AND(OR(AA810="R",AA810="NX",AA810="NT",AA810="CO"),OR('JOINTS DE RÉPARATION'!$D$5="TOUTES",B810='JOINTS DE RÉPARATION'!$D$5),OR('JOINTS DE RÉPARATION'!$L$4="TOUS",AQ810<>"ACCEPTÉ")),1,0) -> 0 | AV810: =IF(AU810=1,SUM(AU$7:AU810),"") | AW810: =IF(E810="","",B810&"|"&E810) -> MFD-ISW → MFD-CPF|DJ°516
A811: =IF(E811="","",ROW()-6) -> 805 | B811: MFD-ISW → MFD-CPF | D811: 4 | E811: JN°782 | F811: =IF(E811="","",IF(LEFT(E811,2)="DJ","DJ","JN")) -> JN | H811: 16" | I811: 9.53 | J811: API 5L_X52 | K811: TFTII-PL03 | L811: 2083750 | M811: 15421105 | N811: 11.94 | O811: 2097330 | P811: 15421112 | Q811: 11.94 | R811: WR-46-51/33-45 | U811: 46290 | V811: 46290 | W811: L-VT-065 | X811: A | AO811: =IF(E811="","",(AA811<>"")+(AG811<>"")+(AL811<>"")) -> 0 | AP811: =IF(AL811<>"",AL811,IF(AG811<>"",AG811,IF(AA811<>"",AA811,""))) | AQ811: =IF(E811="","",IF(U811="","À SOUDER",IF(X811="","VT EN ATTENTE",IF(X811="R","VT REJETÉ – À REPRENDRE",IF(AP811="","À RADIOGRAPHIER",IF(AP811="A","ACCEPTÉ",IF(AP811="NX","NX – RT À REFAIRE",IF(IF(AO811=1,AD811,IF(AO811=2,AI811,""))="A","RÉPARÉ – À RADIOGRAPHIER",IF(IF(AO811=1,AD811,IF(AO811=2,AI811,""))="R","VT REJETÉ – À REPRENDRE",IF(OR(AP811="CO",AP811="NT"),"COUPE – À RESOUDER","À RÉPARER")))))))))) -> À RADIOGRAPHIER | AR811: =IF(AND(ISNUMBER(U811),OR(AQ811="À RADIOGRAPHIER",AQ811="RÉPARÉ – À RADIOGRAPHIER",AQ811="NX – RT À REFAIRE",AQ811="À RÉPARER",AQ811="COUPE – À RESOUDER",AQ811="VT REJETÉ – À REPRENDRE")),MAX(0,'PROGRAMME RT'!$C$4-U811),"") -> 3 | AS811: =IF(AND(OR(AQ811="À RADIOGRAPHIER",AQ811="RÉPARÉ – À RADIOGRAPHIER",AQ811="NX – RT À REFAIRE"),OR('PROGRAMME RT'!$D$5="TOUTES",B811='PROGRAMME RT'!$D$5)),1,0) -> 1 | AT811: =IF(AS811=1,SUM(AS$7:AS811),"") -> 21 | AU811: =IF(AND(OR(AA811="R",AA811="NX",AA811="NT",AA811="CO"),OR('JOINTS DE RÉPARATION'!$D$5="TOUTES",B811='JOINTS DE RÉPARATION'!$D$5),OR('JOINTS DE RÉPARATION'!$L$4="TOUS",AQ811<>"ACCEPTÉ")),1,0) -> 0 | AV811: =IF(AU811=1,SUM(AU$7:AU811),"") | AW811: =IF(E811="","",B811&"|"&E811) -> MFD-ISW → MFD-CPF|JN°782
A812: =IF(E812="","",ROW()-6) -> 806 | B812: MFD-ISW → MFD-CPF | C812: BRD | D812: 4 | E812: DJ°501 | F812: =IF(E812="","",IF(LEFT(E812,2)="DJ","DJ","JN")) -> DJ | H812: 16" | I812: 9.53 | J812: API 5L_X52 | K812: TFTII-PL04 | L812: 2097330 | M812: 15421112 | N812: 11.94 | O812: 2094260 | P812: 15421111 | Q812: 11.94 | R812: WR-040 | U812: 46288 | V812: 46288 | W812: DJ-VT-044 | X812: A | Y812: 46289 | Z812: DJ-RT-052 | AA812: A | AO812: =IF(E812="","",(AA812<>"")+(AG812<>"")+(AL812<>"")) -> 1 | AP812: =IF(AL812<>"",AL812,IF(AG812<>"",AG812,IF(AA812<>"",AA812,""))) -> A | AQ812: =IF(E812="","",IF(U812="","À SOUDER",IF(X812="","VT EN ATTENTE",IF(X812="R","VT REJETÉ – À REPRENDRE",IF(AP812="","À RADIOGRAPHIER",IF(AP812="A","ACCEPTÉ",IF(AP812="NX","NX – RT À REFAIRE",IF(IF(AO812=1,AD812,IF(AO812=2,AI812,""))="A","RÉPARÉ – À RADIOGRAPHIER",IF(IF(AO812=1,AD812,IF(AO812=2,AI812,""))="R","VT REJETÉ – À REPRENDRE",IF(OR(AP812="CO",AP812="NT"),"COUPE – À RESOUDER","À RÉPARER")))))))))) -> ACCEPTÉ | AR812: =IF(AND(ISNUMBER(U812),OR(AQ812="À RADIOGRAPHIER",AQ812="RÉPARÉ – À RADIOGRAPHIER",AQ812="NX – RT À REFAIRE",AQ812="À RÉPARER",AQ812="COUPE – À RESOUDER",AQ812="VT REJETÉ – À REPRENDRE")),MAX(0,'PROGRAMME RT'!$C$4-U812),"") | AS812: =IF(AND(OR(AQ812="À RADIOGRAPHIER",AQ812="RÉPARÉ – À RADIOGRAPHIER",AQ812="NX – RT À REFAIRE"),OR('PROGRAMME RT'!$D$5="TOUTES",B812='PROGRAMME RT'!$D$5)),1,0) -> 0 | AT812: =IF(AS812=1,SUM(AS$7:AS812),"") | AU812: =IF(AND(OR(AA812="R",AA812="NX",AA812="NT",AA812="CO"),OR('JOINTS DE RÉPARATION'!$D$5="TOUTES",B812='JOINTS DE RÉPARATION'!$D$5),OR('JOINTS DE RÉPARATION'!$L$4="TOUS",AQ812<>"ACCEPTÉ")),1,0) -> 0 | AV812: =IF(AU812=1,SUM(AU$7:AU812),"") | AW812: =IF(E812="","",B812&"|"&E812) -> MFD-ISW → MFD-CPF|DJ°501
A813: =IF(E813="","",ROW()-6) -> 807 | B813: MFD-ISW → MFD-CPF | D813: 4 | E813: JN°783 | F813: =IF(E813="","",IF(LEFT(E813,2)="DJ","DJ","JN")) -> JN | H813: 16" | I813: 9.53 | J813: API 5L_X52 | K813: TFTII-PL03 | L813: 2094260 | M813: 15421111 | N813: 11.94 | O813: 2087450 | P813: 15421110 | Q813: 11.94 | R813: WR-46-51/33-45 | U813: 46290 | V813: 46290 | W813: L-VT-065 | X813: A | AO813: =IF(E813="","",(AA813<>"")+(AG813<>"")+(AL813<>"")) -> 0 | AP813: =IF(AL813<>"",AL813,IF(AG813<>"",AG813,IF(AA813<>"",AA813,""))) | AQ813: =IF(E813="","",IF(U813="","À SOUDER",IF(X813="","VT EN ATTENTE",IF(X813="R","VT REJETÉ – À REPRENDRE",IF(AP813="","À RADIOGRAPHIER",IF(AP813="A","ACCEPTÉ",IF(AP813="NX","NX – RT À REFAIRE",IF(IF(AO813=1,AD813,IF(AO813=2,AI813,""))="A","RÉPARÉ – À RADIOGRAPHIER",IF(IF(AO813=1,AD813,IF(AO813=2,AI813,""))="R","VT REJETÉ – À REPRENDRE",IF(OR(AP813="CO",AP813="NT"),"COUPE – À RESOUDER","À RÉPARER")))))))))) -> À RADIOGRAPHIER | AR813: =IF(AND(ISNUMBER(U813),OR(AQ813="À RADIOGRAPHIER",AQ813="RÉPARÉ – À RADIOGRAPHIER",AQ813="NX – RT À REFAIRE",AQ813="À RÉPARER",AQ813="COUPE – À RESOUDER",AQ813="VT REJETÉ – À REPRENDRE")),MAX(0,'PROGRAMME RT'!$C$4-U813),"") -> 3 | AS813: =IF(AND(OR(AQ813="À RADIOGRAPHIER",AQ813="RÉPARÉ – À RADIOGRAPHIER",AQ813="NX – RT À REFAIRE"),OR('PROGRAMME RT'!$D$5="TOUTES",B813='PROGRAMME RT'!$D$5)),1,0) -> 1 | AT813: =IF(AS813=1,SUM(AS$7:AS813),"") -> 22 | AU813: =IF(AND(OR(AA813="R",AA813="NX",AA813="NT",AA813="CO"),OR('JOINTS DE RÉPARATION'!$D$5="TOUTES",B813='JOINTS DE RÉPARATION'!$D$5),OR('JOINTS DE RÉPARATION'!$L$4="TOUS",AQ813<>"ACCEPTÉ")),1,0) -> 0 | AV813: =IF(AU813=1,SUM(AU$7:AU813),"") | AW813: =IF(E813="","",B813&"|"&E813) -> MFD-ISW → MFD-CPF|JN°783
A814: =IF(E814="","",ROW()-6) -> 808 | B814: MFD-ISW → MFD-CPF | C814: BRD | D814: 4 | E814: DJ°494 | F814: =IF(E814="","",IF(LEFT(E814,2)="DJ","DJ","JN")) -> DJ | H814: 16" | I814: 9.53 | J814: API 5L_X52 | K814: TFTII-PL04 | L814: 2087450 | M814: 15421110 | N814: 11.94 | O814: 2080970 | P814: 15421109 | Q814: 11.94 | R814: WR-028 | U814: 46288 | V814: 46288 | W814: DJ-VT-044 | X814: A | Y814: 46289 | Z814: DJ-RT-052 | AA814: A | AO814: =IF(E814="","",(AA814<>"")+(AG814<>"")+(AL814<>"")) -> 1 | AP814: =IF(AL814<>"",AL814,IF(AG814<>"",AG814,IF(AA814<>"",AA814,""))) -> A | AQ814: =IF(E814="","",IF(U814="","À SOUDER",IF(X814="","VT EN ATTENTE",IF(X814="R","VT REJETÉ – À REPRENDRE",IF(AP814="","À RADIOGRAPHIER",IF(AP814="A","ACCEPTÉ",IF(AP814="NX","NX – RT À REFAIRE",IF(IF(AO814=1,AD814,IF(AO814=2,AI814,""))="A","RÉPARÉ – À RADIOGRAPHIER",IF(IF(AO814=1,AD814,IF(AO814=2,AI814,""))="R","VT REJETÉ – À REPRENDRE",IF(OR(AP814="CO",AP814="NT"),"COUPE – À RESOUDER","À RÉPARER")))))))))) -> ACCEPTÉ | AR814: =IF(AND(ISNUMBER(U814),OR(AQ814="À RADIOGRAPHIER",AQ814="RÉPARÉ – À RADIOGRAPHIER",AQ814="NX – RT À REFAIRE",AQ814="À RÉPARER",AQ814="COUPE – À RESOUDER",AQ814="VT REJETÉ – À REPRENDRE")),MAX(0,'PROGRAMME RT'!$C$4-U814),"") | AS814: =IF(AND(OR(AQ814="À RADIOGRAPHIER",AQ814="RÉPARÉ – À RADIOGRAPHIER",AQ814="NX – RT À REFAIRE"),OR('PROGRAMME RT'!$D$5="TOUTES",B814='PROGRAMME RT'!$D$5)),1,0) -> 0 | AT814: =IF(AS814=1,SUM(AS$7:AS814),"") | AU814: =IF(AND(OR(AA814="R",AA814="NX",AA814="NT",AA814="CO"),OR('JOINTS DE RÉPARATION'!$D$5="TOUTES",B814='JOINTS DE RÉPARATION'!$D$5),OR('JOINTS DE RÉPARATION'!$L$4="TOUS",AQ814<>"ACCEPTÉ")),1,0) -> 0 | AV814: =IF(AU814=1,SUM(AU$7:AU814),"") | AW814: =IF(E814="","",B814&"|"&E814) -> MFD-ISW → MFD-CPF|DJ°494
A815: =IF(E815="","",ROW()-6) -> 809 | B815: MFD-ISW → MFD-CPF | D815: 4 | E815: JN°784 | F815: =IF(E815="","",IF(LEFT(E815,2)="DJ","DJ","JN")) -> JN | H815: 16" | I815: 9.53 | J815: API 5L_X52 | K815: TFTII-PL03 | L815: 2080970 | M815: 15421109 | N815: 11.94 | O815: 2080960 | P815: 15421103 | Q815: 11.94 | R815: WR-46-51/33-45 | U815: 46290 | V815: 46290 | W815: L-VT-065 | X815: A | AO815: =IF(E815="","",(AA815<>"")+(AG815<>"")+(AL815<>"")) -> 0 | AP815: =IF(AL815<>"",AL815,IF(AG815<>"",AG815,IF(AA815<>"",AA815,""))) | AQ815: =IF(E815="","",IF(U815="","À SOUDER",IF(X815="","VT EN ATTENTE",IF(X815="R","VT REJETÉ – À REPRENDRE",IF(AP815="","À RADIOGRAPHIER",IF(AP815="A","ACCEPTÉ",IF(AP815="NX","NX – RT À REFAIRE",IF(IF(AO815=1,AD815,IF(AO815=2,AI815,""))="A","RÉPARÉ – À RADIOGRAPHIER",IF(IF(AO815=1,AD815,IF(AO815=2,AI815,""))="R","VT REJETÉ – À REPRENDRE",IF(OR(AP815="CO",AP815="NT"),"COUPE – À RESOUDER","À RÉPARER")))))))))) -> À RADIOGRAPHIER | AR815: =IF(AND(ISNUMBER(U815),OR(AQ815="À RADIOGRAPHIER",AQ815="RÉPARÉ – À RADIOGRAPHIER",AQ815="NX – RT À REFAIRE",AQ815="À RÉPARER",AQ815="COUPE – À RESOUDER",AQ815="VT REJETÉ – À REPRENDRE")),MAX(0,'PROGRAMME RT'!$C$4-U815),"") -> 3 | AS815: =IF(AND(OR(AQ815="À RADIOGRAPHIER",AQ815="RÉPARÉ – À RADIOGRAPHIER",AQ815="NX – RT À REFAIRE"),OR('PROGRAMME RT'!$D$5="TOUTES",B815='PROGRAMME RT'!$D$5)),1,0) -> 1 | AT815: =IF(AS815=1,SUM(AS$7:AS815),"") -> 23 | AU815: =IF(AND(OR(AA815="R",AA815="NX",AA815="NT",AA815="CO"),OR('JOINTS DE RÉPARATION'!$D$5="TOUTES",B815='JOINTS DE RÉPARATION'!$D$5),OR('JOINTS DE RÉPARATION'!$L$4="TOUS",AQ815<>"ACCEPTÉ")),1,0) -> 0 | AV815: =IF(AU815=1,SUM(AU$7:AU815),"") | AW815: =IF(E815="","",B815&"|"&E815) -> MFD-ISW → MFD-CPF|JN°784
A816: =IF(E816="","",ROW()-6) -> 810 | B816: MFD-ISW → MFD-CPF | C816: BRD | D816: 4 | E816: DJ°499 | F816: =IF(E816="","",IF(LEFT(E816,2)="DJ","DJ","JN")) -> DJ | H816: 16" | I816: 9.53 | J816: API 5L_X52 | K816: TFTII-PL04 | L816: 2080960 | M816: 15421103 | N816: 11.94 | O816: 2094270 | P816: 15421110 | Q816: 11.94 | R816: WR-028 | U816: 46288 | V816: 46288 | W816: DJ-VT-044 | X816: A | Y816: 46289 | Z816: DJ-RT-052 | AA816: A | AO816: =IF(E816="","",(AA816<>"")+(AG816<>"")+(AL816<>"")) -> 1 | AP816: =IF(AL816<>"",AL816,IF(AG816<>"",AG816,IF(AA816<>"",AA816,""))) -> A | AQ816: =IF(E816="","",IF(U816="","À SOUDER",IF(X816="","VT EN ATTENTE",IF(X816="R","VT REJETÉ – À REPRENDRE",IF(AP816="","À RADIOGRAPHIER",IF(AP816="A","ACCEPTÉ",IF(AP816="NX","NX – RT À REFAIRE",IF(IF(AO816=1,AD816,IF(AO816=2,AI816,""))="A","RÉPARÉ – À RADIOGRAPHIER",IF(IF(AO816=1,AD816,IF(AO816=2,AI816,""))="R","VT REJETÉ – À REPRENDRE",IF(OR(AP816="CO",AP816="NT"),"COUPE – À RESOUDER","À RÉPARER")))))))))) -> ACCEPTÉ | AR816: =IF(AND(ISNUMBER(U816),OR(AQ816="À RADIOGRAPHIER",AQ816="RÉPARÉ – À RADIOGRAPHIER",AQ816="NX – RT À REFAIRE",AQ816="À RÉPARER",AQ816="COUPE – À RESOUDER",AQ816="VT REJETÉ – À REPRENDRE")),MAX(0,'PROGRAMME RT'!$C$4-U816),"") | AS816: =IF(AND(OR(AQ816="À RADIOGRAPHIER",AQ816="RÉPARÉ – À RADIOGRAPHIER",AQ816="NX – RT À REFAIRE"),OR('PROGRAMME RT'!$D$5="TOUTES",B816='PROGRAMME RT'!$D$5)),1,0) -> 0 | AT816: =IF(AS816=1,SUM(AS$7:AS816),"") | AU816: =IF(AND(OR(AA816="R",AA816="NX",AA816="NT",AA816="CO"),OR('JOINTS DE RÉPARATION'!$D$5="TOUTES",B816='JOINTS DE RÉPARATION'!$D$5),OR('JOINTS DE RÉPARATION'!$L$4="TOUS",AQ816<>"ACCEPTÉ")),1,0) -> 0 | AV816: =IF(AU816=1,SUM(AU$7:AU816),"") | AW816: =IF(E816="","",B816&"|"&E816) -> MFD-ISW → MFD-CPF|DJ°499
A817: =IF(E817="","",ROW()-6) -> 811 | B817: MFD-ISW → MFD-CPF | D817: 4 | E817: JN°785 | F817: =IF(E817="","",IF(LEFT(E817,2)="DJ","DJ","JN")) -> JN | H817: 16" | I817: 9.53 | J817: API 5L_X52 | K817: TFTII-PL03 | L817: 2094270 | M817: 15421110 | N817: 11.94 | O817: 2090350 | P817: 15421109 | Q817: 11.94 | R817: WR-46-51/33-45 | U817: 46290 | V817: 46290 | W817: L-VT-065 | X817: A | AO817: =IF(E817="","",(AA817<>"")+(AG817<>"")+(AL817<>"")) -> 0 | AP817: =IF(AL817<>"",AL817,IF(AG817<>"",AG817,IF(AA817<>"",AA817,""))) | AQ817: =IF(E817="","",IF(U817="","À SOUDER",IF(X817="","VT EN ATTENTE",IF(X817="R","VT REJETÉ – À REPRENDRE",IF(AP817="","À RADIOGRAPHIER",IF(AP817="A","ACCEPTÉ",IF(AP817="NX","NX – RT À REFAIRE",IF(IF(AO817=1,AD817,IF(AO817=2,AI817,""))="A","RÉPARÉ – À RADIOGRAPHIER",IF(IF(AO817=1,AD817,IF(AO817=2,AI817,""))="R","VT REJETÉ – À REPRENDRE",IF(OR(AP817="CO",AP817="NT"),"COUPE – À RESOUDER","À RÉPARER")))))))))) -> À RADIOGRAPHIER | AR817: =IF(AND(ISNUMBER(U817),OR(AQ817="À RADIOGRAPHIER",AQ817="RÉPARÉ – À RADIOGRAPHIER",AQ817="NX – RT À REFAIRE",AQ817="À RÉPARER",AQ817="COUPE – À RESOUDER",AQ817="VT REJETÉ – À REPRENDRE")),MAX(0,'PROGRAMME RT'!$C$4-U817),"") -> 3 | AS817: =IF(AND(OR(AQ817="À RADIOGRAPHIER",AQ817="RÉPARÉ – À RADIOGRAPHIER",AQ817="NX – RT À REFAIRE"),OR('PROGRAMME RT'!$D$5="TOUTES",B817='PROGRAMME RT'!$D$5)),1,0) -> 1 | AT817: =IF(AS817=1,SUM(AS$7:AS817),"") -> 24 | AU817: =IF(AND(OR(AA817="R",AA817="NX",AA817="NT",AA817="CO"),OR('JOINTS DE RÉPARATION'!$D$5="TOUTES",B817='JOINTS DE RÉPARATION'!$D$5),OR('JOINTS DE RÉPARATION'!$L$4="TOUS",AQ817<>"ACCEPTÉ")),1,0) -> 0 | AV817: =IF(AU817=1,SUM(AU$7:AU817),"") | AW817: =IF(E817="","",B817&"|"&E817) -> MFD-ISW → MFD-CPF|JN°785
A818: =IF(E818="","",ROW()-6) -> 812 | B818: MFD-ISW → MFD-CPF | C818: BRD | D818: 4 | E818: DJ°496 | F818: =IF(E818="","",IF(LEFT(E818,2)="DJ","DJ","JN")) -> DJ | H818: 16" | I818: 9.53 | J818: API 5L_X52 | K818: TFTII-PL04 | L818: 2090350 | M818: 15421109 | N818: 11.94 | O818: 2090250 | P818: 15421109 | Q818: 11.94 | R818: WR-028 | U818: 46288 | V818: 46288 | W818: DJ-VT-044 | X818: A | Y818: 46289 | Z818: DJ-RT-052 | AA818: A | AO818: =IF(E818="","",(AA818<>"")+(AG818<>"")+(AL818<>"")) -> 1 | AP818: =IF(AL818<>"",AL818,IF(AG818<>"",AG818,IF(AA818<>"",AA818,""))) -> A | AQ818: =IF(E818="","",IF(U818="","À SOUDER",IF(X818="","VT EN ATTENTE",IF(X818="R","VT REJETÉ – À REPRENDRE",IF(AP818="","À RADIOGRAPHIER",IF(AP818="A","ACCEPTÉ",IF(AP818="NX","NX – RT À REFAIRE",IF(IF(AO818=1,AD818,IF(AO818=2,AI818,""))="A","RÉPARÉ – À RADIOGRAPHIER",IF(IF(AO818=1,AD818,IF(AO818=2,AI818,""))="R","VT REJETÉ – À REPRENDRE",IF(OR(AP818="CO",AP818="NT"),"COUPE – À RESOUDER","À RÉPARER")))))))))) -> ACCEPTÉ | AR818: =IF(AND(ISNUMBER(U818),OR(AQ818="À RADIOGRAPHIER",AQ818="RÉPARÉ – À RADIOGRAPHIER",AQ818="NX – RT À REFAIRE",AQ818="À RÉPARER",AQ818="COUPE – À RESOUDER",AQ818="VT REJETÉ – À REPRENDRE")),MAX(0,'PROGRAMME RT'!$C$4-U818),"") | AS818: =IF(AND(OR(AQ818="À RADIOGRAPHIER",AQ818="RÉPARÉ – À RADIOGRAPHIER",AQ818="NX – RT À REFAIRE"),OR('PROGRAMME RT'!$D$5="TOUTES",B818='PROGRAMME RT'!$D$5)),1,0) -> 0 | AT818: =IF(AS818=1,SUM(AS$7:AS818),"") | AU818: =IF(AND(OR(AA818="R",AA818="NX",AA818="NT",AA818="CO"),OR('JOINTS DE RÉPARATION'!$D$5="TOUTES",B818='JOINTS DE RÉPARATION'!$D$5),OR('JOINTS DE RÉPARATION'!$L$4="TOUS",AQ818<>"ACCEPTÉ")),1,0) -> 0 | AV818: =IF(AU818=1,SUM(AU$7:AU818),"") | AW818: =IF(E818="","",B818&"|"&E818) -> MFD-ISW → MFD-CPF|DJ°496
A819: =IF(E819="","",ROW()-6) -> 813 | B819: MFD-ISW → MFD-CPF | D819: 4 | E819: JN°786 | F819: =IF(E819="","",IF(LEFT(E819,2)="DJ","DJ","JN")) -> JN | H819: 16" | I819: 9.53 | J819: API 5L_X52 | K819: TFTII-PL03 | L819: 2090250 | M819: 15421109 | N819: 11.94 | O819: 2094000 | P819: 15421110 | Q819: 11.95 | R819: WR-46-51/33-45 | U819: 46290 | V819: 46290 | W819: L-VT-065 | X819: A | AO819: =IF(E819="","",(AA819<>"")+(AG819<>"")+(AL819<>"")) -> 0 | AP819: =IF(AL819<>"",AL819,IF(AG819<>"",AG819,IF(AA819<>"",AA819,""))) | AQ819: =IF(E819="","",IF(U819="","À SOUDER",IF(X819="","VT EN ATTENTE",IF(X819="R","VT REJETÉ – À REPRENDRE",IF(AP819="","À RADIOGRAPHIER",IF(AP819="A","ACCEPTÉ",IF(AP819="NX","NX – RT À REFAIRE",IF(IF(AO819=1,AD819,IF(AO819=2,AI819,""))="A","RÉPARÉ – À RADIOGRAPHIER",IF(IF(AO819=1,AD819,IF(AO819=2,AI819,""))="R","VT REJETÉ – À REPRENDRE",IF(OR(AP819="CO",AP819="NT"),"COUPE – À RESOUDER","À RÉPARER")))))))))) -> À RADIOGRAPHIER | AR819: =IF(AND(ISNUMBER(U819),OR(AQ819="À RADIOGRAPHIER",AQ819="RÉPARÉ – À RADIOGRAPHIER",AQ819="NX – RT À REFAIRE",AQ819="À RÉPARER",AQ819="COUPE – À RESOUDER",AQ819="VT REJETÉ – À REPRENDRE")),MAX(0,'PROGRAMME RT'!$C$4-U819),"") -> 3 | AS819: =IF(AND(OR(AQ819="À RADIOGRAPHIER",AQ819="RÉPARÉ – À RADIOGRAPHIER",AQ819="NX – RT À REFAIRE"),OR('PROGRAMME RT'!$D$5="TOUTES",B819='PROGRAMME RT'!$D$5)),1,0) -> 1 | AT819: =IF(AS819=1,SUM(AS$7:AS819),"") -> 25 | AU819: =IF(AND(OR(AA819="R",AA819="NX",AA819="NT",AA819="CO"),OR('JOINTS DE RÉPARATION'!$D$5="TOUTES",B819='JOINTS DE RÉPARATION'!$D$5),OR('JOINTS DE RÉPARATION'!$L$4="TOUS",AQ819<>"ACCEPTÉ")),1,0) -> 0 | AV819: =IF(AU819=1,SUM(AU$7:AU819),"") | AW819: =IF(E819="","",B819&"|"&E819) -> MFD-ISW → MFD-CPF|JN°786
A820: =IF(E820="","",ROW()-6) -> 814 | B820: MFD-ISW → MFD-CPF | C820: BRD | D820: 4 | E820: DJ°493 | F820: =IF(E820="","",IF(LEFT(E820,2)="DJ","DJ","JN")) -> DJ | H820: 16" | I820: 9.53 | J820: API 5L_X52 | K820: TFTII-PL04 | L820: 2094000 | M820: 15421110 | N820: 11.95 | O820: 2095740 | P820: 15421111 | Q820: 11.95 | R820: WR-040 | U820: 46288 | V820: 46288 | W820: DJ-VT-044 | X820: A | Y820: 46289 | Z820: DJ-RT-052 | AA820: A | AO820: =IF(E820="","",(AA820<>"")+(AG820<>"")+(AL820<>"")) -> 1 | AP820: =IF(AL820<>"",AL820,IF(AG820<>"",AG820,IF(AA820<>"",AA820,""))) -> A | AQ820: =IF(E820="","",IF(U820="","À SOUDER",IF(X820="","VT EN ATTENTE",IF(X820="R","VT REJETÉ – À REPRENDRE",IF(AP820="","À RADIOGRAPHIER",IF(AP820="A","ACCEPTÉ",IF(AP820="NX","NX – RT À REFAIRE",IF(IF(AO820=1,AD820,IF(AO820=2,AI820,""))="A","RÉPARÉ – À RADIOGRAPHIER",IF(IF(AO820=1,AD820,IF(AO820=2,AI820,""))="R","VT REJETÉ – À REPRENDRE",IF(OR(AP820="CO",AP820="NT"),"COUPE – À RESOUDER","À RÉPARER")))))))))) -> ACCEPTÉ | AR820: =IF(AND(ISNUMBER(U820),OR(AQ820="À RADIOGRAPHIER",AQ820="RÉPARÉ – À RADIOGRAPHIER",AQ820="NX – RT À REFAIRE",AQ820="À RÉPARER",AQ820="COUPE – À RESOUDER",AQ820="VT REJETÉ – À REPRENDRE")),MAX(0,'PROGRAMME RT'!$C$4-U820),"") | AS820: =IF(AND(OR(AQ820="À RADIOGRAPHIER",AQ820="RÉPARÉ – À RADIOGRAPHIER",AQ820="NX – RT À REFAIRE"),OR('PROGRAMME RT'!$D$5="TOUTES",B820='PROGRAMME RT'!$D$5)),1,0) -> 0 | AT820: =IF(AS820=1,SUM(AS$7:AS820),"") | AU820: =IF(AND(OR(AA820="R",AA820="NX",AA820="NT",AA820="CO"),OR('JOINTS DE RÉPARATION'!$D$5="TOUTES",B820='JOINTS DE RÉPARATION'!$D$5),OR('JOINTS DE RÉPARATION'!$L$4="TOUS",AQ820<>"ACCEPTÉ")),1,0) -> 0 | AV820: =IF(AU820=1,SUM(AU$7:AU820),"") | AW820: =IF(E820="","",B820&"|"&E820) -> MFD-ISW → MFD-CPF|DJ°493
A821: =IF(E821="","",ROW()-6) -> 815 | B821: MFD-ISW → MFD-CPF | D821: N,S | E821: JN°787 | F821: =IF(E821="","",IF(LEFT(E821,2)="DJ","DJ","JN")) -> JN | AO821: =IF(E821="","",(AA821<>"")+(AG821<>"")+(AL821<>"")) -> 0 | AP821: =IF(AL821<>"",AL821,IF(AG821<>"",AG821,IF(AA821<>"",AA821,""))) | AQ821: =IF(E821="","",IF(U821="","À SOUDER",IF(X821="","VT EN ATTENTE",IF(X821="R","VT REJETÉ – À REPRENDRE",IF(AP821="","À RADIOGRAPHIER",IF(AP821="A","ACCEPTÉ",IF(AP821="NX","NX – RT À REFAIRE",IF(IF(AO821=1,AD821,IF(AO821=2,AI821,""))="A","RÉPARÉ – À RADIOGRAPHIER",IF(IF(AO821=1,AD821,IF(AO821=2,AI821,""))="R","VT REJETÉ – À REPRENDRE",IF(OR(AP821="CO",AP821="NT"),"COUPE – À RESOUDER","À RÉPARER")))))))))) -> À SOUDER | AR821: =IF(AND(ISNUMBER(U821),OR(AQ821="À RADIOGRAPHIER",AQ821="RÉPARÉ – À RADIOGRAPHIER",AQ821="NX – RT À REFAIRE",AQ821="À RÉPARER",AQ821="COUPE – À RESOUDER",AQ821="VT REJETÉ – À REPRENDRE")),MAX(0,'PROGRAMME RT'!$C$4-U821),"") | AS821: =IF(AND(OR(AQ821="À RADIOGRAPHIER",AQ821="RÉPARÉ – À RADIOGRAPHIER",AQ821="NX – RT À REFAIRE"),OR('PROGRAMME RT'!$D$5="TOUTES",B821='PROGRAMME RT'!$D$5)),1,0) -> 0 | AT821: =IF(AS821=1,SUM(AS$7:AS821),"") | AU821: =IF(AND(OR(AA821="R",AA821="NX",AA821="NT",AA821="CO"),OR('JOINTS DE RÉPARATION'!$D$5="TOUTES",B821='JOINTS DE RÉPARATION'!$D$5),OR('JOINTS DE RÉPARATION'!$L$4="TOUS",AQ821<>"ACCEPTÉ")),1,0) -> 0 | AV821: =IF(AU821=1,SUM(AU$7:AU821),"") | AW821: =IF(E821="","",B821&"|"&E821) -> MFD-ISW → MFD-CPF|JN°787
A822: =IF(E822="","",ROW()-6) -> 816 | B822: MFD-ISW → MFD-CPF | D822: N,S | E822: JN°788 | F822: =IF(E822="","",IF(LEFT(E822,2)="DJ","DJ","JN")) -> JN | AO822: =IF(E822="","",(AA822<>"")+(AG822<>"")+(AL822<>"")) -> 0 | AP822: =IF(AL822<>"",AL822,IF(AG822<>"",AG822,IF(AA822<>"",AA822,""))) | AQ822: =IF(E822="","",IF(U822="","À SOUDER",IF(X822="","VT EN ATTENTE",IF(X822="R","VT REJETÉ – À REPRENDRE",IF(AP822="","À RADIOGRAPHIER",IF(AP822="A","ACCEPTÉ",IF(AP822="NX","NX – RT À REFAIRE",IF(IF(AO822=1,AD822,IF(AO822=2,AI822,""))="A","RÉPARÉ – À RADIOGRAPHIER",IF(IF(AO822=1,AD822,IF(AO822=2,AI822,""))="R","VT REJETÉ – À REPRENDRE",IF(OR(AP822="CO",AP822="NT"),"COUPE – À RESOUDER","À RÉPARER")))))))))) -> À SOUDER | AR822: =IF(AND(ISNUMBER(U822),OR(AQ822="À RADIOGRAPHIER",AQ822="RÉPARÉ – À RADIOGRAPHIER",AQ822="NX – RT À REFAIRE",AQ822="À RÉPARER",AQ822="COUPE – À RESOUDER",AQ822="VT REJETÉ – À REPRENDRE")),MAX(0,'PROGRAMME RT'!$C$4-U822),"") | AS822: =IF(AND(OR(AQ822="À RADIOGRAPHIER",AQ822="RÉPARÉ – À RADIOGRAPHIER",AQ822="NX – RT À REFAIRE"),OR('PROGRAMME RT'!$D$5="TOUTES",B822='PROGRAMME RT'!$D$5)),1,0) -> 0 | AT822: =IF(AS822=1,SUM(AS$7:AS822),"") | AU822: =IF(AND(OR(AA822="R",AA822="NX",AA822="NT",AA822="CO"),OR('JOINTS DE RÉPARATION'!$D$5="TOUTES",B822='JOINTS DE RÉPARATION'!$D$5),OR('JOINTS DE RÉPARATION'!$L$4="TOUS",AQ822<>"ACCEPTÉ")),1,0) -> 0 | AV822: =IF(AU822=1,SUM(AU$7:AU822),"") | AW822: =IF(E822="","",B822&"|"&E822) -> MFD-ISW → MFD-CPF|JN°788
A823: =IF(E823="","",ROW()-6) -> 817 | B823: MFD-ISW → MFD-CPF | D823: N,S | E823: JN°789 | F823: =IF(E823="","",IF(LEFT(E823,2)="DJ","DJ","JN")) -> JN | AO823: =IF(E823="","",(AA823<>"")+(AG823<>"")+(AL823<>"")) -> 0 | AP823: =IF(AL823<>"",AL823,IF(AG823<>"",AG823,IF(AA823<>"",AA823,""))) | AQ823: =IF(E823="","",IF(U823="","À SOUDER",IF(X823="","VT EN ATTENTE",IF(X823="R","VT REJETÉ – À REPRENDRE",IF(AP823="","À RADIOGRAPHIER",IF(AP823="A","ACCEPTÉ",IF(AP823="NX","NX – RT À REFAIRE",IF(IF(AO823=1,AD823,IF(AO823=2,AI823,""))="A","RÉPARÉ – À RADIOGRAPHIER",IF(IF(AO823=1,AD823,IF(AO823=2,AI823,""))="R","VT REJETÉ – À REPRENDRE",IF(OR(AP823="CO",AP823="NT"),"COUPE – À RESOUDER","À RÉPARER")))))))))) -> À SOUDER | AR823: =IF(AND(ISNUMBER(U823),OR(AQ823="À RADIOGRAPHIER",AQ823="RÉPARÉ – À RADIOGRAPHIER",AQ823="NX – RT À REFAIRE",AQ823="À RÉPARER",AQ823="COUPE – À RESOUDER",AQ823="VT REJETÉ – À REPRENDRE")),MAX(0,'PROGRAMME RT'!$C$4-U823),"") | AS823: =IF(AND(OR(AQ823="À RADIOGRAPHIER",AQ823="RÉPARÉ – À RADIOGRAPHIER",AQ823="NX – RT À REFAIRE"),OR('PROGRAMME RT'!$D$5="TOUTES",B823='PROGRAMME RT'!$D$5)),1,0) -> 0 | AT823: =IF(AS823=1,SUM(AS$7:AS823),"") | AU823: =IF(AND(OR(AA823="R",AA823="NX",AA823="NT",AA823="CO"),OR('JOINTS DE RÉPARATION'!$D$5="TOUTES",B823='JOINTS DE RÉPARATION'!$D$5),OR('JOINTS DE RÉPARATION'!$L$4="TOUS",AQ823<>"ACCEPTÉ")),1,0) -> 0 | AV823: =IF(AU823=1,SUM(AU$7:AU823),"") | AW823: =IF(E823="","",B823&"|"&E823) -> MFD-ISW → MFD-CPF|JN°789
A824: =IF(E824="","",ROW()-6) -> 818 | B824: MFD-ISW → MFD-CPF | C824: BRD | D824: 4 | E824: DJ°438 | F824: =IF(E824="","",IF(LEFT(E824,2)="DJ","DJ","JN")) -> DJ | H824: 16" | I824: 9.53 | J824: API 5L_X52 | K824: TFTII-PL04 | L824: 2082890 | M824: 15421105 | N824: 11.94 | O824: 2084800 | P824: 15421106 | Q824: 11.94 | R824: WR-028 | U824: 46284 | V824: 46284 | W824: DJ-VT-039 | X824: A | Y824: 46285 | Z824: DJ-RT-046 | AA824: A | AO824: =IF(E824="","",(AA824<>"")+(AG824<>"")+(AL824<>"")) -> 1 | AP824: =IF(AL824<>"",AL824,IF(AG824<>"",AG824,IF(AA824<>"",AA824,""))) -> A | AQ824: =IF(E824="","",IF(U824="","À SOUDER",IF(X824="","VT EN ATTENTE",IF(X824="R","VT REJETÉ – À REPRENDRE",IF(AP824="","À RADIOGRAPHIER",IF(AP824="A","ACCEPTÉ",IF(AP824="NX","NX – RT À REFAIRE",IF(IF(AO824=1,AD824,IF(AO824=2,AI824,""))="A","RÉPARÉ – À RADIOGRAPHIER",IF(IF(AO824=1,AD824,IF(AO824=2,AI824,""))="R","VT REJETÉ – À REPRENDRE",IF(OR(AP824="CO",AP824="NT"),"COUPE – À RESOUDER","À RÉPARER")))))))))) -> ACCEPTÉ | AR824: =IF(AND(ISNUMBER(U824),OR(AQ824="À RADIOGRAPHIER",AQ824="RÉPARÉ – À RADIOGRAPHIER",AQ824="NX – RT À REFAIRE",AQ824="À RÉPARER",AQ824="COUPE – À RESOUDER",AQ824="VT REJETÉ – À REPRENDRE")),MAX(0,'PROGRAMME RT'!$C$4-U824),"") | AS824: =IF(AND(OR(AQ824="À RADIOGRAPHIER",AQ824="RÉPARÉ – À RADIOGRAPHIER",AQ824="NX – RT À REFAIRE"),OR('PROGRAMME RT'!$D$5="TOUTES",B824='PROGRAMME RT'!$D$5)),1,0) -> 0 | AT824: =IF(AS824=1,SUM(AS$7:AS824),"") | AU824: =IF(AND(OR(AA824="R",AA824="NX",AA824="NT",AA824="CO"),OR('JOINTS DE RÉPARATION'!$D$5="TOUTES",B824='JOINTS DE RÉPARATION'!$D$5),OR('JOINTS DE RÉPARATION'!$L$4="TOUS",AQ824<>"ACCEPTÉ")),1,0) -> 0 | AV824: =IF(AU824=1,SUM(AU$7:AU824),"") | AW824: =IF(E824="","",B824&"|"&E824) -> MFD-ISW → MFD-CPF|DJ°438
A825: =IF(E825="","",ROW()-6) -> 819 | B825: MFD-ISW → MFD-CPF | D825: 4 | E825: JN°790 | F825: =IF(E825="","",IF(LEFT(E825,2)="DJ","DJ","JN")) -> JN | H825: 16" | I825: 9.53 | J825: API 5L_X52 | K825: TFTII-PL03 | L825: 2084800 | M825: 15421106 | N825: 11.94 | O825: 2088770 | P825: 15421105 | Q825: 11.94 | R825: WR-51-46 | U825: 46289 | V825: 46289 | W825: L-VT-065 | X825: A | AO825: =IF(E825="","",(AA825<>"")+(AG825<>"")+(AL825<>"")) -> 0 | AP825: =IF(AL825<>"",AL825,IF(AG825<>"",AG825,IF(AA825<>"",AA825,""))) | AQ825: =IF(E825="","",IF(U825="","À SOUDER",IF(X825="","VT EN ATTENTE",IF(X825="R","VT REJETÉ – À REPRENDRE",IF(AP825="","À RADIOGRAPHIER",IF(AP825="A","ACCEPTÉ",IF(AP825="NX","NX – RT À REFAIRE",IF(IF(AO825=1,AD825,IF(AO825=2,AI825,""))="A","RÉPARÉ – À RADIOGRAPHIER",IF(IF(AO825=1,AD825,IF(AO825=2,AI825,""))="R","VT REJETÉ – À REPRENDRE",IF(OR(AP825="CO",AP825="NT"),"COUPE – À RESOUDER","À RÉPARER")))))))))) -> À RADIOGRAPHIER | AR825: =IF(AND(ISNUMBER(U825),OR(AQ825="À RADIOGRAPHIER",AQ825="RÉPARÉ – À RADIOGRAPHIER",AQ825="NX – RT À REFAIRE",AQ825="À RÉPARER",AQ825="COUPE – À RESOUDER",AQ825="VT REJETÉ – À REPRENDRE")),MAX(0,'PROGRAMME RT'!$C$4-U825),"") -> 4 | AS825: =IF(AND(OR(AQ825="À RADIOGRAPHIER",AQ825="RÉPARÉ – À RADIOGRAPHIER",AQ825="NX – RT À REFAIRE"),OR('PROGRAMME RT'!$D$5="TOUTES",B825='PROGRAMME RT'!$D$5)),1,0) -> 1 | AT825: =IF(AS825=1,SUM(AS$7:AS825),"") -> 26 | AU825: =IF(AND(OR(AA825="R",AA825="NX",AA825="NT",AA825="CO"),OR('JOINTS DE RÉPARATION'!$D$5="TOUTES",B825='JOINTS DE RÉPARATION'!$D$5),OR('JOINTS DE RÉPARATION'!$L$4="TOUS",AQ825<>"ACCEPTÉ")),1,0) -> 0 | AV825: =IF(AU825=1,SUM(AU$7:AU825),"") | AW825: =IF(E825="","",B825&"|"&E825) -> MFD-ISW → MFD-CPF|JN°790
A826: =IF(E826="","",ROW()-6) -> 820 | B826: MFD-ISW → MFD-CPF | C826: BRD | D826: 5 | E826: DJ°497 | F826: =IF(E826="","",IF(LEFT(E826,2)="DJ","DJ","JN")) -> DJ | H826: 16" | I826: 9.53 | J826: API 5L_X52 | K826: TFTII-PL04 | L826: 2088770 | M826: 15421105 | N826: 11.94 | O826: 2094150 | P826: 15421109 | Q826: 11.94 | R826: WR-040 | U826: 46288 | V826: 46288 | W826: DJ-VT-044 | X826: A | Y826: 46289 | Z826: DJ-RT-052 | AA826: A | AO826: =IF(E826="","",(AA826<>"")+(AG826<>"")+(AL826<>"")) -> 1 | AP826: =IF(AL826<>"",AL826,IF(AG826<>"",AG826,IF(AA826<>"",AA826,""))) -> A | AQ826: =IF(E826="","",IF(U826="","À SOUDER",IF(X826="","VT EN ATTENTE",IF(X826="R","VT REJETÉ – À REPRENDRE",IF(AP826="","À RADIOGRAPHIER",IF(AP826="A","ACCEPTÉ",IF(AP826="NX","NX – RT À REFAIRE",IF(IF(AO826=1,AD826,IF(AO826=2,AI826,""))="A","RÉPARÉ – À RADIOGRAPHIER",IF(IF(AO826=1,AD826,IF(AO826=2,AI826,""))="R","VT REJETÉ – À REPRENDRE",IF(OR(AP826="CO",AP826="NT"),"COUPE – À RESOUDER","À RÉPARER")))))))))) -> ACCEPTÉ | AR826: =IF(AND(ISNUMBER(U826),OR(AQ826="À RADIOGRAPHIER",AQ826="RÉPARÉ – À RADIOGRAPHIER",AQ826="NX – RT À REFAIRE",AQ826="À RÉPARER",AQ826="COUPE – À RESOUDER",AQ826="VT REJETÉ – À REPRENDRE")),MAX(0,'PROGRAMME RT'!$C$4-U826),"") | AS826: =IF(AND(OR(AQ826="À RADIOGRAPHIER",AQ826="RÉPARÉ – À RADIOGRAPHIER",AQ826="NX – RT À REFAIRE"),OR('PROGRAMME RT'!$D$5="TOUTES",B826='PROGRAMME RT'!$D$5)),1,0) -> 0 | AT826: =IF(AS826=1,SUM(AS$7:AS826),"") | AU826: =IF(AND(OR(AA826="R",AA826="NX",AA826="NT",AA826="CO"),OR('JOINTS DE RÉPARATION'!$D$5="TOUTES",B826='JOINTS DE RÉPARATION'!$D$5),OR('JOINTS DE RÉPARATION'!$L$4="TOUS",AQ826<>"ACCEPTÉ")),1,0) -> 0 | AV826: =IF(AU826=1,SUM(AU$7:AU826),"") | AW826: =IF(E826="","",B826&"|"&E826) -> MFD-ISW → MFD-CPF|DJ°497
A827: =IF(E827="","",ROW()-6) -> 821 | B827: MFD-ISW → MFD-CPF | D827: 5 | E827: JN°791 | F827: =IF(E827="","",IF(LEFT(E827,2)="DJ","DJ","JN")) -> JN | H827: 16" | I827: 9.53 | J827: API 5L_X52 | K827: TFTII-PL03 | L827: 2094150 | M827: 15421109 | N827: 11.94 | O827: 2095360 | P827: 15421111 | Q827: 11.94 | R827: WR-51-46 | U827: 46289 | V827: 46289 | W827: L-VT-065 | X827: A | AO827: =IF(E827="","",(AA827<>"")+(AG827<>"")+(AL827<>"")) -> 0 | AP827: =IF(AL827<>"",AL827,IF(AG827<>"",AG827,IF(AA827<>"",AA827,""))) | AQ827: =IF(E827="","",IF(U827="","À SOUDER",IF(X827="","VT EN ATTENTE",IF(X827="R","VT REJETÉ – À REPRENDRE",IF(AP827="","À RADIOGRAPHIER",IF(AP827="A","ACCEPTÉ",IF(AP827="NX","NX – RT À REFAIRE",IF(IF(AO827=1,AD827,IF(AO827=2,AI827,""))="A","RÉPARÉ – À RADIOGRAPHIER",IF(IF(AO827=1,AD827,IF(AO827=2,AI827,""))="R","VT REJETÉ – À REPRENDRE",IF(OR(AP827="CO",AP827="NT"),"COUPE – À RESOUDER","À RÉPARER")))))))))) -> À RADIOGRAPHIER | AR827: =IF(AND(ISNUMBER(U827),OR(AQ827="À RADIOGRAPHIER",AQ827="RÉPARÉ – À RADIOGRAPHIER",AQ827="NX – RT À REFAIRE",AQ827="À RÉPARER",AQ827="COUPE – À RESOUDER",AQ827="VT REJETÉ – À REPRENDRE")),MAX(0,'PROGRAMME RT'!$C$4-U827),"") -> 4 | AS827: =IF(AND(OR(AQ827="À RADIOGRAPHIER",AQ827="RÉPARÉ – À RADIOGRAPHIER",AQ827="NX – RT À REFAIRE"),OR('PROGRAMME RT'!$D$5="TOUTES",B827='PROGRAMME RT'!$D$5)),1,0) -> 1 | AT827: =IF(AS827=1,SUM(AS$7:AS827),"") -> 27 | AU827: =IF(AND(OR(AA827="R",AA827="NX",AA827="NT",AA827="CO"),OR('JOINTS DE RÉPARATION'!$D$5="TOUTES",B827='JOINTS DE RÉPARATION'!$D$5),OR('JOINTS DE RÉPARATION'!$L$4="TOUS",AQ827<>"ACCEPTÉ")),1,0) -> 0 | AV827: =IF(AU827=1,SUM(AU$7:AU827),"") | AW827: =IF(E827="","",B827&"|"&E827) -> MFD-ISW → MFD-CPF|JN°791
A828: =IF(E828="","",ROW()-6) -> 822 | B828: MFD-ISW → MFD-CPF | C828: BRD | D828: 5 | E828: DJ°480 | F828: =IF(E828="","",IF(LEFT(E828,2)="DJ","DJ","JN")) -> DJ | H828: 16" | I828: 9.53 | J828: API 5L_X52 | K828: TFTII-PL04 | L828: 2095360 | M828: 15421111 | N828: 11.94 | O828: 2095330 | P828: 15421111 | Q828: 11.94 | R828: WR-039 | U828: 46287 | V828: 46287 | W828: DJ-VT-043 | X828: A | Y828: 46288 | Z828: DJ-RT-051 | AA828: A | AO828: =IF(E828="","",(AA828<>"")+(AG828<>"")+(AL828<>"")) -> 1 | AP828: =IF(AL828<>"",AL828,IF(AG828<>"",AG828,IF(AA828<>"",AA828,""))) -> A | AQ828: =IF(E828="","",IF(U828="","À SOUDER",IF(X828="","VT EN ATTENTE",IF(X828="R","VT REJETÉ – À REPRENDRE",IF(AP828="","À RADIOGRAPHIER",IF(AP828="A","ACCEPTÉ",IF(AP828="NX","NX – RT À REFAIRE",IF(IF(AO828=1,AD828,IF(AO828=2,AI828,""))="A","RÉPARÉ – À RADIOGRAPHIER",IF(IF(AO828=1,AD828,IF(AO828=2,AI828,""))="R","VT REJETÉ – À REPRENDRE",IF(OR(AP828="CO",AP828="NT"),"COUPE – À RESOUDER","À RÉPARER")))))))))) -> ACCEPTÉ | AR828: =IF(AND(ISNUMBER(U828),OR(AQ828="À RADIOGRAPHIER",AQ828="RÉPARÉ – À RADIOGRAPHIER",AQ828="NX – RT À REFAIRE",AQ828="À RÉPARER",AQ828="COUPE – À RESOUDER",AQ828="VT REJETÉ – À REPRENDRE")),MAX(0,'PROGRAMME RT'!$C$4-U828),"") | AS828: =IF(AND(OR(AQ828="À RADIOGRAPHIER",AQ828="RÉPARÉ – À RADIOGRAPHIER",AQ828="NX – RT À REFAIRE"),OR('PROGRAMME RT'!$D$5="TOUTES",B828='PROGRAMME RT'!$D$5)),1,0) -> 0 | AT828: =IF(AS828=1,SUM(AS$7:AS828),"") | AU828: =IF(AND(OR(AA828="R",AA828="NX",AA828="NT",AA828="CO"),OR('JOINTS DE RÉPARATION'!$D$5="TOUTES",B828='JOINTS DE RÉPARATION'!$D$5),OR('JOINTS DE RÉPARATION'!$L$4="TOUS",AQ828<>"ACCEPTÉ")),1,0) -> 0 | AV828: =IF(AU828=1,SUM(AU$7:AU828),"") | AW828: =IF(E828="","",B828&"|"&E828) -> MFD-ISW → MFD-CPF|DJ°480
A829: =IF(E829="","",ROW()-6) -> 823 | B829: MFD-ISW → MFD-CPF | D829: 5 | E829: JN°792 | F829: =IF(E829="","",IF(LEFT(E829,2)="DJ","DJ","JN")) -> JN | H829: 16" | I829: 9.53 | J829: API 5L_X52 | K829: TFTII-PL03 | L829: 2095330 | M829: 15421111 | N829: 11.94 | O829: 2096130 | P829: 15421110 | Q829: 11.94 | R829: WR-51-46 | U829: 46289 | V829: 46289 | W829: L-VT-065 | X829: A | AO829: =IF(E829="","",(AA829<>"")+(AG829<>"")+(AL829<>"")) -> 0 | AP829: =IF(AL829<>"",AL829,IF(AG829<>"",AG829,IF(AA829<>"",AA829,""))) | AQ829: =IF(E829="","",IF(U829="","À SOUDER",IF(X829="","VT EN ATTENTE",IF(X829="R","VT REJETÉ – À REPRENDRE",IF(AP829="","À RADIOGRAPHIER",IF(AP829="A","ACCEPTÉ",IF(AP829="NX","NX – RT À REFAIRE",IF(IF(AO829=1,AD829,IF(AO829=2,AI829,""))="A","RÉPARÉ – À RADIOGRAPHIER",IF(IF(AO829=1,AD829,IF(AO829=2,AI829,""))="R","VT REJETÉ – À REPRENDRE",IF(OR(AP829="CO",AP829="NT"),"COUPE – À RESOUDER","À RÉPARER")))))))))) -> À RADIOGRAPHIER | AR829: =IF(AND(ISNUMBER(U829),OR(AQ829="À RADIOGRAPHIER",AQ829="RÉPARÉ – À RADIOGRAPHIER",AQ829="NX – RT À REFAIRE",AQ829="À RÉPARER",AQ829="COUPE – À RESOUDER",AQ829="VT REJETÉ – À REPRENDRE")),MAX(0,'PROGRAMME RT'!$C$4-U829),"") -> 4 | AS829: =IF(AND(OR(AQ829="À RADIOGRAPHIER",AQ829="RÉPARÉ – À RADIOGRAPHIER",AQ829="NX – RT À REFAIRE"),OR('PROGRAMME RT'!$D$5="TOUTES",B829='PROGRAMME RT'!$D$5)),1,0) -> 1 | AT829: =IF(AS829=1,SUM(AS$7:AS829),"") -> 28 | AU829: =IF(AND(OR(AA829="R",AA829="NX",AA829="NT",AA829="CO"),OR('JOINTS DE RÉPARATION'!$D$5="TOUTES",B829='JOINTS DE RÉPARATION'!$D$5),OR('JOINTS DE RÉPARATION'!$L$4="TOUS",AQ829<>"ACCEPTÉ")),1,0) -> 0 | AV829: =IF(AU829=1,SUM(AU$7:AU829),"") | AW829: =IF(E829="","",B829&"|"&E829) -> MFD-ISW → MFD-CPF|JN°792
A830: =IF(E830="","",ROW()-6) -> 824 | B830: MFD-ISW → MFD-CPF | C830: BRD | D830: 5 | E830: DJ°495 | F830: =IF(E830="","",IF(LEFT(E830,2)="DJ","DJ","JN")) -> DJ | H830: 16" | I830: 9.53 | J830: API 5L_X52 | K830: TFTII-PL04 | L830: 2096130 | M830: 15421110 | N830: 11.94 | O830: 2082340 | P830: 15421104 | Q830: 11.94 | R830: WR-041 | U830: 46288 | V830: 46288 | W830: DJ-VT-044 | X830: A | Y830: 46289 | Z830: DJ-RT-052 | AA830: A | AO830: =IF(E830="","",(AA830<>"")+(AG830<>"")+(AL830<>"")) -> 1 | AP830: =IF(AL830<>"",AL830,IF(AG830<>"",AG830,IF(AA830<>"",AA830,""))) -> A | AQ830: =IF(E830="","",IF(U830="","À SOUDER",IF(X830="","VT EN ATTENTE",IF(X830="R","VT REJETÉ – À REPRENDRE",IF(AP830="","À RADIOGRAPHIER",IF(AP830="A","ACCEPTÉ",IF(AP830="NX","NX – RT À REFAIRE",IF(IF(AO830=1,AD830,IF(AO830=2,AI830,""))="A","RÉPARÉ – À RADIOGRAPHIER",IF(IF(AO830=1,AD830,IF(AO830=2,AI830,""))="R","VT REJETÉ – À REPRENDRE",IF(OR(AP830="CO",AP830="NT"),"COUPE – À RESOUDER","À RÉPARER")))))))))) -> ACCEPTÉ | AR830: =IF(AND(ISNUMBER(U830),OR(AQ830="À RADIOGRAPHIER",AQ830="RÉPARÉ – À RADIOGRAPHIER",AQ830="NX – RT À REFAIRE",AQ830="À RÉPARER",AQ830="COUPE – À RESOUDER",AQ830="VT REJETÉ – À REPRENDRE")),MAX(0,'PROGRAMME RT'!$C$4-U830),"") | AS830: =IF(AND(OR(AQ830="À RADIOGRAPHIER",AQ830="RÉPARÉ – À RADIOGRAPHIER",AQ830="NX – RT À REFAIRE"),OR('PROGRAMME RT'!$D$5="TOUTES",B830='PROGRAMME RT'!$D$5)),1,0) -> 0 | AT830: =IF(AS830=1,SUM(AS$7:AS830),"") | AU830: =IF(AND(OR(AA830="R",AA830="NX",AA830="NT",AA830="CO"),OR('JOINTS DE RÉPARATION'!$D$5="TOUTES",B830='JOINTS DE RÉPARATION'!$D$5),OR('JOINTS DE RÉPARATION'!$L$4="TOUS",AQ830<>"ACCEPTÉ")),1,0) -> 0 | AV830: =IF(AU830=1,SUM(AU$7:AU830),"") | AW830: =IF(E830="","",B830&"|"&E830) -> MFD-ISW → MFD-CPF|DJ°495
A831: =IF(E831="","",ROW()-6) -> 825 | B831: MFD-ISW → MFD-CPF | D831: 5 | E831: JN°793 | F831: =IF(E831="","",IF(LEFT(E831,2)="DJ","DJ","JN")) -> JN | H831: 16" | I831: 9.53 | J831: API 5L_X52 | K831: TFTII-PL03 | L831: 2082340 | M831: 15421104 | N831: 11.94 | O831: 2084860 | P831: 15421106 | Q831: 11.94 | R831: WR-51-46 | U831: 46289 | V831: 46289 | W831: L-VT-065 | X831: A | AO831: =IF(E831="","",(AA831<>"")+(AG831<>"")+(AL831<>"")) -> 0 | AP831: =IF(AL831<>"",AL831,IF(AG831<>"",AG831,IF(AA831<>"",AA831,""))) | AQ831: =IF(E831="","",IF(U831="","À SOUDER",IF(X831="","VT EN ATTENTE",IF(X831="R","VT REJETÉ – À REPRENDRE",IF(AP831="","À RADIOGRAPHIER",IF(AP831="A","ACCEPTÉ",IF(AP831="NX","NX – RT À REFAIRE",IF(IF(AO831=1,AD831,IF(AO831=2,AI831,""))="A","RÉPARÉ – À RADIOGRAPHIER",IF(IF(AO831=1,AD831,IF(AO831=2,AI831,""))="R","VT REJETÉ – À REPRENDRE",IF(OR(AP831="CO",AP831="NT"),"COUPE – À RESOUDER","À RÉPARER")))))))))) -> À RADIOGRAPHIER | AR831: =IF(AND(ISNUMBER(U831),OR(AQ831="À RADIOGRAPHIER",AQ831="RÉPARÉ – À RADIOGRAPHIER",AQ831="NX – RT À REFAIRE",AQ831="À RÉPARER",AQ831="COUPE – À RESOUDER",AQ831="VT REJETÉ – À REPRENDRE")),MAX(0,'PROGRAMME RT'!$C$4-U831),"") -> 4 | AS831: =IF(AND(OR(AQ831="À RADIOGRAPHIER",AQ831="RÉPARÉ – À RADIOGRAPHIER",AQ831="NX – RT À REFAIRE"),OR('PROGRAMME RT'!$D$5="TOUTES",B831='PROGRAMME RT'!$D$5)),1,0) -> 1 | AT831: =IF(AS831=1,SUM(AS$7:AS831),"") -> 29 | AU831: =IF(AND(OR(AA831="R",AA831="NX",AA831="NT",AA831="CO"),OR('JOINTS DE RÉPARATION'!$D$5="TOUTES",B831='JOINTS DE RÉPARATION'!$D$5),OR('JOINTS DE RÉPARATION'!$L$4="TOUS",AQ831<>"ACCEPTÉ")),1,0) -> 0 | AV831: =IF(AU831=1,SUM(AU$7:AU831),"") | AW831: =IF(E831="","",B831&"|"&E831) -> MFD-ISW → MFD-CPF|JN°793
A832: =IF(E832="","",ROW()-6) -> 826 | B832: MFD-ISW → MFD-CPF | C832: BRD | D832: 5 | E832: DJ°482 | F832: =IF(E832="","",IF(LEFT(E832,2)="DJ","DJ","JN")) -> DJ | H832: 16" | I832: 9.53 | J832: API 5L_X52 | K832: TFTII-PL04 | L832: 2084860 | M832: 15421106 | N832: 11.94 | O832: 2088960 | P832: 15421108 | Q832: 11.94 | R832: WR-039 | U832: 46287 | V832: 46287 | W832: DJ-VT-043 | X832: A | Y832: 46288 | Z832: DJ-RT-051 | AA832: A | AO832: =IF(E832="","",(AA832<>"")+(AG832<>"")+(AL832<>"")) -> 1 | AP832: =IF(AL832<>"",AL832,IF(AG832<>"",AG832,IF(AA832<>"",AA832,""))) -> A | AQ832: =IF(E832="","",IF(U832="","À SOUDER",IF(X832="","VT EN ATTENTE",IF(X832="R","VT REJETÉ – À REPRENDRE",IF(AP832="","À RADIOGRAPHIER",IF(AP832="A","ACCEPTÉ",IF(AP832="NX","NX – RT À REFAIRE",IF(IF(AO832=1,AD832,IF(AO832=2,AI832,""))="A","RÉPARÉ – À RADIOGRAPHIER",IF(IF(AO832=1,AD832,IF(AO832=2,AI832,""))="R","VT REJETÉ – À REPRENDRE",IF(OR(AP832="CO",AP832="NT"),"COUPE – À RESOUDER","À RÉPARER")))))))))) -> ACCEPTÉ | AR832: =IF(AND(ISNUMBER(U832),OR(AQ832="À RADIOGRAPHIER",AQ832="RÉPARÉ – À RADIOGRAPHIER",AQ832="NX – RT À REFAIRE",AQ832="À RÉPARER",AQ832="COUPE – À RESOUDER",AQ832="VT REJETÉ – À REPRENDRE")),MAX(0,'PROGRAMME RT'!$C$4-U832),"") | AS832: =IF(AND(OR(AQ832="À RADIOGRAPHIER",AQ832="RÉPARÉ – À RADIOGRAPHIER",AQ832="NX – RT À REFAIRE"),OR('PROGRAMME RT'!$D$5="TOUTES",B832='PROGRAMME RT'!$D$5)),1,0) -> 0 | AT832: =IF(AS832=1,SUM(AS$7:AS832),"") | AU832: =IF(AND(OR(AA832="R",AA832="NX",AA832="NT",AA832="CO"),OR('JOINTS DE RÉPARATION'!$D$5="TOUTES",B832='JOINTS DE RÉPARATION'!$D$5),OR('JOINTS DE RÉPARATION'!$L$4="TOUS",AQ832<>"ACCEPTÉ")),1,0) -> 0 | AV832: =IF(AU832=1,SUM(AU$7:AU832),"") | AW832: =IF(E832="","",B832&"|"&E832) -> MFD-ISW → MFD-CPF|DJ°482
A833: =IF(E833="","",ROW()-6) -> 827 | B833: MFD-ISW → MFD-CPF | D833: 5 | E833: JN°794 | F833: =IF(E833="","",IF(LEFT(E833,2)="DJ","DJ","JN")) -> JN | H833: 16" | I833: 9.53 | J833: API 5L_X52 | K833: TFTII-PL03 | L833: 2088960 | M833: 15421108 | N833: 11.94 | O833: 2090090 | P833: 15421109 | Q833: 11.94 | R833: WR-51-46 | U833: 46289 | V833: 46289 | W833: L-VT-065 | X833: A | AO833: =IF(E833="","",(AA833<>"")+(AG833<>"")+(AL833<>"")) -> 0 | AP833: =IF(AL833<>"",AL833,IF(AG833<>"",AG833,IF(AA833<>"",AA833,""))) | AQ833: =IF(E833="","",IF(U833="","À SOUDER",IF(X833="","VT EN ATTENTE",IF(X833="R","VT REJETÉ – À REPRENDRE",IF(AP833="","À RADIOGRAPHIER",IF(AP833="A","ACCEPTÉ",IF(AP833="NX","NX – RT À REFAIRE",IF(IF(AO833=1,AD833,IF(AO833=2,AI833,""))="A","RÉPARÉ – À RADIOGRAPHIER",IF(IF(AO833=1,AD833,IF(AO833=2,AI833,""))="R","VT REJETÉ – À REPRENDRE",IF(OR(AP833="CO",AP833="NT"),"COUPE – À RESOUDER","À RÉPARER")))))))))) -> À RADIOGRAPHIER | AR833: =IF(AND(ISNUMBER(U833),OR(AQ833="À RADIOGRAPHIER",AQ833="RÉPARÉ – À RADIOGRAPHIER",AQ833="NX – RT À REFAIRE",AQ833="À RÉPARER",AQ833="COUPE – À RESOUDER",AQ833="VT REJETÉ – À REPRENDRE")),MAX(0,'PROGRAMME RT'!$C$4-U833),"") -> 4 | AS833: =IF(AND(OR(AQ833="À RADIOGRAPHIER",AQ833="RÉPARÉ – À RADIOGRAPHIER",AQ833="NX – RT À REFAIRE"),OR('PROGRAMME RT'!$D$5="TOUTES",B833='PROGRAMME RT'!$D$5)),1,0) -> 1 | AT833: =IF(AS833=1,SUM(AS$7:AS833),"") -> 30 | AU833: =IF(AND(OR(AA833="R",AA833="NX",AA833="NT",AA833="CO"),OR('JOINTS DE RÉPARATION'!$D$5="TOUTES",B833='JOINTS DE RÉPARATION'!$D$5),OR('JOINTS DE RÉPARATION'!$L$4="TOUS",AQ833<>"ACCEPTÉ")),1,0) -> 0 | AV833: =IF(AU833=1,SUM(AU$7:AU833),"") | AW833: =IF(E833="","",B833&"|"&E833) -> MFD-ISW → MFD-CPF|JN°794
A834: =IF(E834="","",ROW()-6) -> 828 | B834: MFD-ISW → MFD-CPF | C834: BRD | D834: 5 | E834: DJ°481 | F834: =IF(E834="","",IF(LEFT(E834,2)="DJ","DJ","JN")) -> DJ | H834: 16" | I834: 9.53 | J834: API 5L_X52 | K834: TFTII-PL04 | L834: 2090090 | M834: 15421109 | N834: 11.94 | O834: 2090740 | P834: 15421109 | Q834: 11.94 | R834: WR-028 | U834: 46287 | V834: 46287 | W834: DJ-VT-043 | X834: A | Y834: 46288 | Z834: DJ-RT-051 | AA834: A | AO834: =IF(E834="","",(AA834<>"")+(AG834<>"")+(AL834<>"")) -> 1 | AP834: =IF(AL834<>"",AL834,IF(AG834<>"",AG834,IF(AA834<>"",AA834,""))) -> A | AQ834: =IF(E834="","",IF(U834="","À SOUDER",IF(X834="","VT EN ATTENTE",IF(X834="R","VT REJETÉ – À REPRENDRE",IF(AP834="","À RADIOGRAPHIER",IF(AP834="A","ACCEPTÉ",IF(AP834="NX","NX – RT À REFAIRE",IF(IF(AO834=1,AD834,IF(AO834=2,AI834,""))="A","RÉPARÉ – À RADIOGRAPHIER",IF(IF(AO834=1,AD834,IF(AO834=2,AI834,""))="R","VT REJETÉ – À REPRENDRE",IF(OR(AP834="CO",AP834="NT"),"COUPE – À RESOUDER","À RÉPARER")))))))))) -> ACCEPTÉ | AR834: =IF(AND(ISNUMBER(U834),OR(AQ834="À RADIOGRAPHIER",AQ834="RÉPARÉ – À RADIOGRAPHIER",AQ834="NX – RT À REFAIRE",AQ834="À RÉPARER",AQ834="COUPE – À RESOUDER",AQ834="VT REJETÉ – À REPRENDRE")),MAX(0,'PROGRAMME RT'!$C$4-U834),"") | AS834: =IF(AND(OR(AQ834="À RADIOGRAPHIER",AQ834="RÉPARÉ – À RADIOGRAPHIER",AQ834="NX – RT À REFAIRE"),OR('PROGRAMME RT'!$D$5="TOUTES",B834='PROGRAMME RT'!$D$5)),1,0) -> 0 | AT834: =IF(AS834=1,SUM(AS$7:AS834),"") | AU834: =IF(AND(OR(AA834="R",AA834="NX",AA834="NT",AA834="CO"),OR('JOINTS DE RÉPARATION'!$D$5="TOUTES",B834='JOINTS DE RÉPARATION'!$D$5),OR('JOINTS DE RÉPARATION'!$L$4="TOUS",AQ834<>"ACCEPTÉ")),1,0) -> 0 | AV834: =IF(AU834=1,SUM(AU$7:AU834),"") | AW834: =IF(E834="","",B834&"|"&E834) -> MFD-ISW → MFD-CPF|DJ°481
A835: =IF(E835="","",ROW()-6) -> 829 | B835: MFD-ISW → MFD-CPF | D835: 5 | E835: JN°795 | F835: =IF(E835="","",IF(LEFT(E835,2)="DJ","DJ","JN")) -> JN | H835: 16" | I835: 9.53 | J835: API 5L_X52 | K835: TFTII-PL03 | L835: 2090740 | M835: 15421109 | N835: 11.94 | O835: 2096590 | P835: 15421108 | Q835: 11.94 | R835: WR-51-45/46-33 | U835: 46289 | V835: 46289 | W835: L-VT-065 | X835: A | AO835: =IF(E835="","",(AA835<>"")+(AG835<>"")+(AL835<>"")) -> 0 | AP835: =IF(AL835<>"",AL835,IF(AG835<>"",AG835,IF(AA835<>"",AA835,""))) | AQ835: =IF(E835="","",IF(U835="","À SOUDER",IF(X835="","VT EN ATTENTE",IF(X835="R","VT REJETÉ – À REPRENDRE",IF(AP835="","À RADIOGRAPHIER",IF(AP835="A","ACCEPTÉ",IF(AP835="NX","NX – RT À REFAIRE",IF(IF(AO835=1,AD835,IF(AO835=2,AI835,""))="A","RÉPARÉ – À RADIOGRAPHIER",IF(IF(AO835=1,AD835,IF(AO835=2,AI835,""))="R","VT REJETÉ – À REPRENDRE",IF(OR(AP835="CO",AP835="NT"),"COUPE – À RESOUDER","À RÉPARER")))))))))) -> À RADIOGRAPHIER | AR835: =IF(AND(ISNUMBER(U835),OR(AQ835="À RADIOGRAPHIER",AQ835="RÉPARÉ – À RADIOGRAPHIER",AQ835="NX – RT À REFAIRE",AQ835="À RÉPARER",AQ835="COUPE – À RESOUDER",AQ835="VT REJETÉ – À REPRENDRE")),MAX(0,'PROGRAMME RT'!$C$4-U835),"") -> 4 | AS835: =IF(AND(OR(AQ835="À RADIOGRAPHIER",AQ835="RÉPARÉ – À RADIOGRAPHIER",AQ835="NX – RT À REFAIRE"),OR('PROGRAMME RT'!$D$5="TOUTES",B835='PROGRAMME RT'!$D$5)),1,0) -> 1 | AT835: =IF(AS835=1,SUM(AS$7:AS835),"") -> 31 | AU835: =IF(AND(OR(AA835="R",AA835="NX",AA835="NT",AA835="CO"),OR('JOINTS DE RÉPARATION'!$D$5="TOUTES",B835='JOINTS DE RÉPARATION'!$D$5),OR('JOINTS DE RÉPARATION'!$L$4="TOUS",AQ835<>"ACCEPTÉ")),1,0) -> 0 | AV835: =IF(AU835=1,SUM(AU$7:AU835),"") | AW835: =IF(E835="","",B835&"|"&E835) -> MFD-ISW → MFD-CPF|JN°795
A836: =IF(E836="","",ROW()-6) -> 830 | B836: MFD-ISW → MFD-CPF | C836: BRD | D836: 5 | E836: DJ°484 | F836: =IF(E836="","",IF(LEFT(E836,2)="DJ","DJ","JN")) -> DJ | H836: 16" | I836: 9.53 | J836: API 5L_X52 | K836: TFTII-PL04 | L836: 2096590 | M836: 15421108 | N836: 11.94 | O836: 2097840 | P836: 15421109 | Q836: 11.94 | R836: WR-039 | U836: 46287 | V836: 46287 | W836: DJ-VT-043 | X836: A | Y836: 46288 | Z836: DJ-RT-051 | AA836: A | AO836: =IF(E836="","",(AA836<>"")+(AG836<>"")+(AL836<>"")) -> 1 | AP836: =IF(AL836<>"",AL836,IF(AG836<>"",AG836,IF(AA836<>"",AA836,""))) -> A | AQ836: =IF(E836="","",IF(U836="","À SOUDER",IF(X836="","VT EN ATTENTE",IF(X836="R","VT REJETÉ – À REPRENDRE",IF(AP836="","À RADIOGRAPHIER",IF(AP836="A","ACCEPTÉ",IF(AP836="NX","NX – RT À REFAIRE",IF(IF(AO836=1,AD836,IF(AO836=2,AI836,""))="A","RÉPARÉ – À RADIOGRAPHIER",IF(IF(AO836=1,AD836,IF(AO836=2,AI836,""))="R","VT REJETÉ – À REPRENDRE",IF(OR(AP836="CO",AP836="NT"),"COUPE – À RESOUDER","À RÉPARER")))))))))) -> ACCEPTÉ | AR836: =IF(AND(ISNUMBER(U836),OR(AQ836="À RADIOGRAPHIER",AQ836="RÉPARÉ – À RADIOGRAPHIER",AQ836="NX – RT À REFAIRE",AQ836="À RÉPARER",AQ836="COUPE – À RESOUDER",AQ836="VT REJETÉ – À REPRENDRE")),MAX(0,'PROGRAMME RT'!$C$4-U836),"") | AS836: =IF(AND(OR(AQ836="À RADIOGRAPHIER",AQ836="RÉPARÉ – À RADIOGRAPHIER",AQ836="NX – RT À REFAIRE"),OR('PROGRAMME RT'!$D$5="TOUTES",B836='PROGRAMME RT'!$D$5)),1,0) -> 0 | AT836: =IF(AS836=1,SUM(AS$7:AS836),"") | AU836: =IF(AND(OR(AA836="R",AA836="NX",AA836="NT",AA836="CO"),OR('JOINTS DE RÉPARATION'!$D$5="TOUTES",B836='JOINTS DE RÉPARATION'!$D$5),OR('JOINTS DE RÉPARATION'!$L$4="TOUS",AQ836<>"ACCEPTÉ")),1,0) -> 0 | AV836: =IF(AU836=1,SUM(AU$7:AU836),"") | AW836: =IF(E836="","",B836&"|"&E836) -> MFD-ISW → MFD-CPF|DJ°484
A837: =IF(E837="","",ROW()-6) -> 831 | B837: MFD-ISW → MFD-CPF | D837: 5 | E837: JN°796 | F837: =IF(E837="","",IF(LEFT(E837,2)="DJ","DJ","JN")) -> JN | H837: 16" | I837: 9.53 | J837: API 5L_X52 | K837: TFTII-PL03 | L837: 2097840 | M837: 15421109 | N837: 11.94 | O837: 2087970 | P837: 15421108 | Q837: 11.94 | R837: WR-51-45/46-33 | U837: 46289 | V837: 46289 | W837: L-VT-065 | X837: A | AO837: =IF(E837="","",(AA837<>"")+(AG837<>"")+(AL837<>"")) -> 0 | AP837: =IF(AL837<>"",AL837,IF(AG837<>"",AG837,IF(AA837<>"",AA837,""))) | AQ837: =IF(E837="","",IF(U837="","À SOUDER",IF(X837="","VT EN ATTENTE",IF(X837="R","VT REJETÉ – À REPRENDRE",IF(AP837="","À RADIOGRAPHIER",IF(AP837="A","ACCEPTÉ",IF(AP837="NX","NX – RT À REFAIRE",IF(IF(AO837=1,AD837,IF(AO837=2,AI837,""))="A","RÉPARÉ – À RADIOGRAPHIER",IF(IF(AO837=1,AD837,IF(AO837=2,AI837,""))="R","VT REJETÉ – À REPRENDRE",IF(OR(AP837="CO",AP837="NT"),"COUPE – À RESOUDER","À RÉPARER")))))))))) -> À RADIOGRAPHIER | AR837: =IF(AND(ISNUMBER(U837),OR(AQ837="À RADIOGRAPHIER",AQ837="RÉPARÉ – À RADIOGRAPHIER",AQ837="NX – RT À REFAIRE",AQ837="À RÉPARER",AQ837="COUPE – À RESOUDER",AQ837="VT REJETÉ – À REPRENDRE")),MAX(0,'PROGRAMME RT'!$C$4-U837),"") -> 4 | AS837: =IF(AND(OR(AQ837="À RADIOGRAPHIER",AQ837="RÉPARÉ – À RADIOGRAPHIER",AQ837="NX – RT À REFAIRE"),OR('PROGRAMME RT'!$D$5="TOUTES",B837='PROGRAMME RT'!$D$5)),1,0) -> 1 | AT837: =IF(AS837=1,SUM(AS$7:AS837),"") -> 32 | AU837: =IF(AND(OR(AA837="R",AA837="NX",AA837="NT",AA837="CO"),OR('JOINTS DE RÉPARATION'!$D$5="TOUTES",B837='JOINTS DE RÉPARATION'!$D$5),OR('JOINTS DE RÉPARATION'!$L$4="TOUS",AQ837<>"ACCEPTÉ")),1,0) -> 0 | AV837: =IF(AU837=1,SUM(AU$7:AU837),"") | AW837: =IF(E837="","",B837&"|"&E837) -> MFD-ISW → MFD-CPF|JN°796
A838: =IF(E838="","",ROW()-6) -> 832 | B838: MFD-ISW → MFD-CPF | C838: BRD | D838: 5 | E838: DJ°483 | F838: =IF(E838="","",IF(LEFT(E838,2)="DJ","DJ","JN")) -> DJ | H838: 16" | I838: 9.53 | J838: API 5L_X52 | K838: TFTII-PL04 | L838: 2087970 | M838: 15421108 | N838: 11.94 | O838: 2096150 | P838: 15421108 | Q838: 11.94 | R838: WR-028 | U838: 46287 | V838: 46287 | W838: DJ-VT-043 | X838: A | Y838: 46288 | Z838: DJ-RT-051 | AA838: A | AO838: =IF(E838="","",(AA838<>"")+(AG838<>"")+(AL838<>"")) -> 1 | AP838: =IF(AL838<>"",AL838,IF(AG838<>"",AG838,IF(AA838<>"",AA838,""))) -> A | AQ838: =IF(E838="","",IF(U838="","À SOUDER",IF(X838="","VT EN ATTENTE",IF(X838="R","VT REJETÉ – À REPRENDRE",IF(AP838="","À RADIOGRAPHIER",IF(AP838="A","ACCEPTÉ",IF(AP838="NX","NX – RT À REFAIRE",IF(IF(AO838=1,AD838,IF(AO838=2,AI838,""))="A","RÉPARÉ – À RADIOGRAPHIER",IF(IF(AO838=1,AD838,IF(AO838=2,AI838,""))="R","VT REJETÉ – À REPRENDRE",IF(OR(AP838="CO",AP838="NT"),"COUPE – À RESOUDER","À RÉPARER")))))))))) -> ACCEPTÉ | AR838: =IF(AND(ISNUMBER(U838),OR(AQ838="À RADIOGRAPHIER",AQ838="RÉPARÉ – À RADIOGRAPHIER",AQ838="NX – RT À REFAIRE",AQ838="À RÉPARER",AQ838="COUPE – À RESOUDER",AQ838="VT REJETÉ – À REPRENDRE")),MAX(0,'PROGRAMME RT'!$C$4-U838),"") | AS838: =IF(AND(OR(AQ838="À RADIOGRAPHIER",AQ838="RÉPARÉ – À RADIOGRAPHIER",AQ838="NX – RT À REFAIRE"),OR('PROGRAMME RT'!$D$5="TOUTES",B838='PROGRAMME RT'!$D$5)),1,0) -> 0 | AT838: =IF(AS838=1,SUM(AS$7:AS838),"") | AU838: =IF(AND(OR(AA838="R",AA838="NX",AA838="NT",AA838="CO"),OR('JOINTS DE RÉPARATION'!$D$5="TOUTES",B838='JOINTS DE RÉPARATION'!$D$5),OR('JOINTS DE RÉPARATION'!$L$4="TOUS",AQ838<>"ACCEPTÉ")),1,0) -> 0 | AV838: =IF(AU838=1,SUM(AU$7:AU838),"") | AW838: =IF(E838="","",B838&"|"&E838) -> MFD-ISW → MFD-CPF|DJ°483
A839: =IF(E839="","",ROW()-6) -> 833 | B839: MFD-ISW → MFD-CPF | D839: 5 | E839: JN°797 | F839: =IF(E839="","",IF(LEFT(E839,2)="DJ","DJ","JN")) -> JN | H839: 16" | I839: 9.53 | J839: API 5L_X52 | K839: TFTII-PL03 | L839: 2096150 | M839: 15421108 | N839: 11.94 | O839: 2096040 | P839: 15421109 | Q839: 11.94 | R839: WR-51-45/46-33 | U839: 46289 | V839: 46289 | W839: L-VT-065 | X839: A | AO839: =IF(E839="","",(AA839<>"")+(AG839<>"")+(AL839<>"")) -> 0 | AP839: =IF(AL839<>"",AL839,IF(AG839<>"",AG839,IF(AA839<>"",AA839,""))) | AQ839: =IF(E839="","",IF(U839="","À SOUDER",IF(X839="","VT EN ATTENTE",IF(X839="R","VT REJETÉ – À REPRENDRE",IF(AP839="","À RADIOGRAPHIER",IF(AP839="A","ACCEPTÉ",IF(AP839="NX","NX – RT À REFAIRE",IF(IF(AO839=1,AD839,IF(AO839=2,AI839,""))="A","RÉPARÉ – À RADIOGRAPHIER",IF(IF(AO839=1,AD839,IF(AO839=2,AI839,""))="R","VT REJETÉ – À REPRENDRE",IF(OR(AP839="CO",AP839="NT"),"COUPE – À RESOUDER","À RÉPARER")))))))))) -> À RADIOGRAPHIER | AR839: =IF(AND(ISNUMBER(U839),OR(AQ839="À RADIOGRAPHIER",AQ839="RÉPARÉ – À RADIOGRAPHIER",AQ839="NX – RT À REFAIRE",AQ839="À RÉPARER",AQ839="COUPE – À RESOUDER",AQ839="VT REJETÉ – À REPRENDRE")),MAX(0,'PROGRAMME RT'!$C$4-U839),"") -> 4 | AS839: =IF(AND(OR(AQ839="À RADIOGRAPHIER",AQ839="RÉPARÉ – À RADIOGRAPHIER",AQ839="NX – RT À REFAIRE"),OR('PROGRAMME RT'!$D$5="TOUTES",B839='PROGRAMME RT'!$D$5)),1,0) -> 1 | AT839: =IF(AS839=1,SUM(AS$7:AS839),"") -> 33 | AU839: =IF(AND(OR(AA839="R",AA839="NX",AA839="NT",AA839="CO"),OR('JOINTS DE RÉPARATION'!$D$5="TOUTES",B839='JOINTS DE RÉPARATION'!$D$5),OR('JOINTS DE RÉPARATION'!$L$4="TOUS",AQ839<>"ACCEPTÉ")),1,0) -> 0 | AV839: =IF(AU839=1,SUM(AU$7:AU839),"") | AW839: =IF(E839="","",B839&"|"&E839) -> MFD-ISW → MFD-CPF|JN°797
A840: =IF(E840="","",ROW()-6) -> 834 | B840: MFD-ISW → MFD-CPF | C840: BRD | D840: 5 | E840: DJ°486 | F840: =IF(E840="","",IF(LEFT(E840,2)="DJ","DJ","JN")) -> DJ | H840: 16" | I840: 9.53 | J840: API 5L_X52 | K840: TFTII-PL04 | L840: 2096040 | M840: 15421109 | N840: 11.94 | O840: 2097200 | P840: 15421102 | Q840: 11.94 | R840: WR-028 | U840: 46287 | V840: 46287 | W840: DJ-VT-043 | X840: A | Y840: 46288 | Z840: DJ-RT-051 | AA840: A | AO840: =IF(E840="","",(AA840<>"")+(AG840<>"")+(AL840<>"")) -> 1 | AP840: =IF(AL840<>"",AL840,IF(AG840<>"",AG840,IF(AA840<>"",AA840,""))) -> A | AQ840: =IF(E840="","",IF(U840="","À SOUDER",IF(X840="","VT EN ATTENTE",IF(X840="R","VT REJETÉ – À REPRENDRE",IF(AP840="","À RADIOGRAPHIER",IF(AP840="A","ACCEPTÉ",IF(AP840="NX","NX – RT À REFAIRE",IF(IF(AO840=1,AD840,IF(AO840=2,AI840,""))="A","RÉPARÉ – À RADIOGRAPHIER",IF(IF(AO840=1,AD840,IF(AO840=2,AI840,""))="R","VT REJETÉ – À REPRENDRE",IF(OR(AP840="CO",AP840="NT"),"COUPE – À RESOUDER","À RÉPARER")))))))))) -> ACCEPTÉ | AR840: =IF(AND(ISNUMBER(U840),OR(AQ840="À RADIOGRAPHIER",AQ840="RÉPARÉ – À RADIOGRAPHIER",AQ840="NX – RT À REFAIRE",AQ840="À RÉPARER",AQ840="COUPE – À RESOUDER",AQ840="VT REJETÉ – À REPRENDRE")),MAX(0,'PROGRAMME RT'!$C$4-U840),"") | AS840: =IF(AND(OR(AQ840="À RADIOGRAPHIER",AQ840="RÉPARÉ – À RADIOGRAPHIER",AQ840="NX – RT À REFAIRE"),OR('PROGRAMME RT'!$D$5="TOUTES",B840='PROGRAMME RT'!$D$5)),1,0) -> 0 | AT840: =IF(AS840=1,SUM(AS$7:AS840),"") | AU840: =IF(AND(OR(AA840="R",AA840="NX",AA840="NT",AA840="CO"),OR('JOINTS DE RÉPARATION'!$D$5="TOUTES",B840='JOINTS DE RÉPARATION'!$D$5),OR('JOINTS DE RÉPARATION'!$L$4="TOUS",AQ840<>"ACCEPTÉ")),1,0) -> 0 | AV840: =IF(AU840=1,SUM(AU$7:AU840),"") | AW840: =IF(E840="","",B840&"|"&E840) -> MFD-ISW → MFD-CPF|DJ°486
A841: =IF(E841="","",ROW()-6) -> 835 | B841: MFD-ISW → MFD-CPF | D841: 5 | E841: JN°798 | F841: =IF(E841="","",IF(LEFT(E841,2)="DJ","DJ","JN")) -> JN | H841: 16" | I841: 9.53 | J841: API 5L_X52 | K841: TFTII-PL03 | L841: 2097200 | M841: 15421102 | N841: 11.94 | O841: 2084880 | P841: 15421106 | Q841: 11.94 | R841: WR-51-45/46-33 | U841: 46289 | V841: 46289 | W841: L-VT-065 | X841: A | AO841: =IF(E841="","",(AA841<>"")+(AG841<>"")+(AL841<>"")) -> 0 | AP841: =IF(AL841<>"",AL841,IF(AG841<>"",AG841,IF(AA841<>"",AA841,""))) | AQ841: =IF(E841="","",IF(U841="","À SOUDER",IF(X841="","VT EN ATTENTE",IF(X841="R","VT REJETÉ – À REPRENDRE",IF(AP841="","À RADIOGRAPHIER",IF(AP841="A","ACCEPTÉ",IF(AP841="NX","NX – RT À REFAIRE",IF(IF(AO841=1,AD841,IF(AO841=2,AI841,""))="A","RÉPARÉ – À RADIOGRAPHIER",IF(IF(AO841=1,AD841,IF(AO841=2,AI841,""))="R","VT REJETÉ – À REPRENDRE",IF(OR(AP841="CO",AP841="NT"),"COUPE – À RESOUDER","À RÉPARER")))))))))) -> À RADIOGRAPHIER | AR841: =IF(AND(ISNUMBER(U841),OR(AQ841="À RADIOGRAPHIER",AQ841="RÉPARÉ – À RADIOGRAPHIER",AQ841="NX – RT À REFAIRE",AQ841="À RÉPARER",AQ841="COUPE – À RESOUDER",AQ841="VT REJETÉ – À REPRENDRE")),MAX(0,'PROGRAMME RT'!$C$4-U841),"") -> 4 | AS841: =IF(AND(OR(AQ841="À RADIOGRAPHIER",AQ841="RÉPARÉ – À RADIOGRAPHIER",AQ841="NX – RT À REFAIRE"),OR('PROGRAMME RT'!$D$5="TOUTES",B841='PROGRAMME RT'!$D$5)),1,0) -> 1 | AT841: =IF(AS841=1,SUM(AS$7:AS841),"") -> 34 | AU841: =IF(AND(OR(AA841="R",AA841="NX",AA841="NT",AA841="CO"),OR('JOINTS DE RÉPARATION'!$D$5="TOUTES",B841='JOINTS DE RÉPARATION'!$D$5),OR('JOINTS DE RÉPARATION'!$L$4="TOUS",AQ841<>"ACCEPTÉ")),1,0) -> 0 | AV841: =IF(AU841=1,SUM(AU$7:AU841),"") | AW841: =IF(E841="","",B841&"|"&E841) -> MFD-ISW → MFD-CPF|JN°798
A842: =IF(E842="","",ROW()-6) -> 836 | B842: MFD-ISW → MFD-CPF | C842: BRD | D842: 5 | E842: DJ°488 | F842: =IF(E842="","",IF(LEFT(E842,2)="DJ","DJ","JN")) -> DJ | H842: 16" | I842: 9.53 | J842: API 5L_X52 | K842: TFTII-PL04 | L842: 2084880 | M842: 15421106 | N842: 11.94 | O842: 2092950 | P842: 15421110 | Q842: 11.94 | R842: WR-040 | U842: 46287 | V842: 46287 | W842: DJ-VT-043 | X842: A | Y842: 46288 | Z842: DJ-RT-051 | AA842: A | AO842: =IF(E842="","",(AA842<>"")+(AG842<>"")+(AL842<>"")) -> 1 | AP842: =IF(AL842<>"",AL842,IF(AG842<>"",AG842,IF(AA842<>"",AA842,""))) -> A | AQ842: =IF(E842="","",IF(U842="","À SOUDER",IF(X842="","VT EN ATTENTE",IF(X842="R","VT REJETÉ – À REPRENDRE",IF(AP842="","À RADIOGRAPHIER",IF(AP842="A","ACCEPTÉ",IF(AP842="NX","NX – RT À REFAIRE",IF(IF(AO842=1,AD842,IF(AO842=2,AI842,""))="A","RÉPARÉ – À RADIOGRAPHIER",IF(IF(AO842=1,AD842,IF(AO842=2,AI842,""))="R","VT REJETÉ – À REPRENDRE",IF(OR(AP842="CO",AP842="NT"),"COUPE – À RESOUDER","À RÉPARER")))))))))) -> ACCEPTÉ | AR842: =IF(AND(ISNUMBER(U842),OR(AQ842="À RADIOGRAPHIER",AQ842="RÉPARÉ – À RADIOGRAPHIER",AQ842="NX – RT À REFAIRE",AQ842="À RÉPARER",AQ842="COUPE – À RESOUDER",AQ842="VT REJETÉ – À REPRENDRE")),MAX(0,'PROGRAMME RT'!$C$4-U842),"") | AS842: =IF(AND(OR(AQ842="À RADIOGRAPHIER",AQ842="RÉPARÉ – À RADIOGRAPHIER",AQ842="NX – RT À REFAIRE"),OR('PROGRAMME RT'!$D$5="TOUTES",B842='PROGRAMME RT'!$D$5)),1,0) -> 0 | AT842: =IF(AS842=1,SUM(AS$7:AS842),"") | AU842: =IF(AND(OR(AA842="R",AA842="NX",AA842="NT",AA842="CO"),OR('JOINTS DE RÉPARATION'!$D$5="TOUTES",B842='JOINTS DE RÉPARATION'!$D$5),OR('JOINTS DE RÉPARATION'!$L$4="TOUS",AQ842<>"ACCEPTÉ")),1,0) -> 0 | AV842: =IF(AU842=1,SUM(AU$7:AU842),"") | AW842: =IF(E842="","",B842&"|"&E842) -> MFD-ISW → MFD-CPF|DJ°488
A843: =IF(E843="","",ROW()-6) -> 837 | B843: MFD-ISW → MFD-CPF | D843: 5 | E843: JN°799 | F843: =IF(E843="","",IF(LEFT(E843,2)="DJ","DJ","JN")) -> JN | H843: 16" | I843: 9.53 | J843: API 5L_X52 | K843: TFTII-PL03 | L843: 2092950 | M843: 15421110 | N843: 11.94 | O843: 2094220 | P843: 15421110 | Q843: 11.94 | R843: WR-51-45/46-33 | U843: 46289 | V843: 46289 | W843: L-VT-065 | X843: A | AO843: =IF(E843="","",(AA843<>"")+(AG843<>"")+(AL843<>"")) -> 0 | AP843: =IF(AL843<>"",AL843,IF(AG843<>"",AG843,IF(AA843<>"",AA843,""))) | AQ843: =IF(E843="","",IF(U843="","À SOUDER",IF(X843="","VT EN ATTENTE",IF(X843="R","VT REJETÉ – À REPRENDRE",IF(AP843="","À RADIOGRAPHIER",IF(AP843="A","ACCEPTÉ",IF(AP843="NX","NX – RT À REFAIRE",IF(IF(AO843=1,AD843,IF(AO843=2,AI843,""))="A","RÉPARÉ – À RADIOGRAPHIER",IF(IF(AO843=1,AD843,IF(AO843=2,AI843,""))="R","VT REJETÉ – À REPRENDRE",IF(OR(AP843="CO",AP843="NT"),"COUPE – À RESOUDER","À RÉPARER")))))))))) -> À RADIOGRAPHIER | AR843: =IF(AND(ISNUMBER(U843),OR(AQ843="À RADIOGRAPHIER",AQ843="RÉPARÉ – À RADIOGRAPHIER",AQ843="NX – RT À REFAIRE",AQ843="À RÉPARER",AQ843="COUPE – À RESOUDER",AQ843="VT REJETÉ – À REPRENDRE")),MAX(0,'PROGRAMME RT'!$C$4-U843),"") -> 4 | AS843: =IF(AND(OR(AQ843="À RADIOGRAPHIER",AQ843="RÉPARÉ – À RADIOGRAPHIER",AQ843="NX – RT À REFAIRE"),OR('PROGRAMME RT'!$D$5="TOUTES",B843='PROGRAMME RT'!$D$5)),1,0) -> 1 | AT843: =IF(AS843=1,SUM(AS$7:AS843),"") -> 35 | AU843: =IF(AND(OR(AA843="R",AA843="NX",AA843="NT",AA843="CO"),OR('JOINTS DE RÉPARATION'!$D$5="TOUTES",B843='JOINTS DE RÉPARATION'!$D$5),OR('JOINTS DE RÉPARATION'!$L$4="TOUS",AQ843<>"ACCEPTÉ")),1,0) -> 0 | AV843: =IF(AU843=1,SUM(AU$7:AU843),"") | AW843: =IF(E843="","",B843&"|"&E843) -> MFD-ISW → MFD-CPF|JN°799
A844: =IF(E844="","",ROW()-6) -> 838 | B844: MFD-ISW → MFD-CPF | C844: BRD | D844: 5 | E844: DJ°478 | F844: =IF(E844="","",IF(LEFT(E844,2)="DJ","DJ","JN")) -> DJ | H844: 16" | I844: 9.53 | J844: API 5L_X52 | K844: TFTII-PL04 | L844: 2094220 | M844: 15421110 | N844: 11.94 | O844: 2094200 | P844: 15421110 | Q844: 11.94 | R844: WR-040 | U844: 46287 | V844: 46287 | W844: DJ-VT-043 | X844: A | Y844: 46288 | Z844: DJ-RT-051 | AA844: A | AO844: =IF(E844="","",(AA844<>"")+(AG844<>"")+(AL844<>"")) -> 1 | AP844: =IF(AL844<>"",AL844,IF(AG844<>"",AG844,IF(AA844<>"",AA844,""))) -> A | AQ844: =IF(E844="","",IF(U844="","À SOUDER",IF(X844="","VT EN ATTENTE",IF(X844="R","VT REJETÉ – À REPRENDRE",IF(AP844="","À RADIOGRAPHIER",IF(AP844="A","ACCEPTÉ",IF(AP844="NX","NX – RT À REFAIRE",IF(IF(AO844=1,AD844,IF(AO844=2,AI844,""))="A","RÉPARÉ – À RADIOGRAPHIER",IF(IF(AO844=1,AD844,IF(AO844=2,AI844,""))="R","VT REJETÉ – À REPRENDRE",IF(OR(AP844="CO",AP844="NT"),"COUPE – À RESOUDER","À RÉPARER")))))))))) -> ACCEPTÉ | AR844: =IF(AND(ISNUMBER(U844),OR(AQ844="À RADIOGRAPHIER",AQ844="RÉPARÉ – À RADIOGRAPHIER",AQ844="NX – RT À REFAIRE",AQ844="À RÉPARER",AQ844="COUPE – À RESOUDER",AQ844="VT REJETÉ – À REPRENDRE")),MAX(0,'PROGRAMME RT'!$C$4-U844),"") | AS844: =IF(AND(OR(AQ844="À RADIOGRAPHIER",AQ844="RÉPARÉ – À RADIOGRAPHIER",AQ844="NX – RT À REFAIRE"),OR('PROGRAMME RT'!$D$5="TOUTES",B844='PROGRAMME RT'!$D$5)),1,0) -> 0 | AT844: =IF(AS844=1,SUM(AS$7:AS844),"") | AU844: =IF(AND(OR(AA844="R",AA844="NX",AA844="NT",AA844="CO"),OR('JOINTS DE RÉPARATION'!$D$5="TOUTES",B844='JOINTS DE RÉPARATION'!$D$5),OR('JOINTS DE RÉPARATION'!$L$4="TOUS",AQ844<>"ACCEPTÉ")),1,0) -> 0 | AV844: =IF(AU844=1,SUM(AU$7:AU844),"") | AW844: =IF(E844="","",B844&"|"&E844) -> MFD-ISW → MFD-CPF|DJ°478
A845: =IF(E845="","",ROW()-6) -> 839 | B845: MFD-ISW → MFD-CPF | D845: 5 | E845: JN°800 | F845: =IF(E845="","",IF(LEFT(E845,2)="DJ","DJ","JN")) -> JN | H845: 16" | I845: 9.53 | J845: API 5L_X52 | K845: TFTII-PL03 | L845: 2094200 | M845: 15421110 | N845: 11.94 | O845: 2092010 | P845: 15421109 | Q845: 11.94 | R845: WR-51-45/46-33 | U845: 46289 | V845: 46289 | W845: L-VT-066 | X845: A | AO845: =IF(E845="","",(AA845<>"")+(AG845<>"")+(AL845<>"")) -> 0 | AP845: =IF(AL845<>"",AL845,IF(AG845<>"",AG845,IF(AA845<>"",AA845,""))) | AQ845: =IF(E845="","",IF(U845="","À SOUDER",IF(X845="","VT EN ATTENTE",IF(X845="R","VT REJETÉ – À REPRENDRE",IF(AP845="","À RADIOGRAPHIER",IF(AP845="A","ACCEPTÉ",IF(AP845="NX","NX – RT À REFAIRE",IF(IF(AO845=1,AD845,IF(AO845=2,AI845,""))="A","RÉPARÉ – À RADIOGRAPHIER",IF(IF(AO845=1,AD845,IF(AO845=2,AI845,""))="R","VT REJETÉ – À REPRENDRE",IF(OR(AP845="CO",AP845="NT"),"COUPE – À RESOUDER","À RÉPARER")))))))))) -> À RADIOGRAPHIER | AR845: =IF(AND(ISNUMBER(U845),OR(AQ845="À RADIOGRAPHIER",AQ845="RÉPARÉ – À RADIOGRAPHIER",AQ845="NX – RT À REFAIRE",AQ845="À RÉPARER",AQ845="COUPE – À RESOUDER",AQ845="VT REJETÉ – À REPRENDRE")),MAX(0,'PROGRAMME RT'!$C$4-U845),"") -> 4 | AS845: =IF(AND(OR(AQ845="À RADIOGRAPHIER",AQ845="RÉPARÉ – À RADIOGRAPHIER",AQ845="NX – RT À REFAIRE"),OR('PROGRAMME RT'!$D$5="TOUTES",B845='PROGRAMME RT'!$D$5)),1,0) -> 1 | AT845: =IF(AS845=1,SUM(AS$7:AS845),"") -> 36 | AU845: =IF(AND(OR(AA845="R",AA845="NX",AA845="NT",AA845="CO"),OR('JOINTS DE RÉPARATION'!$D$5="TOUTES",B845='JOINTS DE RÉPARATION'!$D$5),OR('JOINTS DE RÉPARATION'!$L$4="TOUS",AQ845<>"ACCEPTÉ")),1,0) -> 0 | AV845: =IF(AU845=1,SUM(AU$7:AU845),"") | AW845: =IF(E845="","",B845&"|"&E845) -> MFD-ISW → MFD-CPF|JN°800
...

Sheet BARDAGE
B1: FICHE DE BARDAGE — PIPELINE
B2: =PARAMÈTRES!$C$4&" • Affaire N° "&PARAMÈTRES!$C$5 -> Développement des champs gaziers TFT II — réseau de collecte TFT Sud (LIGNE-16) • Affaire N° 8546
B3: Ligne : | C3: MFD-ISW → MFD-CPF | E3: Fiche N° : | F3: 01 | G3: Page : | H3: 1 / 71 | I3: Date :
B4: N° ordre | C4: N° Pipe | D4: N° Coulée | E4: N° Lot | F4: Longueur (m) | G4: Longueur cumulée (m) | H4: NJ (aval) | I4: Date bardage | J4: Observations
B5: 1 | C5: 2091210 | D5: =IF($C5="","",IFERROR(IF(INDEX('REGISTRE TUBES'!$C$7:$C$2506,MATCH($C5,'REGISTRE TUBES'!$B$7:$B$2506,0))="","",INDEX('REGISTRE TUBES'!$C$7:$C$2506,MATCH($C5,'REGISTRE TUBES'!$B$7:$B$2506,0))),"?")) -> 15421109 | E5: =IF($C5="","",IFERROR(IF(INDEX('REGISTRE TUBES'!$D$7:$D$2506,MATCH($C5,'REGISTRE TUBES'!$B$7:$B$2506,0))="","",INDEX('REGISTRE TUBES'!$D$7:$D$2506,MATCH($C5,'REGISTRE TUBES'!$B$7:$B$2506,0))),"?")) | F5: =IF($C5="","",IFERROR(IF(INDEX('REGISTRE TUBES'!$F$7:$F$2506,MATCH($C5,'REGISTRE TUBES'!$B$7:$B$2506,0))="","",INDEX('REGISTRE TUBES'!$F$7:$F$2506,MATCH($C5,'REGISTRE TUBES'!$B$7:$B$2506,0))),"?")) -> 11.94 | G5: =IF($C5="","",N(F5)) -> 11.94 | H5: DJ°522
B6: 2 | C6: 2095480 | D6: =IF($C6="","",IFERROR(IF(INDEX('REGISTRE TUBES'!$C$7:$C$2506,MATCH($C6,'REGISTRE TUBES'!$B$7:$B$2506,0))="","",INDEX('REGISTRE TUBES'!$C$7:$C$2506,MATCH($C6,'REGISTRE TUBES'!$B$7:$B$2506,0))),"?")) -> 15421107 | E6: =IF($C6="","",IFERROR(IF(INDEX('REGISTRE TUBES'!$D$7:$D$2506,MATCH($C6,'REGISTRE TUBES'!$B$7:$B$2506,0))="","",INDEX('REGISTRE TUBES'!$D$7:$D$2506,MATCH($C6,'REGISTRE TUBES'!$B$7:$B$2506,0))),"?")) | F6: =IF($C6="","",IFERROR(IF(INDEX('REGISTRE TUBES'!$F$7:$F$2506,MATCH($C6,'REGISTRE TUBES'!$B$7:$B$2506,0))="","",INDEX('REGISTRE TUBES'!$F$7:$F$2506,MATCH($C6,'REGISTRE TUBES'!$B$7:$B$2506,0))),"?")) -> 11.94 | G6: =IF($C6="","",N(G5)+N(F6)) -> 23.88 | H6: JN°758
B7: 3 | C7: 2084910 | D7: =IF($C7="","",IFERROR(IF(INDEX('REGISTRE TUBES'!$C$7:$C$2506,MATCH($C7,'REGISTRE TUBES'!$B$7:$B$2506,0))="","",INDEX('REGISTRE TUBES'!$C$7:$C$2506,MATCH($C7,'REGISTRE TUBES'!$B$7:$B$2506,0))),"?")) -> 15421106 | E7: =IF($C7="","",IFERROR(IF(INDEX('REGISTRE TUBES'!$D$7:$D$2506,MATCH($C7,'REGISTRE TUBES'!$B$7:$B$2506,0))="","",INDEX('REGISTRE TUBES'!$D$7:$D$2506,MATCH($C7,'REGISTRE TUBES'!$B$7:$B$2506,0))),"?")) | F7: =IF($C7="","",IFERROR(IF(INDEX('REGISTRE TUBES'!$F$7:$F$2506,MATCH($C7,'REGISTRE TUBES'!$B$7:$B$2506,0))="","",INDEX('REGISTRE TUBES'!$F$7:$F$2506,MATCH($C7,'REGISTRE TUBES'!$B$7:$B$2506,0))),"?")) -> 11.94 | G7: =IF($C7="","",N(G6)+N(F7)) -> 35.82 | H7: DJ°507
B8: 4 | C8: 2085870 | D8: =IF($C8="","",IFERROR(IF(INDEX('REGISTRE TUBES'!$C$7:$C$2506,MATCH($C8,'REGISTRE TUBES'!$B$7:$B$2506,0))="","",INDEX('REGISTRE TUBES'!$C$7:$C$2506,MATCH($C8,'REGISTRE TUBES'!$B$7:$B$2506,0))),"?")) -> 15421106 | E8: =IF($C8="","",IFERROR(IF(INDEX('REGISTRE TUBES'!$D$7:$D$2506,MATCH($C8,'REGISTRE TUBES'!$B$7:$B$2506,0))="","",INDEX('REGISTRE TUBES'!$D$7:$D$2506,MATCH($C8,'REGISTRE TUBES'!$B$7:$B$2506,0))),"?")) | F8: =IF($C8="","",IFERROR(IF(INDEX('REGISTRE TUBES'!$F$7:$F$2506,MATCH($C8,'REGISTRE TUBES'!$B$7:$B$2506,0))="","",INDEX('REGISTRE TUBES'!$F$7:$F$2506,MATCH($C8,'REGISTRE TUBES'!$B$7:$B$2506,0))),"?")) -> 11.94 | G8: =IF($C8="","",N(G7)+N(F8)) -> 47.76 | H8: JN°759
B9: 5 | C9: 2089470 | D9: =IF($C9="","",IFERROR(IF(INDEX('REGISTRE TUBES'!$C$7:$C$2506,MATCH($C9,'REGISTRE TUBES'!$B$7:$B$2506,0))="","",INDEX('REGISTRE TUBES'!$C$7:$C$2506,MATCH($C9,'REGISTRE TUBES'!$B$7:$B$2506,0))),"?")) -> 15421109 | E9: =IF($C9="","",IFERROR(IF(INDEX('REGISTRE TUBES'!$D$7:$D$2506,MATCH($C9,'REGISTRE TUBES'!$B$7:$B$2506,0))="","",INDEX('REGISTRE TUBES'!$D$7:$D$2506,MATCH($C9,'REGISTRE TUBES'!$B$7:$B$2506,0))),"?")) | F9: =IF($C9="","",IFERROR(IF(INDEX('REGISTRE TUBES'!$F$7:$F$2506,MATCH($C9,'REGISTRE TUBES'!$B$7:$B$2506,0))="","",INDEX('REGISTRE TUBES'!$F$7:$F$2506,MATCH($C9,'REGISTRE TUBES'!$B$7:$B$2506,0))),"?")) -> 11.94 | G9: =IF($C9="","",N(G8)+N(F9)) -> 59.7 | H9: DJ°520
B10: 6 | C10: 2091760 | D10: =IF($C10="","",IFERROR(IF(INDEX('REGISTRE TUBES'!$C$7:$C$2506,MATCH($C10,'REGISTRE TUBES'!$B$7:$B$2506,0))="","",INDEX('REGISTRE TUBES'!$C$7:$C$2506,MATCH($C10,'REGISTRE TUBES'!$B$7:$B$2506,0))),"?")) -> 15421109 | E10: =IF($C10="","",IFERROR(IF(INDEX('REGISTRE TUBES'!$D$7:$D$2506,MATCH($C10,'REGISTRE TUBES'!$B$7:$B$2506,0))="","",INDEX('REGISTRE TUBES'!$D$7:$D$2506,MATCH($C10,'REGISTRE TUBES'!$B$7:$B$2506,0))),"?")) | F10: =IF($C10="","",IFERROR(IF(INDEX('REGISTRE TUBES'!$F$7:$F$2506,MATCH($C10,'REGISTRE TUBES'!$B$7:$B$2506,0))="","",INDEX('REGISTRE TUBES'!$F$7:$F$2506,MATCH($C10,'REGISTRE TUBES'!$B$7:$B$2506,0))),"?")) -> 11.94 | G10: =IF($C10="","",N(G9)+N(F10)) -> 71.64 | H10: JN°760
B11: 7 | C11: 2085850 | D11: =IF($C11="","",IFERROR(IF(INDEX('REGISTRE TUBES'!$C$7:$C$2506,MATCH($C11,'REGISTRE TUBES'!$B$7:$B$2506,0))="","",INDEX('REGISTRE TUBES'!$C$7:$C$2506,MATCH($C11,'REGISTRE TUBES'!$B$7:$B$2506,0))),"?")) -> 15421107 | E11: =IF($C11="","",IFERROR(IF(INDEX('REGISTRE TUBES'!$D$7:$D$2506,MATCH($C11,'REGISTRE TUBES'!$B$7:$B$2506,0))="","",INDEX('REGISTRE TUBES'!$D$7:$D$2506,MATCH($C11,'REGISTRE TUBES'!$B$7:$B$2506,0))),"?")) | F11: =IF($C11="","",IFERROR(IF(INDEX('REGISTRE TUBES'!$F$7:$F$2506,MATCH($C11,'REGISTRE TUBES'!$B$7:$B$2506,0))="","",INDEX('REGISTRE TUBES'!$F$7:$F$2506,MATCH($C11,'REGISTRE TUBES'!$B$7:$B$2506,0))),"?")) -> 11.94 | G11: =IF($C11="","",N(G10)+N(F11)) -> 83.58 | H11: DJ°505
B12: 8 | C12: 2096300 | D12: =IF($C12="","",IFERROR(IF(INDEX('REGISTRE TUBES'!$C$7:$C$2506,MATCH($C12,'REGISTRE TUBES'!$B$7:$B$2506,0))="","",INDEX('REGISTRE TUBES'!$C$7:$C$2506,MATCH($C12,'REGISTRE TUBES'!$B$7:$B$2506,0))),"?")) -> 15421111 | E12: =IF($C12="","",IFERROR(IF(INDEX('REGISTRE TUBES'!$D$7:$D$2506,MATCH($C12,'REGISTRE TUBES'!$B$7:$B$2506,0))="","",INDEX('REGISTRE TUBES'!$D$7:$D$2506,MATCH($C12,'REGISTRE TUBES'!$B$7:$B$2506,0))),"?")) | F12: =IF($C12="","",IFERROR(IF(INDEX('REGISTRE TUBES'!$F$7:$F$2506,MATCH($C12,'REGISTRE TUBES'!$B$7:$B$2506,0))="","",INDEX('REGISTRE TUBES'!$F$7:$F$2506,MATCH($C12,'REGISTRE TUBES'!$B$7:$B$2506,0))),"?")) -> 11.94 | G12: =IF($C12="","",N(G11)+N(F12)) -> 95.52 | H12: JN°761
B13: 9 | C13: 2092850 | D13: =IF($C13="","",IFERROR(IF(INDEX('REGISTRE TUBES'!$C$7:$C$2506,MATCH($C13,'REGISTRE TUBES'!$B$7:$B$2506,0))="","",INDEX('REGISTRE TUBES'!$C$7:$C$2506,MATCH($C13,'REGISTRE TUBES'!$B$7:$B$2506,0))),"?")) -> 15421110 | E13: =IF($C13="","",IFERROR(IF(INDEX('REGISTRE TUBES'!$D$7:$D$2506,MATCH($C13,'REGISTRE TUBES'!$B$7:$B$2506,0))="","",INDEX('REGISTRE TUBES'!$D$7:$D$2506,MATCH($C13,'REGISTRE TUBES'!$B$7:$B$2506,0))),"?")) | F13: =IF($C13="","",IFERROR(IF(INDEX('REGISTRE TUBES'!$F$7:$F$2506,MATCH($C13,'REGISTRE TUBES'!$B$7:$B$2506,0))="","",INDEX('REGISTRE TUBES'!$F$7:$F$2506,MATCH($C13,'REGISTRE TUBES'!$B$7:$B$2506,0))),"?")) -> 11.94 | G13: =IF($C13="","",N(G12)+N(F13)) -> 107.46 | H13: DJ°466
B14: 10 | C14: 2083450 | D14: =IF($C14="","",IFERROR(IF(INDEX('REGISTRE TUBES'!$C$7:$C$2506,MATCH($C14,'REGISTRE TUBES'!$B$7:$B$2506,0))="","",INDEX('REGISTRE TUBES'!$C$7:$C$2506,MATCH($C14,'REGISTRE TUBES'!$B$7:$B$2506,0))),"?")) -> 15421103 | E14: =IF($C14="","",IFERROR(IF(INDEX('REGISTRE TUBES'!$D$7:$D$2506,MATCH($C14,'REGISTRE TUBES'!$B$7:$B$2506,0))="","",INDEX('REGISTRE TUBES'!$D$7:$D$2506,MATCH($C14,'REGISTRE TUBES'!$B$7:$B$2506,0))),"?")) | F14: =IF($C14="","",IFERROR(IF(INDEX('REGISTRE TUBES'!$F$7:$F$2506,MATCH($C14,'REGISTRE TUBES'!$B$7:$B$2506,0))="","",INDEX('REGISTRE TUBES'!$F$7:$F$2506,MATCH($C14,'REGISTRE TUBES'!$B$7:$B$2506,0))),"?")) -> 11.94 | G14: =IF($C14="","",N(G13)+N(F14)) -> 119.4 | H14: JN°762
B15: 11 | C15: 2093110 | D15: =IF($C15="","",IFERROR(IF(INDEX('REGISTRE TUBES'!$C$7:$C$2506,MATCH($C15,'REGISTRE TUBES'!$B$7:$B$2506,0))="","",INDEX('REGISTRE TUBES'!$C$7:$C$2506,MATCH($C15,'REGISTRE TUBES'!$B$7:$B$2506,0))),"?")) -> 15421110 | E15: =IF($C15="","",IFERROR(IF(INDEX('REGISTRE TUBES'!$D$7:$D$2506,MATCH($C15,'REGISTRE TUBES'!$B$7:$B$2506,0))="","",INDEX('REGISTRE TUBES'!$D$7:$D$2506,MATCH($C15,'REGISTRE TUBES'!$B$7:$B$2506,0))),"?")) | F15: =IF($C15="","",IFERROR(IF(INDEX('REGISTRE TUBES'!$F$7:$F$2506,MATCH($C15,'REGISTRE TUBES'!$B$7:$B$2506,0))="","",INDEX('REGISTRE TUBES'!$F$7:$F$2506,MATCH($C15,'REGISTRE TUBES'!$B$7:$B$2506,0))),"?")) -> 11.94 | G15: =IF($C15="","",N(G14)+N(F15)) -> 131.34 | H15: DJ°477
B16: 12 | C16: 2094210 | D16: =IF($C16="","",IFERROR(IF(INDEX('REGISTRE TUBES'!$C$7:$C$2506,MATCH($C16,'REGISTRE TUBES'!$B$7:$B$2506,0))="","",INDEX('REGISTRE TUBES'!$C$7:$C$2506,MATCH($C16,'REGISTRE TUBES'!$B$7:$B$2506,0))),"?")) -> 15421110 | E16: =IF($C16="","",IFERROR(IF(INDEX('REGISTRE TUBES'!$D$7:$D$2506,MATCH($C16,'REGISTRE TUBES'!$B$7:$B$2506,0))="","",INDEX('REGISTRE TUBES'!$D$7:$D$2506,MATCH($C16,'REGISTRE TUBES'!$B$7:$B$2506,0))),"?")) | F16: =IF($C16="","",IFERROR(IF(INDEX('REGISTRE TUBES'!$F$7:$F$2506,MATCH($C16,'REGISTRE TUBES'!$B$7:$B$2506,0))="","",INDEX('REGISTRE TUBES'!$F$7:$F$2506,MATCH($C16,'REGISTRE TUBES'!$B$7:$B$2506,0))),"?")) -> 11.94 | G16: =IF($C16="","",N(G15)+N(F16)) -> 143.28
B17: 13 | C17: 2078980 | D17: =IF($C17="","",IFERROR(IF(INDEX('REGISTRE TUBES'!$C$7:$C$2506,MATCH($C17,'REGISTRE TUBES'!$B$7:$B$2506,0))="","",INDEX('REGISTRE TUBES'!$C$7:$C$2506,MATCH($C17,'REGISTRE TUBES'!$B$7:$B$2506,0))),"?")) -> 15421102 | E17: =IF($C17="","",IFERROR(IF(INDEX('REGISTRE TUBES'!$D$7:$D$2506,MATCH($C17,'REGISTRE TUBES'!$B$7:$B$2506,0))="","",INDEX('REGISTRE TUBES'!$D$7:$D$2506,MATCH($C17,'REGISTRE TUBES'!$B$7:$B$2506,0))),"?")) | F17: =IF($C17="","",IFERROR(IF(INDEX('REGISTRE TUBES'!$F$7:$F$2506,MATCH($C17,'REGISTRE TUBES'!$B$7:$B$2506,0))="","",INDEX('REGISTRE TUBES'!$F$7:$F$2506,MATCH($C17,'REGISTRE TUBES'!$B$7:$B$2506,0))),"?")) -> 11.94 | G17: =IF($C17="","",N(G16)+N(F17)) -> 155.22 | H17: DJ°506
B18: 14 | C18: 2095190 | D18: =IF($C18="","",IFERROR(IF(INDEX('REGISTRE TUBES'!$C$7:$C$2506,MATCH($C18,'REGISTRE TUBES'!$B$7:$B$2506,0))="","",INDEX('REGISTRE TUBES'!$C$7:$C$2506,MATCH($C18,'REGISTRE TUBES'!$B$7:$B$2506,0))),"?")) -> 15421111 | E18: =IF($C18="","",IFERROR(IF(INDEX('REGISTRE TUBES'!$D$7:$D$2506,MATCH($C18,'REGISTRE TUBES'!$B$7:$B$2506,0))="","",INDEX('REGISTRE TUBES'!$D$7:$D$2506,MATCH($C18,'REGISTRE TUBES'!$B$7:$B$2506,0))),"?")) | F18: =IF($C18="","",IFERROR(IF(INDEX('REGISTRE TUBES'!$F$7:$F$2506,MATCH($C18,'REGISTRE TUBES'!$B$7:$B$2506,0))="","",INDEX('REGISTRE TUBES'!$F$7:$F$2506,MATCH($C18,'REGISTRE TUBES'!$B$7:$B$2506,0))),"?")) -> 11.94 | G18: =IF($C18="","",N(G17)+N(F18)) -> 167.16 | H18: JN°765
B19: 15 | C19: 2092040 | D19: =IF($C19="","",IFERROR(IF(INDEX('REGISTRE TUBES'!$C$7:$C$2506,MATCH($C19,'REGISTRE TUBES'!$B$7:$B$2506,0))="","",INDEX('REGISTRE TUBES'!$C$7:$C$2506,MATCH($C19,'REGISTRE TUBES'!$B$7:$B$2506,0))),"?")) -> 15421109 | E19: =IF($C19="","",IFERROR(IF(INDEX('REGISTRE TUBES'!$D$7:$D$2506,MATCH($C19,'REGISTRE TUBES'!$B$7:$B$2506,0))="","",INDEX('REGISTRE TUBES'!$D$7:$D$2506,MATCH($C19,'REGISTRE TUBES'!$B$7:$B$2506,0))),"?")) | F19: =IF($C19="","",IFERROR(IF(INDEX('REGISTRE TUBES'!$F$7:$F$2506,MATCH($C19,'REGISTRE TUBES'!$B$7:$B$2506,0))="","",INDEX('REGISTRE TUBES'!$F$7:$F$2506,MATCH($C19,'REGISTRE TUBES'!$B$7:$B$2506,0))),"?")) -> 11.94 | G19: =IF($C19="","",N(G18)+N(F19)) -> 179.1 | H19: DJ°502
B20: 16 | C20: 2091970 | D20: =IF($C20="","",IFERROR(IF(INDEX('REGISTRE TUBES'!$C$7:$C$2506,MATCH($C20,'REGISTRE TUBES'!$B$7:$B$2506,0))="","",INDEX('REGISTRE TUBES'!$C$7:$C$2506,MATCH($C20,'REGISTRE TUBES'!$B$7:$B$2506,0))),"?")) -> 15421109 | E20: =IF($C20="","",IFERROR(IF(INDEX('REGISTRE TUBES'!$D$7:$D$2506,MATCH($C20,'REGISTRE TUBES'!$B$7:$B$2506,0))="","",INDEX('REGISTRE TUBES'!$D$7:$D$2506,MATCH($C20,'REGISTRE TUBES'!$B$7:$B$2506,0))),"?")) | F20: =IF($C20="","",IFERROR(IF(INDEX('REGISTRE TUBES'!$F$7:$F$2506,MATCH($C20,'REGISTRE TUBES'!$B$7:$B$2506,0))="","",INDEX('REGISTRE TUBES'!$F$7:$F$2506,MATCH($C20,'REGISTRE TUBES'!$B$7:$B$2506,0))),"?")) -> 11.94 | G20: =IF($C20="","",N(G19)+N(F20)) -> 191.04 | H20: JN°766
B21: 17 | C21: 2082570 | D21: =IF($C21="","",IFERROR(IF(INDEX('REGISTRE TUBES'!$C$7:$C$2506,MATCH($C21,'REGISTRE TUBES'!$B$7:$B$2506,0))="","",INDEX('REGISTRE TUBES'!$C$7:$C$2506,MATCH($C21,'REGISTRE TUBES'!$B$7:$B$2506,0))),"?")) -> 15421104 | E21: =IF($C21="","",IFERROR(IF(INDEX('REGISTRE TUBES'!$D$7:$D$2506,MATCH($C21,'REGISTRE TUBES'!$B$7:$B$2506,0))="","",INDEX('REGISTRE TUBES'!$D$7:$D$2506,MATCH($C21,'REGISTRE TUBES'!$B$7:$B$2506,0))),"?")) | F21: =IF($C21="","",IFERROR(IF(INDEX('REGISTRE TUBES'!$F$7:$F$2506,MATCH($C21,'REGISTRE TUBES'!$B$7:$B$2506,0))="","",INDEX('REGISTRE TUBES'!$F$7:$F$2506,MATCH($C21,'REGISTRE TUBES'!$B$7:$B$2506,0))),"?")) -> 11.94 | G21: =IF($C21="","",N(G20)+N(F21)) -> 202.98 | H21: DJ°508
B22: 18 | C22: 2094190 | D22: =IF($C22="","",IFERROR(IF(INDEX('REGISTRE TUBES'!$C$7:$C$2506,MATCH($C22,'REGISTRE TUBES'!$B$7:$B$2506,0))="","",INDEX('REGISTRE TUBES'!$C$7:$C$2506,MATCH($C22,'REGISTRE TUBES'!$B$7:$B$2506,0))),"?")) -> 15421110 | E22: =IF($C22="","",IFERROR(IF(INDEX('REGISTRE TUBES'!$D$7:$D$2506,MATCH($C22,'REGISTRE TUBES'!$B$7:$B$2506,0))="","",INDEX('REGISTRE TUBES'!$D$7:$D$2506,MATCH($C22,'REGISTRE TUBES'!$B$7:$B$2506,0))),"?")) | F22: =IF($C22="","",IFERROR(IF(INDEX('REGISTRE TUBES'!$F$7:$F$2506,MATCH($C22,'REGISTRE TUBES'!$B$7:$B$2506,0))="","",INDEX('REGISTRE TUBES'!$F$7:$F$2506,MATCH($C22,'REGISTRE TUBES'!$B$7:$B$2506,0))),"?")) -> 11.94 | G22: =IF($C22="","",N(G21)+N(F22)) -> 214.92 | H22: JN°767
B23: 19 | C23: 2081000 | D23: =IF($C23="","",IFERROR(IF(INDEX('REGISTRE TUBES'!$C$7:$C$2506,MATCH($C23,'REGISTRE TUBES'!$B$7:$B$2506,0))="","",INDEX('REGISTRE TUBES'!$C$7:$C$2506,MATCH($C23,'REGISTRE TUBES'!$B$7:$B$2506,0))),"?")) -> 15421109 | E23: =IF($C23="","",IFERROR(IF(INDEX('REGISTRE TUBES'!$D$7:$D$2506,MATCH($C23,'REGISTRE TUBES'!$B$7:$B$2506,0))="","",INDEX('REGISTRE TUBES'!$D$7:$D$2506,MATCH($C23,'REGISTRE TUBES'!$B$7:$B$2506,0))),"?")) | F23: =IF($C23="","",IFERROR(IF(INDEX('REGISTRE TUBES'!$F$7:$F$2506,MATCH($C23,'REGISTRE TUBES'!$B$7:$B$2506,0))="","",INDEX('REGISTRE TUBES'!$F$7:$F$2506,MATCH($C23,'REGISTRE TUBES'!$B$7:$B$2506,0))),"?")) -> 11.94 | G23: =IF($C23="","",N(G22)+N(F23)) -> 226.86 | H23: DJ°504
B24: Total fiche | F24: =SUM(F5:F23) -> 226.86 | G24: =IF(COUNT(G5:G23)=0,"",MAX(G5:G23)) -> 226.86 | H24: =COUNTA(C5:C23)&" tube(s)" -> 19 tube(s)
B26: Établi par : | F26: Contrôlé par : | I26: Visa client :
B29: FICHE DE BARDAGE — PIPELINE
B30: =PARAMÈTRES!$C$4&" • Affaire N° "&PARAMÈTRES!$C$5 -> Développement des champs gaziers TFT II — réseau de collecte TFT Sud (LIGNE-16) • Affaire N° 8546
B31: Ligne : | C31: MFD-ISW → MFD-CPF | E31: Fiche N° : | F31: 02 | G31: Page : | H31: 2 / 71 | I31: Date :
B32: N° ordre | C32: N° Pipe | D32: N° Coulée | E32: N° Lot | F32: Longueur (m) | G32: Longueur cumulée (m) | H32: NJ (aval) | I32: Date bardage | J32: Observations
B33: 20 | C33: 2097230 | D33: =IF($C33="","",IFERROR(IF(INDEX('REGISTRE TUBES'!$C$7:$C$2506,MATCH($C33,'REGISTRE TUBES'!$B$7:$B$2506,0))="","",INDEX('REGISTRE TUBES'!$C$7:$C$2506,MATCH($C33,'REGISTRE TUBES'!$B$7:$B$2506,0))),"?")) -> 15421109 | E33: =IF($C33="","",IFERROR(IF(INDEX('REGISTRE TUBES'!$D$7:$D$2506,MATCH($C33,'REGISTRE TUBES'!$B$7:$B$2506,0))="","",INDEX('REGISTRE TUBES'!$D$7:$D$2506,MATCH($C33,'REGISTRE TUBES'!$B$7:$B$2506,0))),"?")) | F33: =IF($C33="","",IFERROR(IF(INDEX('REGISTRE TUBES'!$F$7:$F$2506,MATCH($C33,'REGISTRE TUBES'!$B$7:$B$2506,0))="","",INDEX('REGISTRE TUBES'!$F$7:$F$2506,MATCH($C33,'REGISTRE TUBES'!$B$7:$B$2506,0))),"?")) -> 11.94 | G33: =IF($C33="","",N(G23)+N(F33)) -> 238.8 | H33: JN°768
B34: 21 | C34: 2085050 | D34: =IF($C34="","",IFERROR(IF(INDEX('REGISTRE TUBES'!$C$7:$C$2506,MATCH($C34,'REGISTRE TUBES'!$B$7:$B$2506,0))="","",INDEX('REGISTRE TUBES'!$C$7:$C$2506,MATCH($C34,'REGISTRE TUBES'!$B$7:$B$2506,0))),"?")) -> 15421106 | E34: =IF($C34="","",IFERROR(IF(INDEX('REGISTRE TUBES'!$D$7:$D$2506,MATCH($C34,'REGISTRE TUBES'!$B$7:$B$2506,0))="","",INDEX('REGISTRE TUBES'!$D$7:$D$2506,MATCH($C34,'REGISTRE TUBES'!$B$7:$B$2506,0))),"?")) | F34: =IF($C34="","",IFERROR(IF(INDEX('REGISTRE TUBES'!$F$7:$F$2506,MATCH($C34,'REGISTRE TUBES'!$B$7:$B$2506,0))="","",INDEX('REGISTRE TUBES'!$F$7:$F$2506,MATCH($C34,'REGISTRE TUBES'!$B$7:$B$2506,0))),"?")) -> 11.94 | G34: =IF($C34="","",N(G33)+N(F34)) -> 250.74 | H34: DJ°510
B35: 22 | C35: 2079150 | D35: =IF($C35="","",IFERROR(IF(INDEX('REGISTRE TUBES'!$C$7:$C$2506,MATCH($C35,'REGISTRE TUBES'!$B$7:$B$2506,0))="","",INDEX('REGISTRE TUBES'!$C$7:$C$2506,MATCH($C35,'REGISTRE TUBES'!$B$7:$B$2506,0))),"?")) -> 15421102 | E35: =IF($C35="","",IFERROR(IF(INDEX('REGISTRE TUBES'!$D$7:$D$2506,MATCH($C35,'REGISTRE TUBES'!$B$7:$B$2506,0))="","",INDEX('REGISTRE TUBES'!$D$7:$D$2506,MATCH($C35,'REGISTRE TUBES'!$B$7:$B$2506,0))),"?")) | F35: =IF($C35="","",IFERROR(IF(INDEX('REGISTRE TUBES'!$F$7:$F$2506,MATCH($C35,'REGISTRE TUBES'!$B$7:$B$2506,0))="","",INDEX('REGISTRE TUBES'!$F$7:$F$2506,MATCH($C35,'REGISTRE TUBES'!$B$7:$B$2506,0))),"?")) -> 11.94 | G35: =IF($C35="","",N(G34)+N(F35)) -> 262.68 | H35: JN°769
B36: 23 | C36: 2089800 | D36: =IF($C36="","",IFERROR(IF(INDEX('REGISTRE TUBES'!$C$7:$C$2506,MATCH($C36,'REGISTRE TUBES'!$B$7:$B$2506,0))="","",INDEX('REGISTRE TUBES'!$C$7:$C$2506,MATCH($C36,'REGISTRE TUBES'!$B$7:$B$2506,0))),"?")) -> 15421108 | E36: =IF($C36="","",IFERROR(IF(INDEX('REGISTRE TUBES'!$D$7:$D$2506,MATCH($C36,'REGISTRE TUBES'!$B$7:$B$2506,0))="","",INDEX('REGISTRE TUBES'!$D$7:$D$2506,MATCH($C36,'REGISTRE TUBES'!$B$7:$B$2506,0))),"?")) | F36: =IF($C36="","",IFERROR(IF(INDEX('REGISTRE TUBES'!$F$7:$F$2506,MATCH($C36,'REGISTRE TUBES'!$B$7:$B$2506,0))="","",INDEX('REGISTRE TUBES'!$F$7:$F$2506,MATCH($C36,'REGISTRE TUBES'!$B$7:$B$2506,0))),"?")) -> 11.94 | G36: =IF($C36="","",N(G35)+N(F36)) -> 274.62 | H36: DJ°511
B37: 24 | C37: 2081110 | D37: =IF($C37="","",IFERROR(IF(INDEX('REGISTRE TUBES'!$C$7:$C$2506,MATCH($C37,'REGISTRE TUBES'!$B$7:$B$2506,0))="","",INDEX('REGISTRE TUBES'!$C$7:$C$2506,MATCH($C37,'REGISTRE TUBES'!$B$7:$B$2506,0))),"?")) -> 15421103 | E37: =IF($C37="","",IFERROR(IF(INDEX('REGISTRE TUBES'!$D$7:$D$2506,MATCH($C37,'REGISTRE TUBES'!$B$7:$B$2506,0))="","",INDEX('REGISTRE TUBES'!$D$7:$D$2506,MATCH($C37,'REGISTRE TUBES'!$B$7:$B$2506,0))),"?")) | F37: =IF($C37="","",IFERROR(IF(INDEX('REGISTRE TUBES'!$F$7:$F$2506,MATCH($C37,'REGISTRE TUBES'!$B$7:$B$2506,0))="","",INDEX('REGISTRE TUBES'!$F$7:$F$2506,MATCH($C37,'REGISTRE TUBES'!$B$7:$B$2506,0))),"?")) -> 11.94 | G37: =IF($C37="","",N(G36)+N(F37)) -> 286.56 | H37: JN°770
B38: 25 | C38: 2085700 | D38: =IF($C38="","",IFERROR(IF(INDEX('REGISTRE TUBES'!$C$7:$C$2506,MATCH($C38,'REGISTRE TUBES'!$B$7:$B$2506,0))="","",INDEX('REGISTRE TUBES'!$C$7:$C$2506,MATCH($C38,'REGISTRE TUBES'!$B$7:$B$2506,0))),"?")) -> 15421107 | E38: =IF($C38="","",IFERROR(IF(INDEX('REGISTRE TUBES'!$D$7:$D$2506,MATCH($C38,'REGISTRE TUBES'!$B$7:$B$2506,0))="","",INDEX('REGISTRE TUBES'!$D$7:$D$2506,MATCH($C38,'REGISTRE TUBES'!$B$7:$B$2506,0))),"?")) | F38: =IF($C38="","",IFERROR(IF(INDEX('REGISTRE TUBES'!$F$7:$F$2506,MATCH($C38,'REGISTRE TUBES'!$B$7:$B$2506,0))="","",INDEX('REGISTRE TUBES'!$F$7:$F$2506,MATCH($C38,'REGISTRE TUBES'!$B$7:$B$2506,0))),"?")) -> 11.94 | G38: =IF($C38="","",N(G37)+N(F38)) -> 298.5 | H38: DJ°519
B39: 26 | C39: 2078860 | D39: =IF($C39="","",IFERROR(IF(INDEX('REGISTRE TUBES'!$C$7:$C$2506,MATCH($C39,'REGISTRE TUBES'!$B$7:$B$2506,0))="","",INDEX('REGISTRE TUBES'!$C$7:$C$2506,MATCH($C39,'REGISTRE TUBES'!$B$7:$B$2506,0))),"?")) -> 15421101 | E39: =IF($C39="","",IFERROR(IF(INDEX('REGISTRE TUBES'!$D$7:$D$2506,MATCH($C39,'REGISTRE TUBES'!$B$7:$B$2506,0))="","",INDEX('REGISTRE TUBES'!$D$7:$D$2506,MATCH($C39,'REGISTRE TUBES'!$B$7:$B$2506,0))),"?")) | F39: =IF($C39="","",IFERROR(IF(INDEX('REGISTRE TUBES'!$F$7:$F$2506,MATCH($C39,'REGISTRE TUBES'!$B$7:$B$2506,0))="","",INDEX('REGISTRE TUBES'!$F$7:$F$2506,MATCH($C39,'REGISTRE TUBES'!$B$7:$B$2506,0))),"?")) -> 11.94 | G39: =IF($C39="","",N(G38)+N(F39)) -> 310.44 | H39: JN°771
B40: 27 | C40: 2093120 | D40: =IF($C40="","",IFERROR(IF(INDEX('REGISTRE TUBES'!$C$7:$C$2506,MATCH($C40,'REGISTRE TUBES'!$B$7:$B$2506,0))="","",INDEX('REGISTRE TUBES'!$C$7:$C$2506,MATCH($C40,'REGISTRE TUBES'!$B$7:$B$2506,0))),"?")) -> 15421104 | E40: =IF($C40="","",IFERROR(IF(INDEX('REGISTRE TUBES'!$D$7:$D$2506,MATCH($C40,'REGISTRE TUBES'!$B$7:$B$2506,0))="","",INDEX('REGISTRE TUBES'!$D$7:$D$2506,MATCH($C40,'REGISTRE TUBES'!$B$7:$B$2506,0))),"?")) | F40: =IF($C40="","",IFERROR(IF(INDEX('REGISTRE TUBES'!$F$7:$F$2506,MATCH($C40,'REGISTRE TUBES'!$B$7:$B$2506,0))="","",INDEX('REGISTRE TUBES'!$F$7:$F$2506,MATCH($C40,'REGISTRE TUBES'!$B$7:$B$2506,0))),"?")) -> 11.94 | G40: =IF($C40="","",N(G39)+N(F40)) -> 322.38 | H40: DJ°509
B41: 28 | C41: 2079630 | D41: =IF($C41="","",IFERROR(IF(INDEX('REGISTRE TUBES'!$C$7:$C$2506,MATCH($C41,'REGISTRE TUBES'!$B$7:$B$2506,0))="","",INDEX('REGISTRE TUBES'!$C$7:$C$2506,MATCH($C41,'REGISTRE TUBES'!$B$7:$B$2506,0))),"?")) -> 15421110 | E41: =IF($C41="","",IFERROR(IF(INDEX('REGISTRE TUBES'!$D$7:$D$2506,MATCH($C41,'REGISTRE TUBES'!$B$7:$B$2506,0))="","",INDEX('REGISTRE TUBES'!$D$7:$D$2506,MATCH($C41,'REGISTRE TUBES'!$B$7:$B$2506,0))),"?")) | F41: =IF($C41="","",IFERROR(IF(INDEX('REGISTRE TUBES'!$F$7:$F$2506,MATCH($C41,'REGISTRE TUBES'!$B$7:$B$2506,0))="","",INDEX('REGISTRE TUBES'!$F$7:$F$2506,MATCH($C41,'REGISTRE TUBES'!$B$7:$B$2506,0))),"?")) -> 11.94 | G41: =IF($C41="","",N(G40)+N(F41)) -> 334.32 | H41: JN°772
B42: 29 | C42: 2081080 | D42: =IF($C42="","",IFERROR(IF(INDEX('REGISTRE TUBES'!$C$7:$C$2506,MATCH($C42,'REGISTRE TUBES'!$B$7:$B$2506,0))="","",INDEX('REGISTRE TUBES'!$C$7:$C$2506,MATCH($C42,'REGISTRE TUBES'!$B$7:$B$2506,0))),"?")) -> 15421103 | E42: =IF($C42="","",IFERROR(IF(INDEX('REGISTRE TUBES'!$D$7:$D$2506,MATCH($C42,'REGISTRE TUBES'!$B$7:$B$2506,0))="","",INDEX('REGISTRE TUBES'!$D$7:$D$2506,MATCH($C42,'REGISTRE TUBES'!$B$7:$B$2506,0))),"?")) | F42: =IF($C42="","",IFERROR(IF(INDEX('REGISTRE TUBES'!$F$7:$F$2506,MATCH($C42,'REGISTRE TUBES'!$B$7:$B$2506,0))="","",INDEX('REGISTRE TUBES'!$F$7:$F$2506,MATCH($C42,'REGISTRE TUBES'!$B$7:$B$2506,0))),"?")) -> 11.94 | G42: =IF($C42="","",N(G41)+N(F42)) -> 346.26 | H42: DJ°517
B43: 30 | C43: 2082730 | D43: =IF($C43="","",IFERROR(IF(INDEX('REGISTRE TUBES'!$C$7:$C$2506,MATCH($C43,'REGISTRE TUBES'!$B$7:$B$2506,0))="","",INDEX('REGISTRE TUBES'!$C$7:$C$2506,MATCH($C43,'REGISTRE TUBES'!$B$7:$B$2506,0))),"?")) -> 15421104 | E43: =IF($C43="","",IFERROR(IF(INDEX('REGISTRE TUBES'!$D$7:$D$2506,MATCH($C43,'REGISTRE TUBES'!$B$7:$B$2506,0))="","",INDEX('REGISTRE TUBES'!$D$7:$D$2506,MATCH($C43,'REGISTRE TUBES'!$B$7:$B$2506,0))),"?")) | F43: =IF($C43="","",IFERROR(IF(INDEX('REGISTRE TUBES'!$F$7:$F$2506,MATCH($C43,'REGISTRE TUBES'!$B$7:$B$2506,0))="","",INDEX('REGISTRE TUBES'!$F$7:$F$2506,MATCH($C43,'REGISTRE TUBES'!$B$7:$B$2506,0))),"?")) -> 11.94 | G43: =IF($C43="","",N(G42)+N(F43)) -> 358.2 | H43: JN°773
