Workbook
Name _1_2: WPS!#REF!
Name _1_2: #REF!
Name _1_2: WPS!#REF!
Name _1_PASSE: #REF!
Name _1_PASSE: #REF!
Name _1_PASSE: #REF!
Name _1_PASSE: #REF!
Name _1_PASSE: #REF!
Name A: #REF!
Name A: #REF!
Name A: #REF!
Name A105_A105: #REF!
Name A105_A105: #REF!
Name A105_A105: #REF!
Name A105_A106GrB: #REF!
Name A105_A106GrB: #REF!
Name A105_A106GrB: #REF!
Name A105_A234WPB: #REF!
Name A105_A234WPB: #REF!
Name A105_A234WPB: #REF!
Name A105_A694F60: #REF!
Name A105_A694F60: #REF!
Name A105_A694F60: #REF!
Name A106GrB_A105: #REF!
Name A106GrB_A105: #REF!
Name A106GrB_A105: #REF!
Name A106GrB_A106GrB: #REF!
Name A106GrB_A106GrB: #REF!
Name A106GrB_A106GrB: #REF!
Name A106GrB_A234WPB: #REF!
Name A106GrB_A234WPB: #REF!
Name A106GrB_A234WPB: #REF!
Name A106GrB_A694F60: #REF!
Name A106GrB_A694F60: #REF!
Name A106GrB_A694F60: #REF!
Name A234WPB_A105: #REF!
Name A234WPB_A105: #REF!
Name A234WPB_A105: #REF!
Name A234WPB_A106GrB: #REF!
Name A234WPB_A106GrB: #REF!
Name A234WPB_A106GrB: #REF!
Name A234WPB_A234WPB: #REF!
Name A234WPB_A234WPB: #REF!
Name A234WPB_A234WPB: #REF!
Name A234WPB_A694F60: #REF!
Name A234WPB_A694F60: #REF!
Name A234WPB_A694F60: #REF!
Name A333Gr6_A333Gr6: #REF!
Name A333Gr6_A333Gr6: #REF!
Name A333Gr6_A333Gr6: #REF!
Name A333Gr6_A350LF2: #REF!
Name A333Gr6_A350LF2: #REF!
Name A333Gr6_A350LF2: #REF!
Name A333Gr6_A420WPL: #REF!
Name A333Gr6_A420WPL: #REF!
Name A333Gr6_A420WPL: #REF!
Name A333Gr6_A694F60: #REF!
Name A333Gr6_A694F60: #REF!
Name A333Gr6_A694F60: #REF!
Name A350LF2_A333Gr6: #REF!

Sheet HOMO
O1: 8557 | P1: Développement des champs gaziers de TFT II Contrat construction& commissionning « réseau de collecte TFT sud offsite-raccordement de vingt-quatre (24) puits producteurs de gaz » a TFT- Hassi Rmel
O2: 8546 | P2: Raccordement de onze (11) nouveaux puits au réseau de collects a TFT- Hassi Rmel
C4: Département Construction | H4: GTFT / ENGTP le | K4: 46316 | L4: =#REF! -> #REF!
C5: Service Soudage | K5: AFFAIRE : | L5: 8557
C6: =VLOOKUP($L$5,$O$1:$P$2,2,0) -> Développement des champs gaziers de TFT II Contrat construction& commissionning « réseau de collecte TFT sud offsite-raccordement de vingt-quatre (24) puits producteurs de gaz » a TFT- Hassi Rmel
D7: Homologation Des Soudeurs Pour | G7: =K4 -> 46316
F8: RFI: | G8: =IF(B11="","",INDEX('liste des soudeurs'!Q:Q,MATCH(B11,'liste des soudeurs'!$BI:$BI,0))) -> 21063-G0-PPL-RFI-0203
C10: NOM & PRENOM | D10: Repère soudeur | E10: WPS N° | F10: PROCESS | G10: NUANCE MATERIAL | H10: DIAMETER SIZE Ø | I10: EPAISSEUR THK (mm) | J10: position | K10: PreHeat | L10: Filler Metal Root & Hot | M10: Filler Metal Fill Cap | N10: VISUEL ACC/REJ
A11: 1 | B11: =IF(A11<=MAX('liste des soudeurs'!BI:BI),A11,"") -> 1 | C11: =IF(B11="","",INDEX('liste des soudeurs'!F:F,MATCH(B11,'liste des soudeurs'!$BI:$BI,0))) -> BITAM RABAH | D11: =IF(B11="","",INDEX('liste des soudeurs'!E:E,MATCH(B11,'liste des soudeurs'!$BI:$BI,0))) -> WR-068 | E11: =IF(B11="","",INDEX('liste des soudeurs'!G:G,MATCH(B11,'liste des soudeurs'!$BI:$BI,0))) -> TFT-II-PL-03 | F11: =IF(B11="","",INDEX('liste des soudeurs'!AE:AE,MATCH(B11,'liste des soudeurs'!$BI:$BI,0))) -> SMAW Mixte UP HILL/ Down hill | G11: =IF(B11="","",INDEX('liste des soudeurs'!H:H,MATCH(B11,'liste des soudeurs'!$BI:$BI,0))) -> API5L_X52 | H11: =IF(B11="","",INDEX('liste des soudeurs'!I:I,MATCH(B11,'liste des soudeurs'!$BI:$BI,0))) -> 12 | I11: =IF(B11="","",INDEX('liste des soudeurs'!J:J,MATCH(B11,'liste des soudeurs'!$BI:$BI,0))) -> 11.13 | J11: =IF(B11="","",INDEX('liste des soudeurs'!AH:AH,MATCH(B11,'liste des soudeurs'!$BI:$BI,0))) -> 5G | K11: =IF(B11="","",INDEX('liste des soudeurs'!AX:AX,MATCH(B11,'liste des soudeurs'!$BI:$BI,0))) -> 50°C Min | L11: =IF(B11="","",INDEX('liste des soudeurs'!AQ:AQ,MATCH(B11,'liste des soudeurs'!$BI:$BI,0))) -> E 6010 | M11: =IF(B11="","",INDEX('liste des soudeurs'!AR:AR,MATCH(B11,'liste des soudeurs'!$BI:$BI,0))) -> E 7010-P1
A12: 2 | B12: =IF(A12<=MAX('liste des soudeurs'!BI:BI),A12,"") -> 2 | C12: =IF(B12="","",INDEX('liste des soudeurs'!F:F,MATCH(B12,'liste des soudeurs'!$BI:$BI,0))) -> MEBARKI RABAH | D12: =IF(B12="","",INDEX('liste des soudeurs'!E:E,MATCH(B12,'liste des soudeurs'!$BI:$BI,0))) -> WR-069 | E12: =IF(B12="","",INDEX('liste des soudeurs'!G:G,MATCH(B12,'liste des soudeurs'!$BI:$BI,0))) -> TFT-II-PL-03 | F12: =IF(B12="","",INDEX('liste des soudeurs'!AE:AE,MATCH(B12,'liste des soudeurs'!$BI:$BI,0))) -> SMAW Mixte UP HILL/ Down hill | G12: =IF(B12="","",INDEX('liste des soudeurs'!H:H,MATCH(B12,'liste des soudeurs'!$BI:$BI,0))) -> API5L_X52 | H12: =IF(B12="","",INDEX('liste des soudeurs'!I:I,MATCH(B12,'liste des soudeurs'!$BI:$BI,0))) -> 12 | I12: =IF(B12="","",INDEX('liste des soudeurs'!J:J,MATCH(B12,'liste des soudeurs'!$BI:$BI,0))) -> 11.13 | J12: =IF(B12="","",INDEX('liste des soudeurs'!AH:AH,MATCH(B12,'liste des soudeurs'!$BI:$BI,0))) -> 5G | K12: =IF(B12="","",INDEX('liste des soudeurs'!AX:AX,MATCH(B12,'liste des soudeurs'!$BI:$BI,0))) -> 50°C Min | L12: =IF(B12="","",INDEX('liste des soudeurs'!AQ:AQ,MATCH(B12,'liste des soudeurs'!$BI:$BI,0))) -> E 6010 | M12: =IF(B12="","",INDEX('liste des soudeurs'!AR:AR,MATCH(B12,'liste des soudeurs'!$BI:$BI,0))) -> E 7010-P1
A13: 3 | B13: =IF(A13<=MAX('liste des soudeurs'!BI:BI),A13,"") | C13: =IF(B13="","",INDEX('liste des soudeurs'!F:F,MATCH(B13,'liste des soudeurs'!$BI:$BI,0))) | D13: =IF(B13="","",INDEX('liste des soudeurs'!E:E,MATCH(B13,'liste des soudeurs'!$BI:$BI,0))) | E13: =IF(B13="","",INDEX('liste des soudeurs'!G:G,MATCH(B13,'liste des soudeurs'!$BI:$BI,0))) | F13: =IF(B13="","",INDEX('liste des soudeurs'!AE:AE,MATCH(B13,'liste des soudeurs'!$BI:$BI,0))) | G13: =IF(B13="","",INDEX('liste des soudeurs'!H:H,MATCH(B13,'liste des soudeurs'!$BI:$BI,0))) | H13: =IF(B13="","",INDEX('liste des soudeurs'!I:I,MATCH(B13,'liste des soudeurs'!$BI:$BI,0))) | I13: =IF(B13="","",INDEX('liste des soudeurs'!J:J,MATCH(B13,'liste des soudeurs'!$BI:$BI,0))) | J13: =IF(B13="","",INDEX('liste des soudeurs'!AH:AH,MATCH(B13,'liste des soudeurs'!$BI:$BI,0))) | K13: =IF(B13="","",INDEX('liste des soudeurs'!AX:AX,MATCH(B13,'liste des soudeurs'!$BI:$BI,0))) | L13: =IF(B13="","",INDEX('liste des soudeurs'!AQ:AQ,MATCH(B13,'liste des soudeurs'!$BI:$BI,0))) | M13: =IF(B13="","",INDEX('liste des soudeurs'!AR:AR,MATCH(B13,'liste des soudeurs'!$BI:$BI,0)))
A14: 4 | B14: =IF(A14<=MAX('liste des soudeurs'!BI:BI),A14,"") | C14: =IF(B14="","",INDEX('liste des soudeurs'!F:F,MATCH(B14,'liste des soudeurs'!$BI:$BI,0))) | D14: =IF(B14="","",INDEX('liste des soudeurs'!E:E,MATCH(B14,'liste des soudeurs'!$BI:$BI,0))) | E14: =IF(B14="","",INDEX('liste des soudeurs'!G:G,MATCH(B14,'liste des soudeurs'!$BI:$BI,0))) | F14: =IF(B14="","",INDEX('liste des soudeurs'!AE:AE,MATCH(B14,'liste des soudeurs'!$BI:$BI,0))) | G14: =IF(B14="","",INDEX('liste des soudeurs'!H:H,MATCH(B14,'liste des soudeurs'!$BI:$BI,0))) | H14: =IF(B14="","",INDEX('liste des soudeurs'!I:I,MATCH(B14,'liste des soudeurs'!$BI:$BI,0))) | I14: =IF(B14="","",INDEX('liste des soudeurs'!J:J,MATCH(B14,'liste des soudeurs'!$BI:$BI,0))) | J14: =IF(B14="","",INDEX('liste des soudeurs'!AH:AH,MATCH(B14,'liste des soudeurs'!$BI:$BI,0))) | K14: =IF(B14="","",INDEX('liste des soudeurs'!AX:AX,MATCH(B14,'liste des soudeurs'!$BI:$BI,0))) | L14: =IF(B14="","",INDEX('liste des soudeurs'!AQ:AQ,MATCH(B14,'liste des soudeurs'!$BI:$BI,0))) | M14: =IF(B14="","",INDEX('liste des soudeurs'!AR:AR,MATCH(B14,'liste des soudeurs'!$BI:$BI,0)))
A15: 5 | B15: =IF(A15<=MAX('liste des soudeurs'!BI:BI),A15,"") | C15: =IF(B15="","",INDEX('liste des soudeurs'!F:F,MATCH(B15,'liste des soudeurs'!$BI:$BI,0))) | D15: =IF(B15="","",INDEX('liste des soudeurs'!E:E,MATCH(B15,'liste des soudeurs'!$BI:$BI,0))) | E15: =IF(B15="","",INDEX('liste des soudeurs'!G:G,MATCH(B15,'liste des soudeurs'!$BI:$BI,0))) | F15: =IF(B15="","",INDEX('liste des soudeurs'!AE:AE,MATCH(B15,'liste des soudeurs'!$BI:$BI,0))) | G15: =IF(B15="","",INDEX('liste des soudeurs'!H:H,MATCH(B15,'liste des soudeurs'!$BI:$BI,0))) | H15: =IF(B15="","",INDEX('liste des soudeurs'!I:I,MATCH(B15,'liste des soudeurs'!$BI:$BI,0))) | I15: =IF(B15="","",INDEX('liste des soudeurs'!J:J,MATCH(B15,'liste des soudeurs'!$BI:$BI,0))) | J15: =IF(B15="","",INDEX('liste des soudeurs'!AH:AH,MATCH(B15,'liste des soudeurs'!$BI:$BI,0))) | K15: =IF(B15="","",INDEX('liste des soudeurs'!AX:AX,MATCH(B15,'liste des soudeurs'!$BI:$BI,0))) | L15: =IF(B15="","",INDEX('liste des soudeurs'!AQ:AQ,MATCH(B15,'liste des soudeurs'!$BI:$BI,0))) | M15: =IF(B15="","",INDEX('liste des soudeurs'!AR:AR,MATCH(B15,'liste des soudeurs'!$BI:$BI,0)))
A16: 6 | B16: =IF(A16<=MAX('liste des soudeurs'!BI:BI),A16,"") | C16: =IF(B16="","",INDEX('liste des soudeurs'!F:F,MATCH(B16,'liste des soudeurs'!$BI:$BI,0))) | D16: =IF(B16="","",INDEX('liste des soudeurs'!E:E,MATCH(B16,'liste des soudeurs'!$BI:$BI,0))) | E16: =IF(B16="","",INDEX('liste des soudeurs'!G:G,MATCH(B16,'liste des soudeurs'!$BI:$BI,0))) | F16: =IF(B16="","",INDEX('liste des soudeurs'!AE:AE,MATCH(B16,'liste des soudeurs'!$BI:$BI,0))) | G16: =IF(B16="","",INDEX('liste des soudeurs'!H:H,MATCH(B16,'liste des soudeurs'!$BI:$BI,0))) | H16: =IF(B16="","",INDEX('liste des soudeurs'!I:I,MATCH(B16,'liste des soudeurs'!$BI:$BI,0))) | I16: =IF(B16="","",INDEX('liste des soudeurs'!J:J,MATCH(B16,'liste des soudeurs'!$BI:$BI,0))) | J16: =IF(B16="","",INDEX('liste des soudeurs'!AH:AH,MATCH(B16,'liste des soudeurs'!$BI:$BI,0))) | K16: =IF(B16="","",INDEX('liste des soudeurs'!AX:AX,MATCH(B16,'liste des soudeurs'!$BI:$BI,0))) | L16: =IF(B16="","",INDEX('liste des soudeurs'!AQ:AQ,MATCH(B16,'liste des soudeurs'!$BI:$BI,0))) | M16: =IF(B16="","",INDEX('liste des soudeurs'!AR:AR,MATCH(B16,'liste des soudeurs'!$BI:$BI,0)))
A17: 7 | B17: =IF(A17<=MAX('liste des soudeurs'!BI:BI),A17,"") | C17: =IF(B17="","",INDEX('liste des soudeurs'!F:F,MATCH(B17,'liste des soudeurs'!$BI:$BI,0))) | D17: =IF(B17="","",INDEX('liste des soudeurs'!E:E,MATCH(B17,'liste des soudeurs'!$BI:$BI,0))) | E17: =IF(B17="","",INDEX('liste des soudeurs'!G:G,MATCH(B17,'liste des soudeurs'!$BI:$BI,0))) | F17: =IF(B17="","",INDEX('liste des soudeurs'!AE:AE,MATCH(B17,'liste des soudeurs'!$BI:$BI,0))) | G17: =IF(B17="","",INDEX('liste des soudeurs'!H:H,MATCH(B17,'liste des soudeurs'!$BI:$BI,0))) | H17: =IF(B17="","",INDEX('liste des soudeurs'!I:I,MATCH(B17,'liste des soudeurs'!$BI:$BI,0))) | I17: =IF(B17="","",INDEX('liste des soudeurs'!J:J,MATCH(B17,'liste des soudeurs'!$BI:$BI,0))) | J17: =IF(B17="","",INDEX('liste des soudeurs'!AH:AH,MATCH(B17,'liste des soudeurs'!$BI:$BI,0))) | K17: =IF(B17="","",INDEX('liste des soudeurs'!AX:AX,MATCH(B17,'liste des soudeurs'!$BI:$BI,0))) | L17: =IF(B17="","",INDEX('liste des soudeurs'!AQ:AQ,MATCH(B17,'liste des soudeurs'!$BI:$BI,0))) | M17: =IF(B17="","",INDEX('liste des soudeurs'!AR:AR,MATCH(B17,'liste des soudeurs'!$BI:$BI,0)))
A18: 8 | B18: =IF(A18<=MAX('liste des soudeurs'!BI:BI),A18,"") | C18: =IF(B18="","",INDEX('liste des soudeurs'!F:F,MATCH(B18,'liste des soudeurs'!$BI:$BI,0))) | D18: =IF(B18="","",INDEX('liste des soudeurs'!E:E,MATCH(B18,'liste des soudeurs'!$BI:$BI,0))) | E18: =IF(B18="","",INDEX('liste des soudeurs'!G:G,MATCH(B18,'liste des soudeurs'!$BI:$BI,0))) | F18: =IF(B18="","",INDEX('liste des soudeurs'!AE:AE,MATCH(B18,'liste des soudeurs'!$BI:$BI,0))) | G18: =IF(B18="","",INDEX('liste des soudeurs'!H:H,MATCH(B18,'liste des soudeurs'!$BI:$BI,0))) | H18: =IF(B18="","",INDEX('liste des soudeurs'!I:I,MATCH(B18,'liste des soudeurs'!$BI:$BI,0))) | I18: =IF(B18="","",INDEX('liste des soudeurs'!J:J,MATCH(B18,'liste des soudeurs'!$BI:$BI,0))) | J18: =IF(B18="","",INDEX('liste des soudeurs'!AH:AH,MATCH(B18,'liste des soudeurs'!$BI:$BI,0))) | K18: =IF(B18="","",INDEX('liste des soudeurs'!AX:AX,MATCH(B18,'liste des soudeurs'!$BI:$BI,0))) | L18: =IF(B18="","",INDEX('liste des soudeurs'!AQ:AQ,MATCH(B18,'liste des soudeurs'!$BI:$BI,0))) | M18: =IF(B18="","",INDEX('liste des soudeurs'!AR:AR,MATCH(B18,'liste des soudeurs'!$BI:$BI,0)))
A19: 9 | B19: =IF(A19<=MAX('liste des soudeurs'!BI:BI),A19,"") | C19: =IF(B19="","",INDEX('liste des soudeurs'!F:F,MATCH(B19,'liste des soudeurs'!$BI:$BI,0))) | D19: =IF(B19="","",INDEX('liste des soudeurs'!E:E,MATCH(B19,'liste des soudeurs'!$BI:$BI,0))) | E19: =IF(B19="","",INDEX('liste des soudeurs'!G:G,MATCH(B19,'liste des soudeurs'!$BI:$BI,0))) | F19: =IF(B19="","",INDEX('liste des soudeurs'!AE:AE,MATCH(B19,'liste des soudeurs'!$BI:$BI,0))) | G19: =IF(B19="","",INDEX('liste des soudeurs'!H:H,MATCH(B19,'liste des soudeurs'!$BI:$BI,0))) | H19: =IF(B19="","",INDEX('liste des soudeurs'!I:I,MATCH(B19,'liste des soudeurs'!$BI:$BI,0))) | I19: =IF(B19="","",INDEX('liste des soudeurs'!J:J,MATCH(B19,'liste des soudeurs'!$BI:$BI,0))) | J19: =IF(B19="","",INDEX('liste des soudeurs'!AH:AH,MATCH(B19,'liste des soudeurs'!$BI:$BI,0))) | K19: =IF(B19="","",INDEX('liste des soudeurs'!AX:AX,MATCH(B19,'liste des soudeurs'!$BI:$BI,0))) | L19: =IF(B19="","",INDEX('liste des soudeurs'!AQ:AQ,MATCH(B19,'liste des soudeurs'!$BI:$BI,0))) | M19: =IF(B19="","",INDEX('liste des soudeurs'!AR:AR,MATCH(B19,'liste des soudeurs'!$BI:$BI,0)))
A20: 10 | B20: =IF(A20<=MAX('liste des soudeurs'!BI:BI),A20,"") | C20: =IF(B20="","",INDEX('liste des soudeurs'!F:F,MATCH(B20,'liste des soudeurs'!$BI:$BI,0))) | D20: =IF(B20="","",INDEX('liste des soudeurs'!E:E,MATCH(B20,'liste des soudeurs'!$BI:$BI,0))) | E20: =IF(B20="","",INDEX('liste des soudeurs'!G:G,MATCH(B20,'liste des soudeurs'!$BI:$BI,0))) | F20: =IF(B20="","",INDEX('liste des soudeurs'!AE:AE,MATCH(B20,'liste des soudeurs'!$BI:$BI,0))) | G20: =IF(B20="","",INDEX('liste des soudeurs'!H:H,MATCH(B20,'liste des soudeurs'!$BI:$BI,0))) | H20: =IF(B20="","",INDEX('liste des soudeurs'!I:I,MATCH(B20,'liste des soudeurs'!$BI:$BI,0))) | I20: =IF(B20="","",INDEX('liste des soudeurs'!J:J,MATCH(B20,'liste des soudeurs'!$BI:$BI,0))) | J20: =IF(B20="","",INDEX('liste des soudeurs'!AH:AH,MATCH(B20,'liste des soudeurs'!$BI:$BI,0))) | K20: =IF(B20="","",INDEX('liste des soudeurs'!AX:AX,MATCH(B20,'liste des soudeurs'!$BI:$BI,0))) | L20: =IF(B20="","",INDEX('liste des soudeurs'!AQ:AQ,MATCH(B20,'liste des soudeurs'!$BI:$BI,0))) | M20: =IF(B20="","",INDEX('liste des soudeurs'!AR:AR,MATCH(B20,'liste des soudeurs'!$BI:$BI,0)))
C25: CONTROLEUR GTP
C26: NOM
C27: SIGNATURE

Sheet liste des soudeurs
A1: =F1&G1&I1 -> NOM & PRENOM F-NAME & NAME WPS N°DIAMETER SIZE Ø | B1: PROJET | C1: CODE VISUEL | D1: CODE INTERPRETATION | E1: Repère soudeur WELDER | F1: NOM & PRENOM F-NAME & NAME | G1: WPS N° | H1: NUANCE MATERIAL | I1: DIAMETER SIZE Ø | J1: EPAISSEUR THK (mm) | K1: RESULT VT | L1: DATE VT | M1: PV VT-WQT | N1: RESULT RT | O1: DATE RT | P1: PV RT-WQT | Q1: RFI-VT | R1: RFI-RT | S1: WPQ cetificate NO | T1: Date | U1: P-NO | V1: BACKING (YES/NO) | W1: Range Filler Metal F-N Root & Hot2 | X1: Range Filler Metal F-N Fill & Cap | Y1: Range AWS-SFA Root & Hot | Z1: Range AWS-SFA Fill & Cap | AA1: Min Dia (inch) | AB1: Max Dia (inch) | AC1: Min thk (inch) | AD1: Max thk (inch) | AE1: PROCESS | AF1: P-NO 2 | AG1: Rev. | AH1: POSITION | AI1: Type de Procédé | AJ1: PIPE/ PLATE | AK1: Progression de soudage | AL1: Type de gaz/Composition | AM1: Filler Metal F-N Root & Hot2 | AN1: Filler Metal F-N Fill & Cap | AO1: AWS-SFA Root & Hot | AP1: AWS-SFA Fill & Cap | AQ1: Filler Metal Root & Hot | AR1: Filler Metal Fill & Cap | AS1: POSTION | AT1: Courant (DC / AC) | AU1: Polarité Root & Hot | AV1: Polarité Fill & Cap | AW1: Range with / Without | AX1: piping or pipeline | AY1: édition | BD1: ='VT-PPL'!$Y$6 -> VT-WQT-031 | BF1: ='RT-PPL'!$Q$6 -> RT-WQT-031 | BH1: =HOMO!K4 -> 46316 | BK1: programme
A2: =F2&G2&I2 -> CHERNOUG SidaliTFT-II-PL-076 | B2: =IF($G2="","",VLOOKUP($G2,WPS!$D$1:$AN$995,35,0)) -> TFT II / TFT SUD GAZ FIELD DEVELOPMENT | C2: =IF($G2="","",VLOOKUP($G2,WPS!$D$1:$AN$995,33,0)) -> API 1104 | D2: =IF($G2="","",VLOOKUP($G2,WPS!$D$1:$AN$995,34,0)) -> API 1104 | E2: WR-020 | F2: CHERNOUG Sidali | G2: TFT-II-PL-07 | H2: API5L_X52 | I2: 6 | J2: 7.1 | K2: R | L2: 46136 | M2: VT-WQT-001 | Q2: 21063-G0-PPL-RFI-0052 | R2: 21063-G0-PPL-RFI-0052 | U2: =H2 -> API5L_X52 | V2: =IF($G2="","",VLOOKUP($G2,WPS!$D$1:$AL$995,17,0)) -> SMAW :With/Without Backing | W2: =IF($G2="","",VLOOKUP($G2,WPS!$D$1:$AL$995,25,0)) -> WF-1b | X2: =IF($G2="","",VLOOKUP($G2,WPS!$D$1:$AL$995,26,0)) -> WF-1b | Y2: =IF($G2="","",VLOOKUP($G2,WPS!$D$1:$AL$995,27,0)) -> A5.1or A5.5 | Z2: =IF($G2="","",VLOOKUP($G2,WPS!$D$1:$AL$995,28,0)) -> A5.1or A5.5 | AA2: =IF(AND(D2="API 1104",BB2<60.3),"Unlimited ",IF(AND(D2="API 1104",AND(BB2>=60.3,BB2<=323.85)),"≥ 2,3/8'' (60,3mm)",IF(AND(D2="API 1104",BB2>323.85),"> 12,750'' (323,9mm)",IF(AND(D2="ASME IX",BB2<60.3),CONCATENATE("≥ ",I2,"'' ","(",BB2,"mm)"),IF(AND(D2="ASME IX",BB2="60,3"),"≥ 1'' (25mm)",IF(AND(D2="ASME IX",AND(BB2>25,BB2<73)),"≥ 1'' (25mm)",IF(AND(D2="ASME IX",BB2>73),"> 2,7/8'' (73mm)",""))))))) -> ≥ 2,3/8'' (60,3mm) | AB2: =IF(AND(D2="API 1104",BB2<60.3),"< 2,3/8'' 60,3mm",IF(AND(D2="API 1104",AND(BB2>=60.3,BB2<=323.85)),"≤ 12,750'' 323,9mm",IF(AND(D2="API 1104",BB2>323.85),"Unlimited",IF(AND(D2="ASME IX",BB2<25),"Unlimited",IF(AND(D2="ASME IX",AND(BB2>25,BB2<73)),"Unlimited",IF(AND(D2="ASME IX",BB2>73),"Unlimited","")))))) -> ≤ 12,750'' 323,9mm | AC2: =IF(AND(D2="API 1104",J2<3.9)," SMAW <3,9 mm",IF(AND(D2="API 1104",AND(J2>=3.9,J2<19))," SMAW ≥ 3,9 mm",IF(AND(D2="API 1104",J2>=19),"SMAW >=19mm",IF(AND(D2="ASME IX",AE2="gtaw",J2<13),"GTAW ",IF(AND(D2="ASME IX",AE2="GTAW SMAW",J2<13),"GTAW ≤ 8 mm",IF(AND(D2="ASME IX",AE2="GmAW fcAW",J2<13),"GMAW ≤ 8 mm",IF(AND(D2="ASME IX",AE2="gtaw",J2>=13),CONCATENATE("≤ ",J2*2," mm"),IF(AND(D2="ASME IX",J2>=13,AE2="GTAW SMAW"),"GTAW ≤ 8mm",IF(AND(D2="ASME IX",J2>=13,AE2="GmAW fcAW"),"GMAW ≤ 8mm",""))))))))) -> SMAW ≥ 3,9 mm | AD2: =IF(AND(D2="API 1104",AE2="SMAW Mixte UP HILL/ Down hill",J2<3.9),CONCATENATE("≤ ",MAX(1.5*J2,3.9),"mm"),IF(AND(D2="API 1104",AE2="SMAW UP HILL MONTANT",J2<3.9),CONCATENATE("≤ ",MAX(1.5*J2,3.9),"mm"),IF(AND(D2="API 1104",AND(J2>=3.9,J2<19.05)),CONCATENATE("≤ ",MAX(1.5*J2,19.05),"mm"),IF(AND(D2="API 1104",J2>=19.05),"ALL",IF(AND(D2="ASME IX",AE2="SMAW UP HILL MONTANT",J2<17),CONCATENATE("≤ ",((J2)*2)," mm"),IF(AND(D2="ASME IX",J2>=17),CONCATENATE("Unlimited"),IF(AND(D2="ASME IX",AE2="SMAW Mixte UP HILL/ Down hill",J2<17),CONCATENATE("≤ ",((J2)*2)," mm"),IF(AND(D2="ASME IX",J2>=17),CONCATENATE(" SMAW Unlimited"),IF(AND(D2="ASME IX",AE2="GTAW",J2<=17),CONCATENATE( "≤ ",J2*2," mm"),IF(AND(D2="ASME IX",AE2="GTAW SMAW",J2<=17),CONCATENATE("SMAW ≤ ",((J2-4)*2)," mm"),IF(AND(D2="ASME IX",J2>=17,AE2="GTAW SMAW"),"SMAW Unlimited ",IF(AND(D2="ASME IX",AE2="GMAW FCAW",J2<=17),CONCATENATE("FCAW ≤ ",((J2-4)*2)," mm"),IF(AND(D2="ASME IX",J2>=17,AE2="GmAW fcAW"),"FCAW Unlimited ",""))))))))))))) -> ≤ 19,05mm | AE2: =IF(G2="","",VLOOKUP(G2,WPS!$D$1:$AH$4735,3,0)) -> SMAW Mixte UP HILL/ Down hill | AF2: =IF(AND($G2<>"",$D2="API 1104"),U2,IF(AND($G2<>"",$D2="ASME IX"),VLOOKUP($G2,WPS!$D$1:$AZ$995,42,0),"")) -> API5L_X52 | AG2: =IF(G2="","",VLOOKUP(G2,WPS!$D$1:$AH$4735,2,0)) -> A | AH2: =IF(AE2="SMAW Mixte UP HILL/ Down hill","5G",IF(AE2="SMAW UP HILL MONTANT","5G",IF(AE2="SMAW Downhill","5G",IF(AE2="GMAW FCAW","1G",IF(AE2="GTAW","6G",IF(AE2="GTAW SMAW","6G","")))))) -> 5G | AI2: =IF(AE2="SMAW Mixte UP HILL/ Down hill","Manuel",IF(AE2="SMAW UP HILL MONTANT","Manuel",IF(AE2="GMAW FCAW","semi auto",IF(AE2="GTAW","Manuel",IF(AE2="GTAW SMAW","Manuel",IF(AE2="SMAW Downhill","Manuel","")))))) -> Manuel | AJ2: PIPE | AK2: =IF(AE2="SMAW Mixte UP HILL/ Down hill","UP HILL/ Down hill Montant+Descendant",IF(AE2="SMAW UP HILL MONTANT","UP HILL Montant",IF(AE2="GMAW FCAW","Rotation",IF(AE2="GTAW","UP HILL Montant",IF(AE2="SMAW Downhill","SMAW Downhill",IF(AE2="GTAW SMAW","UP HILL Montant","")))))) -> UP HILL/ Down hill Montant+Descendant | AL2: =IF($G2="","",VLOOKUP($G2,WPS!$D$1:$AL$995,18,0)) -> N/A | AM2: =IF($G2="","",VLOOKUP($G2,WPS!$D$1:$AL$995,19,0)) -> Grp F N°1 | AN2: =IF($G2="","",VLOOKUP($G2,WPS!$D$1:$AL$995,20,0)) -> Grp F N°1 | AO2: =IF($G2="","",VLOOKUP($G2,WPS!$D$1:$AL$995,21,0)) -> A5.1 | AP2: =IF($G2="","",VLOOKUP($G2,WPS!$D$1:$AL$995,22,0)) -> A5.5 | AQ2: =IF($G2="","",VLOOKUP($G2,WPS!$D$1:$AL$995,23,0)) -> E 6010 | AR2: =IF($G2="","",VLOOKUP($G2,WPS!$D$1:$AL$995,24,0)) -> E 7010-P1 | AS2: =IF(AH2="1G","F",IF(AH2="5G","V-H-O",IF(AH2="6G","ALL",""))) -> V-H-O | AT2: =IF($G2="","",VLOOKUP($G2,WPS!$D$1:$AL$995,29,0)) -> DC | AU2: =IF($G2="","",VLOOKUP($G2,WPS!$D$1:$AL$995,30,0)) -> (+) | AV2: =IF($G2="","",VLOOKUP($G2,WPS!$D$1:$AL$995,31,0)) -> (+) | AW2: =IF(AE2="SMAW Mixte UP HILL/ Down hill","SMAW :,With/Without SMAW : With",IF(AE2="SMAW UP HILL MONTANT","SMAW :With/Without SMAW : With",IF(AE2="GMAW FCAW","GMAW :With/Without FCAW : With",IF(AE2="GTAW","GTAW :With / Without",IF(AE2="GTAW SMAW","GTAW :With/Without SMAW : With",""))))) -> SMAW :,With/Without SMAW : With | AX2: =IF($G2="","",VLOOKUP($G2,WPS!$D$1:$AL$995,15,0)) -> 50°C Min | AY2: =IF($G2="","",VLOOKUP($G2,WPS!$D$1:$AX$995,44,0)) -> ASME B31.3 édition 2021 | AZ2: =IFERROR(VLOOKUP(I2,Feuil1!$O$4:$P$34,2,0),"") -> 168.3 | BB2: =IFERROR(VLOOKUP(I2,Feuil1!$O$4:$P$32,2,0),"") -> 168.3 | BC2: =IF($G2="","",VLOOKUP($G2,WPS!$D$1:$AL$995,2,0)) -> A | BD2: =IF(M2='VT-PPL'!$Y$6,1,"") | BE2: =IF(BD2="","",COUNTIF(BD$2:$BD2,BD2)) | BF2: =IF(P2='RT-PPL'!$Q$6,1,"") | BG2: =IF(BF2="","",COUNTIF(BF$2:$BF2,BF2)) | BH2: =+IF(L2=HOMO!$K$4,1,"") | BI2: =IF(BH2="","",COUNTIF(BH$2:$BH2,BH2)) | BJ2: =IF(AND(K2="A",M2=Prog!$L$12),1,"") | BK2: =IF(BJ2="","",COUNTIF(BJ$2:$BJ2,BJ2)) | BL2: 1
A3: =F3&G3&I3 -> DJEHID FarisTFT-II-PL-076 | B3: =IF($G3="","",VLOOKUP($G3,WPS!$D$1:$AN$995,35,0)) -> TFT II / TFT SUD GAZ FIELD DEVELOPMENT | C3: =IF($G3="","",VLOOKUP($G3,WPS!$D$1:$AN$995,33,0)) -> API 1104 | D3: =IF($G3="","",VLOOKUP($G3,WPS!$D$1:$AN$995,34,0)) -> API 1104 | E3: WR-021 | F3: DJEHID Faris | G3: TFT-II-PL-07 | H3: API5L_X52 | I3: 6 | J3: 7.1 | K3: R | L3: 46136 | M3: VT-WQT-001 | Q3: 21063-G0-PPL-RFI-0052 | R3: 21063-G0-PPL-RFI-0052 | U3: =H3 -> API5L_X52 | V3: =IF($G3="","",VLOOKUP($G3,WPS!$D$1:$AL$995,17,0)) -> SMAW :With/Without Backing | W3: =IF($G3="","",VLOOKUP($G3,WPS!$D$1:$AL$995,25,0)) -> WF-1b | X3: =IF($G3="","",VLOOKUP($G3,WPS!$D$1:$AL$995,26,0)) -> WF-1b | Y3: =IF($G3="","",VLOOKUP($G3,WPS!$D$1:$AL$995,27,0)) -> A5.1or A5.5 | Z3: =IF($G3="","",VLOOKUP($G3,WPS!$D$1:$AL$995,28,0)) -> A5.1or A5.5 | AA3: =IF(AND(D3="API 1104",BB3<60.3),"Unlimited ",IF(AND(D3="API 1104",AND(BB3>=60.3,BB3<=323.85)),"≥ 2,3/8'' (60,3mm)",IF(AND(D3="API 1104",BB3>323.85),"> 12,750'' (323,9mm)",IF(AND(D3="ASME IX",BB3<60.3),CONCATENATE("≥ ",I3,"'' ","(",BB3,"mm)"),IF(AND(D3="ASME IX",BB3="60,3"),"≥ 1'' (25mm)",IF(AND(D3="ASME IX",AND(BB3>25,BB3<73)),"≥ 1'' (25mm)",IF(AND(D3="ASME IX",BB3>73),"> 2,7/8'' (73mm)",""))))))) -> ≥ 2,3/8'' (60,3mm) | AB3: =IF(AND(D3="API 1104",BB3<60.3),"< 2,3/8'' 60,3mm",IF(AND(D3="API 1104",AND(BB3>=60.3,BB3<=323.85)),"≤ 12,750'' 323,9mm",IF(AND(D3="API 1104",BB3>323.85),"Unlimited",IF(AND(D3="ASME IX",BB3<25),"Unlimited",IF(AND(D3="ASME IX",AND(BB3>25,BB3<73)),"Unlimited",IF(AND(D3="ASME IX",BB3>73),"Unlimited","")))))) -> ≤ 12,750'' 323,9mm | AC3: =IF(AND(D3="API 1104",J3<3.9)," SMAW <3,9 mm",IF(AND(D3="API 1104",AND(J3>=3.9,J3<19))," SMAW ≥ 3,9 mm",IF(AND(D3="API 1104",J3>=19),"SMAW >=19mm",IF(AND(D3="ASME IX",AE3="gtaw",J3<13),"GTAW ",IF(AND(D3="ASME IX",AE3="GTAW SMAW",J3<13),"GTAW ≤ 8 mm",IF(AND(D3="ASME IX",AE3="GmAW fcAW",J3<13),"GMAW ≤ 8 mm",IF(AND(D3="ASME IX",AE3="gtaw",J3>=13),CONCATENATE("≤ ",J3*2," mm"),IF(AND(D3="ASME IX",J3>=13,AE3="GTAW SMAW"),"GTAW ≤ 8mm",IF(AND(D3="ASME IX",J3>=13,AE3="GmAW fcAW"),"GMAW ≤ 8mm",""))))))))) -> SMAW ≥ 3,9 mm | AD3: =IF(AND(D3="API 1104",AE3="SMAW Mixte UP HILL/ Down hill",J3<3.9),CONCATENATE("≤ ",MAX(1.5*J3,3.9),"mm"),IF(AND(D3="API 1104",AE3="SMAW UP HILL MONTANT",J3<3.9),CONCATENATE("≤ ",MAX(1.5*J3,3.9),"mm"),IF(AND(D3="API 1104",AND(J3>=3.9,J3<19.05)),CONCATENATE("≤ ",MAX(1.5*J3,19.05),"mm"),IF(AND(D3="API 1104",J3>=19.05),"ALL",IF(AND(D3="ASME IX",AE3="SMAW UP HILL MONTANT",J3<17),CONCATENATE("≤ ",((J3)*2)," mm"),IF(AND(D3="ASME IX",J3>=17),CONCATENATE("Unlimited"),IF(AND(D3="ASME IX",AE3="SMAW Mixte UP HILL/ Down hill",J3<17),CONCATENATE("≤ ",((J3)*2)," mm"),IF(AND(D3="ASME IX",J3>=17),CONCATENATE(" SMAW Unlimited"),IF(AND(D3="ASME IX",AE3="GTAW",J3<=17),CONCATENATE( "≤ ",J3*2," mm"),IF(AND(D3="ASME IX",AE3="GTAW SMAW",J3<=17),CONCATENATE("SMAW ≤ ",((J3-4)*2)," mm"),IF(AND(D3="ASME IX",J3>=17,AE3="GTAW SMAW"),"SMAW Unlimited ",IF(AND(D3="ASME IX",AE3="GMAW FCAW",J3<=17),CONCATENATE("FCAW ≤ ",((J3-4)*2)," mm"),IF(AND(D3="ASME IX",J3>=17,AE3="GmAW fcAW"),"FCAW Unlimited ",""))))))))))))) -> ≤ 19,05mm | AE3: =IF(G3="","",VLOOKUP(G3,WPS!$D$1:$AH$4735,3,0)) -> SMAW Mixte UP HILL/ Down hill | AF3: =IF(AND($G3<>"",$D3="API 1104"),U3,IF(AND($G3<>"",$D3="ASME IX"),VLOOKUP($G3,WPS!$D$1:$AZ$995,42,0),"")) -> API5L_X52 | AG3: =IF(G3="","",VLOOKUP(G3,WPS!$D$1:$AH$4735,2,0)) -> A | AH3: =IF(AE3="SMAW Mixte UP HILL/ Down hill","5G",IF(AE3="SMAW UP HILL MONTANT","5G",IF(AE3="SMAW Downhill","5G",IF(AE3="GMAW FCAW","1G",IF(AE3="GTAW","6G",IF(AE3="GTAW SMAW","6G","")))))) -> 5G | AI3: =IF(AE3="SMAW Mixte UP HILL/ Down hill","Manuel",IF(AE3="SMAW UP HILL MONTANT","Manuel",IF(AE3="GMAW FCAW","semi auto",IF(AE3="GTAW","Manuel",IF(AE3="GTAW SMAW","Manuel",IF(AE3="SMAW Downhill","Manuel","")))))) -> Manuel | AJ3: PIPE | AK3: =IF(AE3="SMAW Mixte UP HILL/ Down hill","UP HILL/ Down hill Montant+Descendant",IF(AE3="SMAW UP HILL MONTANT","UP HILL Montant",IF(AE3="GMAW FCAW","Rotation",IF(AE3="GTAW","UP HILL Montant",IF(AE3="SMAW Downhill","SMAW Downhill",IF(AE3="GTAW SMAW","UP HILL Montant","")))))) -> UP HILL/ Down hill Montant+Descendant | AL3: =IF($G3="","",VLOOKUP($G3,WPS!$D$1:$AL$995,18,0)) -> N/A | AM3: =IF($G3="","",VLOOKUP($G3,WPS!$D$1:$AL$995,19,0)) -> Grp F N°1 | AN3: =IF($G3="","",VLOOKUP($G3,WPS!$D$1:$AL$995,20,0)) -> Grp F N°1 | AO3: =IF($G3="","",VLOOKUP($G3,WPS!$D$1:$AL$995,21,0)) -> A5.1 | AP3: =IF($G3="","",VLOOKUP($G3,WPS!$D$1:$AL$995,22,0)) -> A5.5 | AQ3: =IF($G3="","",VLOOKUP($G3,WPS!$D$1:$AL$995,23,0)) -> E 6010 | AR3: =IF($G3="","",VLOOKUP($G3,WPS!$D$1:$AL$995,24,0)) -> E 7010-P1 | AS3: =IF(AH3="1G","F",IF(AH3="5G","V-H-O",IF(AH3="6G","ALL",""))) -> V-H-O | AT3: =IF($G3="","",VLOOKUP($G3,WPS!$D$1:$AL$995,29,0)) -> DC | AU3: =IF($G3="","",VLOOKUP($G3,WPS!$D$1:$AL$995,30,0)) -> (+) | AV3: =IF($G3="","",VLOOKUP($G3,WPS!$D$1:$AL$995,31,0)) -> (+) | AW3: =IF(AE3="SMAW Mixte UP HILL/ Down hill","SMAW :,With/Without SMAW : With",IF(AE3="SMAW UP HILL MONTANT","SMAW :With/Without SMAW : With",IF(AE3="GMAW FCAW","GMAW :With/Without FCAW : With",IF(AE3="GTAW","GTAW :With / Without",IF(AE3="GTAW SMAW","GTAW :With/Without SMAW : With",""))))) -> SMAW :,With/Without SMAW : With | AX3: =IF($G3="","",VLOOKUP($G3,WPS!$D$1:$AL$995,15,0)) -> 50°C Min | AY3: =IF($G3="","",VLOOKUP($G3,WPS!$D$1:$AX$995,44,0)) -> ASME B31.3 édition 2021 | AZ3: =IFERROR(VLOOKUP(I3,Feuil1!$O$4:$P$34,2,0),"") -> 168.3 | BB3: =IFERROR(VLOOKUP(I3,Feuil1!$O$4:$P$32,2,0),"") -> 168.3 | BC3: =IF($G3="","",VLOOKUP($G3,WPS!$D$1:$AL$995,2,0)) -> A | BD3: =IF(M3='VT-PPL'!$Y$6,1,"") | BE3: =IF(BD3="","",COUNTIF(BD$2:$BD3,BD3)) | BF3: =IF(P3='RT-PPL'!$Q$6,1,"") | BG3: =IF(BF3="","",COUNTIF(BF$2:$BF3,BF3)) | BH3: =+IF(L3=HOMO!$K$4,1,"") | BI3: =IF(BH3="","",COUNTIF(BH$2:$BH3,BH3)) | BJ3: =IF(AND(K3="A",M3=Prog!$L$12),1,"") | BK3: =IF(BJ3="","",COUNTIF(BJ$2:$BJ3,BJ3)) | BL3: 2
A4: =F4&G4&I4 -> REMINI HalimTFT-II-PL-076 | B4: =IF($G4="","",VLOOKUP($G4,WPS!$D$1:$AN$995,35,0)) -> TFT II / TFT SUD GAZ FIELD DEVELOPMENT | C4: =IF($G4="","",VLOOKUP($G4,WPS!$D$1:$AN$995,33,0)) -> API 1104 | D4: =IF($G4="","",VLOOKUP($G4,WPS!$D$1:$AN$995,34,0)) -> API 1104 | E4: WR-022 | F4: REMINI Halim | G4: TFT-II-PL-07 | H4: API5L_X52 | I4: 6 | J4: 7.1 | K4: A | L4: 46136 | M4: VT-WQT-001 | N4: A | O4: 45772 | P4: RT-WQT-001 | Q4: 21063-G0-PPL-RFI-0052 | R4: 21063-G0-PPL-RFI-0052 | S4: WQT-001 | T4: 46137 | U4: =H4 -> API5L_X52 | V4: =IF($G4="","",VLOOKUP($G4,WPS!$D$1:$AL$995,17,0)) -> SMAW :With/Without Backing | W4: =IF($G4="","",VLOOKUP($G4,WPS!$D$1:$AL$995,25,0)) -> WF-1b | X4: =IF($G4="","",VLOOKUP($G4,WPS!$D$1:$AL$995,26,0)) -> WF-1b | Y4: =IF($G4="","",VLOOKUP($G4,WPS!$D$1:$AL$995,27,0)) -> A5.1or A5.5 | Z4: =IF($G4="","",VLOOKUP($G4,WPS!$D$1:$AL$995,28,0)) -> A5.1or A5.5 | AA4: =IF(AND(D4="API 1104",BB4<60.3),"Unlimited ",IF(AND(D4="API 1104",AND(BB4>=60.3,BB4<=323.85)),"≥ 2,3/8'' (60,3mm)",IF(AND(D4="API 1104",BB4>323.85),"> 12,750'' (323,9mm)",IF(AND(D4="ASME IX",BB4<60.3),CONCATENATE("≥ ",#REF!,"'' ","(",BB4,"mm)"),IF(AND(D4="ASME IX",BB4="60,3"),"≥ 1'' (25mm)",IF(AND(D4="ASME IX",AND(BB4>25,BB4<73)),"≥ 1'' (25mm)",IF(AND(D4="ASME IX",BB4>73),"> 2,7/8'' (73mm)",""))))))) -> ≥ 2,3/8'' (60,3mm) | AB4: =IF(AND(D4="API 1104",BB4<60.3),"< 2,3/8'' 60,3mm",IF(AND(D4="API 1104",AND(BB4>=60.3,BB4<=323.85)),"≤ 12,750'' 323,9mm",IF(AND(D4="API 1104",BB4>323.85),"Unlimited",IF(AND(D4="ASME IX",BB4<25),"Unlimited",IF(AND(D4="ASME IX",AND(BB4>25,BB4<73)),"Unlimited",IF(AND(D4="ASME IX",BB4>73),"Unlimited","")))))) -> ≤ 12,750'' 323,9mm | AC4: =IF(AND(D4="API 1104",J4<3.9)," SMAW <3,9 mm",IF(AND(D4="API 1104",AND(J4>=3.9,J4<19))," SMAW ≥ 3,9 mm",IF(AND(D4="API 1104",J4>=19),"SMAW >=19mm",IF(AND(D4="ASME IX",AE4="gtaw",J4<13),"GTAW ",IF(AND(D4="ASME IX",AE4="GTAW SMAW",J4<13),"GTAW ≤ 8 mm",IF(AND(D4="ASME IX",AE4="GmAW fcAW",J4<13),"GMAW ≤ 8 mm",IF(AND(D4="ASME IX",AE4="gtaw",J4>=13),CONCATENATE("≤ ",J4*2," mm"),IF(AND(D4="ASME IX",J4>=13,AE4="GTAW SMAW"),"GTAW ≤ 8mm",IF(AND(D4="ASME IX",J4>=13,AE4="GmAW fcAW"),"GMAW ≤ 8mm",""))))))))) -> SMAW ≥ 3,9 mm | AD4: =IF(AND(D4="API 1104",AE4="SMAW Mixte UP HILL/ Down hill",J4<3.9),CONCATENATE("≤ ",MAX(1.5*J4,3.9),"mm"),IF(AND(D4="API 1104",AE4="SMAW UP HILL MONTANT",J4<3.9),CONCATENATE("≤ ",MAX(1.5*J4,3.9),"mm"),IF(AND(D4="API 1104",AND(J4>=3.9,J4<19.05)),CONCATENATE("≤ ",MAX(1.5*J4,19.05),"mm"),IF(AND(D4="API 1104",J4>=19.05),"ALL",IF(AND(D4="ASME IX",AE4="SMAW UP HILL MONTANT",J4<17),CONCATENATE("≤ ",((J4)*2)," mm"),IF(AND(D4="ASME IX",J4>=17),CONCATENATE("Unlimited"),IF(AND(D4="ASME IX",AE4="SMAW Mixte UP HILL/ Down hill",J4<17),CONCATENATE("≤ ",((J4)*2)," mm"),IF(AND(D4="ASME IX",J4>=17),CONCATENATE(" SMAW Unlimited"),IF(AND(D4="ASME IX",AE4="GTAW",J4<=17),CONCATENATE( "≤ ",J4*2," mm"),IF(AND(D4="ASME IX",AE4="GTAW SMAW",J4<=17),CONCATENATE("SMAW ≤ ",((J4-4)*2)," mm"),IF(AND(D4="ASME IX",J4>=17,AE4="GTAW SMAW"),"SMAW Unlimited ",IF(AND(D4="ASME IX",AE4="GMAW FCAW",J4<=17),CONCATENATE("FCAW ≤ ",((J4-4)*2)," mm"),IF(AND(D4="ASME IX",J4>=17,AE4="GmAW fcAW"),"FCAW Unlimited ",""))))))))))))) -> ≤ 19,05mm | AE4: =IF(G4="","",VLOOKUP(G4,WPS!$D$1:$AH$4735,3,0)) -> SMAW Mixte UP HILL/ Down hill | AF4: =IF(AND($G4<>"",$D4="API 1104"),U4,IF(AND($G4<>"",$D4="ASME IX"),VLOOKUP($G4,WPS!$D$1:$AZ$995,42,0),"")) -> API5L_X52 | AG4: =IF(G4="","",VLOOKUP(G4,WPS!$D$1:$AH$4735,2,0)) -> A | AH4: =IF(AE4="SMAW Mixte UP HILL/ Down hill","5G",IF(AE4="SMAW UP HILL MONTANT","5G",IF(AE4="SMAW Downhill","5G",IF(AE4="GMAW FCAW","1G",IF(AE4="GTAW","6G",IF(AE4="GTAW SMAW","6G","")))))) -> 5G | AI4: =IF(AE4="SMAW Mixte UP HILL/ Down hill","Manuel",IF(AE4="SMAW UP HILL MONTANT","Manuel",IF(AE4="GMAW FCAW","semi auto",IF(AE4="GTAW","Manuel",IF(AE4="GTAW SMAW","Manuel",IF(AE4="SMAW Downhill","Manuel","")))))) -> Manuel | AJ4: PIPE | AK4: =IF(AE4="SMAW Mixte UP HILL/ Down hill","UP HILL/ Down hill Montant+Descendant",IF(AE4="SMAW UP HILL MONTANT","UP HILL Montant",IF(AE4="GMAW FCAW","Rotation",IF(AE4="GTAW","UP HILL Montant",IF(AE4="SMAW Downhill","SMAW Downhill",IF(AE4="GTAW SMAW","UP HILL Montant","")))))) -> UP HILL/ Down hill Montant+Descendant | AL4: =IF($G4="","",VLOOKUP($G4,WPS!$D$1:$AL$995,18,0)) -> N/A | AM4: =IF($G4="","",VLOOKUP($G4,WPS!$D$1:$AL$995,19,0)) -> Grp F N°1 | AN4: =IF($G4="","",VLOOKUP($G4,WPS!$D$1:$AL$995,20,0)) -> Grp F N°1 | AO4: =IF($G4="","",VLOOKUP($G4,WPS!$D$1:$AL$995,21,0)) -> A5.1 | AP4: =IF($G4="","",VLOOKUP($G4,WPS!$D$1:$AL$995,22,0)) -> A5.5 | AQ4: =IF($G4="","",VLOOKUP($G4,WPS!$D$1:$AL$995,23,0)) -> E 6010 | AR4: =IF($G4="","",VLOOKUP($G4,WPS!$D$1:$AL$995,24,0)) -> E 7010-P1 | AS4: =IF(AH4="1G","F",IF(AH4="5G","V-H-O",IF(AH4="6G","ALL",""))) -> V-H-O | AT4: =IF($G4="","",VLOOKUP($G4,WPS!$D$1:$AL$995,29,0)) -> DC | AU4: =IF($G4="","",VLOOKUP($G4,WPS!$D$1:$AL$995,30,0)) -> (+) | AV4: =IF($G4="","",VLOOKUP($G4,WPS!$D$1:$AL$995,31,0)) -> (+) | AW4: =IF(AE4="SMAW Mixte UP HILL/ Down hill","SMAW :,With/Without SMAW : With",IF(AE4="SMAW UP HILL MONTANT","SMAW :With/Without SMAW : With",IF(AE4="GMAW FCAW","GMAW :With/Without FCAW : With",IF(AE4="GTAW","GTAW :With / Without",IF(AE4="GTAW SMAW","GTAW :With/Without SMAW : With",""))))) -> SMAW :,With/Without SMAW : With | AX4: =IF($G4="","",VLOOKUP($G4,WPS!$D$1:$AL$995,15,0)) -> 50°C Min | AY4: =IF($G4="","",VLOOKUP($G4,WPS!$D$1:$AX$995,44,0)) -> ASME B31.3 édition 2021 | AZ4: =IFERROR(VLOOKUP(I4,Feuil1!$O$4:$P$34,2,0),"") -> 168.3 | BB4: =IFERROR(VLOOKUP(I4,Feuil1!$O$4:$P$32,2,0),"") -> 168.3 | BC4: =IF($G4="","",VLOOKUP($G4,WPS!$D$1:$AL$995,2,0)) -> A | BD4: =IF(M4='VT-PPL'!$Y$6,1,"") | BE4: =IF(BD4="","",COUNTIF(BD$2:$BD4,BD4)) | BF4: =IF(P4='RT-PPL'!$Q$6,1,"") | BG4: =IF(BF4="","",COUNTIF(BF$2:$BF4,BF4)) | BH4: =+IF(L4=HOMO!$K$4,1,"") | BI4: =IF(BH4="","",COUNTIF(BH$2:$BH4,BH4)) | BJ4: =IF(AND(K4="A",M4=Prog!$L$12),1,"") | BK4: =IF(BJ4="","",COUNTIF(BJ$2:$BJ4,BJ4)) | BL4: 3
A5: =F5&G5&I5 -> KEMOUCHE ChoaybTFT-II-PL-076 | B5: =IF($G5="","",VLOOKUP($G5,WPS!$D$1:$AN$995,35,0)) -> TFT II / TFT SUD GAZ FIELD DEVELOPMENT | C5: =IF($G5="","",VLOOKUP($G5,WPS!$D$1:$AN$995,33,0)) -> API 1104 | D5: =IF($G5="","",VLOOKUP($G5,WPS!$D$1:$AN$995,34,0)) -> API 1104 | E5: WR-023 | F5: KEMOUCHE Choayb | G5: TFT-II-PL-07 | H5: API5L_X52 | I5: 6 | J5: 7.1 | K5: A | L5: 46139 | M5: VT-WQT-002 | N5: A | O5: 46139 | P5: RT-WQT-002 | Q5: 21063-G0-PPL-RFI-0055 | R5: 21063-G0-PPL-RFI-0055 | S5: WQT-002 | T5: 46139 | U5: =H5 -> API5L_X52 | V5: =IF($G5="","",VLOOKUP($G5,WPS!$D$1:$AL$995,17,0)) -> SMAW :With/Without Backing | W5: =IF($G5="","",VLOOKUP($G5,WPS!$D$1:$AL$995,25,0)) -> WF-1b | X5: =IF($G5="","",VLOOKUP($G5,WPS!$D$1:$AL$995,26,0)) -> WF-1b | Y5: =IF($G5="","",VLOOKUP($G5,WPS!$D$1:$AL$995,27,0)) -> A5.1or A5.5 | Z5: =IF($G5="","",VLOOKUP($G5,WPS!$D$1:$AL$995,28,0)) -> A5.1or A5.5 | AA5: =IF(AND(D5="API 1104",BB5<60.3),"Unlimited ",IF(AND(D5="API 1104",AND(BB5>=60.3,BB5<=323.85)),"≥ 2,3/8'' (60,3mm)",IF(AND(D5="API 1104",BB5>323.85),"> 12,750'' (323,9mm)",IF(AND(D5="ASME IX",BB5<60.3),CONCATENATE("≥ ",I4,"'' ","(",BB5,"mm)"),IF(AND(D5="ASME IX",BB5="60,3"),"≥ 1'' (25mm)",IF(AND(D5="ASME IX",AND(BB5>25,BB5<73)),"≥ 1'' (25mm)",IF(AND(D5="ASME IX",BB5>73),"> 2,7/8'' (73mm)",""))))))) -> ≥ 2,3/8'' (60,3mm) | AB5: =IF(AND(D5="API 1104",BB5<60.3),"< 2,3/8'' 60,3mm",IF(AND(D5="API 1104",AND(BB5>=60.3,BB5<=323.85)),"≤ 12,750'' 323,9mm",IF(AND(D5="API 1104",BB5>323.85),"Unlimited",IF(AND(D5="ASME IX",BB5<25),"Unlimited",IF(AND(D5="ASME IX",AND(BB5>25,BB5<73)),"Unlimited",IF(AND(D5="ASME IX",BB5>73),"Unlimited","")))))) -> ≤ 12,750'' 323,9mm | AC5: =IF(AND(D5="API 1104",J5<3.9)," SMAW <3,9 mm",IF(AND(D5="API 1104",AND(J5>=3.9,J5<19))," SMAW ≥ 3,9 mm",IF(AND(D5="API 1104",J5>=19),"SMAW >=19mm",IF(AND(D5="ASME IX",AE5="gtaw",J5<13),"GTAW ",IF(AND(D5="ASME IX",AE5="GTAW SMAW",J5<13),"GTAW ≤ 8 mm",IF(AND(D5="ASME IX",AE5="GmAW fcAW",J5<13),"GMAW ≤ 8 mm",IF(AND(D5="ASME IX",AE5="gtaw",J5>=13),CONCATENATE("≤ ",J5*2," mm"),IF(AND(D5="ASME IX",J5>=13,AE5="GTAW SMAW"),"GTAW ≤ 8mm",IF(AND(D5="ASME IX",J5>=13,AE5="GmAW fcAW"),"GMAW ≤ 8mm",""))))))))) -> SMAW ≥ 3,9 mm | AD5: =IF(AND(D5="API 1104",AE5="SMAW Mixte UP HILL/ Down hill",J5<3.9),CONCATENATE("≤ ",MAX(1.5*J5,3.9),"mm"),IF(AND(D5="API 1104",AE5="SMAW UP HILL MONTANT",J5<3.9),CONCATENATE("≤ ",MAX(1.5*J5,3.9),"mm"),IF(AND(D5="API 1104",AND(J5>=3.9,J5<19.05)),CONCATENATE("≤ ",MAX(1.5*J5,19.05),"mm"),IF(AND(D5="API 1104",J5>=19.05),"ALL",IF(AND(D5="ASME IX",AE5="SMAW UP HILL MONTANT",J5<17),CONCATENATE("≤ ",((J5)*2)," mm"),IF(AND(D5="ASME IX",J5>=17),CONCATENATE("Unlimited"),IF(AND(D5="ASME IX",AE5="SMAW Mixte UP HILL/ Down hill",J5<17),CONCATENATE("≤ ",((J5)*2)," mm"),IF(AND(D5="ASME IX",J5>=17),CONCATENATE(" SMAW Unlimited"),IF(AND(D5="ASME IX",AE5="GTAW",J5<=17),CONCATENATE( "≤ ",J5*2," mm"),IF(AND(D5="ASME IX",AE5="GTAW SMAW",J5<=17),CONCATENATE("SMAW ≤ ",((J5-4)*2)," mm"),IF(AND(D5="ASME IX",J5>=17,AE5="GTAW SMAW"),"SMAW Unlimited ",IF(AND(D5="ASME IX",AE5="GMAW FCAW",J5<=17),CONCATENATE("FCAW ≤ ",((J5-4)*2)," mm"),IF(AND(D5="ASME IX",J5>=17,AE5="GmAW fcAW"),"FCAW Unlimited ",""))))))))))))) -> ≤ 19,05mm | AE5: =IF(G5="","",VLOOKUP(G5,WPS!$D$1:$AH$4735,3,0)) -> SMAW Mixte UP HILL/ Down hill | AF5: =IF(AND($G5<>"",$D5="API 1104"),U5,IF(AND($G5<>"",$D5="ASME IX"),VLOOKUP($G5,WPS!$D$1:$AZ$995,42,0),"")) -> API5L_X52 | AG5: =IF(G5="","",VLOOKUP(G5,WPS!$D$1:$AH$4735,2,0)) -> A | AH5: =IF(AE5="SMAW Mixte UP HILL/ Down hill","5G",IF(AE5="SMAW UP HILL MONTANT","5G",IF(AE5="SMAW Downhill","5G",IF(AE5="GMAW FCAW","1G",IF(AE5="GTAW","6G",IF(AE5="GTAW SMAW","6G","")))))) -> 5G | AI5: =IF(AE5="SMAW Mixte UP HILL/ Down hill","Manuel",IF(AE5="SMAW UP HILL MONTANT","Manuel",IF(AE5="GMAW FCAW","semi auto",IF(AE5="GTAW","Manuel",IF(AE5="GTAW SMAW","Manuel",IF(AE5="SMAW Downhill","Manuel","")))))) -> Manuel | AJ5: PIPE | AK5: =IF(AE5="SMAW Mixte UP HILL/ Down hill","UP HILL/ Down hill Montant+Descendant",IF(AE5="SMAW UP HILL MONTANT","UP HILL Montant",IF(AE5="GMAW FCAW","Rotation",IF(AE5="GTAW","UP HILL Montant",IF(AE5="SMAW Downhill","SMAW Downhill",IF(AE5="GTAW SMAW","UP HILL Montant","")))))) -> UP HILL/ Down hill Montant+Descendant | AL5: =IF($G5="","",VLOOKUP($G5,WPS!$D$1:$AL$995,18,0)) -> N/A | AM5: =IF($G5="","",VLOOKUP($G5,WPS!$D$1:$AL$995,19,0)) -> Grp F N°1 | AN5: =IF($G5="","",VLOOKUP($G5,WPS!$D$1:$AL$995,20,0)) -> Grp F N°1 | AO5: =IF($G5="","",VLOOKUP($G5,WPS!$D$1:$AL$995,21,0)) -> A5.1 | AP5: =IF($G5="","",VLOOKUP($G5,WPS!$D$1:$AL$995,22,0)) -> A5.5 | AQ5: =IF($G5="","",VLOOKUP($G5,WPS!$D$1:$AL$995,23,0)) -> E 6010 | AR5: =IF($G5="","",VLOOKUP($G5,WPS!$D$1:$AL$995,24,0)) -> E 7010-P1 | AS5: =IF(AH5="1G","F",IF(AH5="5G","V-H-O",IF(AH5="6G","ALL",""))) -> V-H-O | AT5: =IF($G5="","",VLOOKUP($G5,WPS!$D$1:$AL$995,29,0)) -> DC | AU5: =IF($G5="","",VLOOKUP($G5,WPS!$D$1:$AL$995,30,0)) -> (+) | AV5: =IF($G5="","",VLOOKUP($G5,WPS!$D$1:$AL$995,31,0)) -> (+) | AW5: =IF(AE5="SMAW Mixte UP HILL/ Down hill","SMAW :,With/Without SMAW : With",IF(AE5="SMAW UP HILL MONTANT","SMAW :With/Without SMAW : With",IF(AE5="GMAW FCAW","GMAW :With/Without FCAW : With",IF(AE5="GTAW","GTAW :With / Without",IF(AE5="GTAW SMAW","GTAW :With/Without SMAW : With",""))))) -> SMAW :,With/Without SMAW : With | AX5: =IF($G5="","",VLOOKUP($G5,WPS!$D$1:$AL$995,15,0)) -> 50°C Min | AY5: =IF($G5="","",VLOOKUP($G5,WPS!$D$1:$AX$995,44,0)) -> ASME B31.3 édition 2021 | AZ5: =IFERROR(VLOOKUP(I5,Feuil1!$O$4:$P$34,2,0),"") -> 168.3 | BB5: =IFERROR(VLOOKUP(I5,Feuil1!$O$4:$P$32,2,0),"") -> 168.3 | BC5: =IF($G5="","",VLOOKUP($G5,WPS!$D$1:$AL$995,2,0)) -> A | BD5: =IF(M5='VT-PPL'!$Y$6,1,"") | BE5: =IF(BD5="","",COUNTIF(BD$2:$BD5,BD5)) | BF5: =IF(P5='RT-PPL'!$Q$6,1,"") | BG5: =IF(BF5="","",COUNTIF(BF$2:$BF5,BF5)) | BH5: =+IF(L5=HOMO!$K$4,1,"") | BI5: =IF(BH5="","",COUNTIF(BH$2:$BH5,BH5)) | BJ5: =IF(AND(K5="A",M5=Prog!$L$12),1,"") | BK5: =IF(BJ5="","",COUNTIF(BJ$2:$BJ5,BJ5)) | BL5: 4
A6: =F6&G6&I6 -> HAMDI MagedTFT-II-PL-076 | B6: =IF($G6="","",VLOOKUP($G6,WPS!$D$1:$AN$995,35,0)) -> TFT II / TFT SUD GAZ FIELD DEVELOPMENT | C6: =IF($G6="","",VLOOKUP($G6,WPS!$D$1:$AN$995,33,0)) -> API 1104 | D6: =IF($G6="","",VLOOKUP($G6,WPS!$D$1:$AN$995,34,0)) -> API 1104 | E6: WR-024 | F6: HAMDI Maged | G6: TFT-II-PL-07 | H6: API5L_X52 | I6: 6 | J6: 7.1 | K6: A | L6: 46139 | M6: VT-WQT-002 | N6: A | O6: 46139 | P6: RT-WQT-002 | Q6: 21063-G0-PPL-RFI-0055 | R6: 21063-G0-PPL-RFI-0055 | S6: WQT-003 | T6: 46139 | U6: =H6 -> API5L_X52 | V6: =IF($G6="","",VLOOKUP($G6,WPS!$D$1:$AL$995,17,0)) -> SMAW :With/Without Backing | W6: =IF($G6="","",VLOOKUP($G6,WPS!$D$1:$AL$995,25,0)) -> WF-1b | X6: =IF($G6="","",VLOOKUP($G6,WPS!$D$1:$AL$995,26,0)) -> WF-1b | Y6: =IF($G6="","",VLOOKUP($G6,WPS!$D$1:$AL$995,27,0)) -> A5.1or A5.5 | Z6: =IF($G6="","",VLOOKUP($G6,WPS!$D$1:$AL$995,28,0)) -> A5.1or A5.5 | AA6: =IF(AND(D6="API 1104",BB6<60.3),"Unlimited ",IF(AND(D6="API 1104",AND(BB6>=60.3,BB6<=323.85)),"≥ 2,3/8'' (60,3mm)",IF(AND(D6="API 1104",BB6>323.85),"> 12,750'' (323,9mm)",IF(AND(D6="ASME IX",BB6<60.3),CONCATENATE("≥ ",I5,"'' ","(",BB6,"mm)"),IF(AND(D6="ASME IX",BB6="60,3"),"≥ 1'' (25mm)",IF(AND(D6="ASME IX",AND(BB6>25,BB6<73)),"≥ 1'' (25mm)",IF(AND(D6="ASME IX",BB6>73),"> 2,7/8'' (73mm)",""))))))) -> ≥ 2,3/8'' (60,3mm) | AB6: =IF(AND(D6="API 1104",BB6<60.3),"< 2,3/8'' 60,3mm",IF(AND(D6="API 1104",AND(BB6>=60.3,BB6<=323.85)),"≤ 12,750'' 323,9mm",IF(AND(D6="API 1104",BB6>323.85),"Unlimited",IF(AND(D6="ASME IX",BB6<25),"Unlimited",IF(AND(D6="ASME IX",AND(BB6>25,BB6<73)),"Unlimited",IF(AND(D6="ASME IX",BB6>73),"Unlimited","")))))) -> ≤ 12,750'' 323,9mm | AC6: =IF(AND(D6="API 1104",J6<3.9)," SMAW <3,9 mm",IF(AND(D6="API 1104",AND(J6>=3.9,J6<19))," SMAW ≥ 3,9 mm",IF(AND(D6="API 1104",J6>=19),"SMAW >=19mm",IF(AND(D6="ASME IX",AE6="gtaw",J6<13),"GTAW ",IF(AND(D6="ASME IX",AE6="GTAW SMAW",J6<13),"GTAW ≤ 8 mm",IF(AND(D6="ASME IX",AE6="GmAW fcAW",J6<13),"GMAW ≤ 8 mm",IF(AND(D6="ASME IX",AE6="gtaw",J6>=13),CONCATENATE("≤ ",J6*2," mm"),IF(AND(D6="ASME IX",J6>=13,AE6="GTAW SMAW"),"GTAW ≤ 8mm",IF(AND(D6="ASME IX",J6>=13,AE6="GmAW fcAW"),"GMAW ≤ 8mm",""))))))))) -> SMAW ≥ 3,9 mm | AD6: =IF(AND(D6="API 1104",AE6="SMAW Mixte UP HILL/ Down hill",J6<3.9),CONCATENATE("≤ ",MAX(1.5*J6,3.9),"mm"),IF(AND(D6="API 1104",AE6="SMAW UP HILL MONTANT",J6<3.9),CONCATENATE("≤ ",MAX(1.5*J6,3.9),"mm"),IF(AND(D6="API 1104",AND(J6>=3.9,J6<19.05)),CONCATENATE("≤ ",MAX(1.5*J6,19.05),"mm"),IF(AND(D6="API 1104",J6>=19.05),"ALL",IF(AND(D6="ASME IX",AE6="SMAW UP HILL MONTANT",J6<17),CONCATENATE("≤ ",((J6)*2)," mm"),IF(AND(D6="ASME IX",J6>=17),CONCATENATE("Unlimited"),IF(AND(D6="ASME IX",AE6="SMAW Mixte UP HILL/ Down hill",J6<17),CONCATENATE("≤ ",((J6)*2)," mm"),IF(AND(D6="ASME IX",J6>=17),CONCATENATE(" SMAW Unlimited"),IF(AND(D6="ASME IX",AE6="GTAW",J6<=17),CONCATENATE( "≤ ",J6*2," mm"),IF(AND(D6="ASME IX",AE6="GTAW SMAW",J6<=17),CONCATENATE("SMAW ≤ ",((J6-4)*2)," mm"),IF(AND(D6="ASME IX",J6>=17,AE6="GTAW SMAW"),"SMAW Unlimited ",IF(AND(D6="ASME IX",AE6="GMAW FCAW",J6<=17),CONCATENATE("FCAW ≤ ",((J6-4)*2)," mm"),IF(AND(D6="ASME IX",J6>=17,AE6="GmAW fcAW"),"FCAW Unlimited ",""))))))))))))) -> ≤ 19,05mm | AE6: =IF(G6="","",VLOOKUP(G6,WPS!$D$1:$AH$4735,3,0)) -> SMAW Mixte UP HILL/ Down hill | AF6: =IF(AND($G6<>"",$D6="API 1104"),U6,IF(AND($G6<>"",$D6="ASME IX"),VLOOKUP($G6,WPS!$D$1:$AZ$995,42,0),"")) -> API5L_X52 | AG6: =IF(G6="","",VLOOKUP(G6,WPS!$D$1:$AH$4735,2,0)) -> A | AH6: =IF(AE6="SMAW Mixte UP HILL/ Down hill","5G",IF(AE6="SMAW UP HILL MONTANT","5G",IF(AE6="SMAW Downhill","5G",IF(AE6="GMAW FCAW","1G",IF(AE6="GTAW","6G",IF(AE6="GTAW SMAW","6G","")))))) -> 5G | AI6: =IF(AE6="SMAW Mixte UP HILL/ Down hill","Manuel",IF(AE6="SMAW UP HILL MONTANT","Manuel",IF(AE6="GMAW FCAW","semi auto",IF(AE6="GTAW","Manuel",IF(AE6="GTAW SMAW","Manuel",IF(AE6="SMAW Downhill","Manuel","")))))) -> Manuel | AJ6: PIPE | AK6: =IF(AE6="SMAW Mixte UP HILL/ Down hill","UP HILL/ Down hill Montant+Descendant",IF(AE6="SMAW UP HILL MONTANT","UP HILL Montant",IF(AE6="GMAW FCAW","Rotation",IF(AE6="GTAW","UP HILL Montant",IF(AE6="SMAW Downhill","SMAW Downhill",IF(AE6="GTAW SMAW","UP HILL Montant","")))))) -> UP HILL/ Down hill Montant+Descendant | AL6: =IF($G6="","",VLOOKUP($G6,WPS!$D$1:$AL$995,18,0)) -> N/A | AM6: =IF($G6="","",VLOOKUP($G6,WPS!$D$1:$AL$995,19,0)) -> Grp F N°1 | AN6: =IF($G6="","",VLOOKUP($G6,WPS!$D$1:$AL$995,20,0)) -> Grp F N°1 | AO6: =IF($G6="","",VLOOKUP($G6,WPS!$D$1:$AL$995,21,0)) -> A5.1 | AP6: =IF($G6="","",VLOOKUP($G6,WPS!$D$1:$AL$995,22,0)) -> A5.5 | AQ6: =IF($G6="","",VLOOKUP($G6,WPS!$D$1:$AL$995,23,0)) -> E 6010 | AR6: =IF($G6="","",VLOOKUP($G6,WPS!$D$1:$AL$995,24,0)) -> E 7010-P1 | AS6: =IF(AH6="1G","F",IF(AH6="5G","V-H-O",IF(AH6="6G","ALL",""))) -> V-H-O | AT6: =IF($G6="","",VLOOKUP($G6,WPS!$D$1:$AL$995,29,0)) -> DC | AU6: =IF($G6="","",VLOOKUP($G6,WPS!$D$1:$AL$995,30,0)) -> (+) | AV6: =IF($G6="","",VLOOKUP($G6,WPS!$D$1:$AL$995,31,0)) -> (+) | AW6: =IF(AE6="SMAW Mixte UP HILL/ Down hill","SMAW :,With/Without SMAW : With",IF(AE6="SMAW UP HILL MONTANT","SMAW :With/Without SMAW : With",IF(AE6="GMAW FCAW","GMAW :With/Without FCAW : With",IF(AE6="GTAW","GTAW :With / Without",IF(AE6="GTAW SMAW","GTAW :With/Without SMAW : With",""))))) -> SMAW :,With/Without SMAW : With | AX6: =IF($G6="","",VLOOKUP($G6,WPS!$D$1:$AL$995,15,0)) -> 50°C Min | AY6: =IF($G6="","",VLOOKUP($G6,WPS!$D$1:$AX$995,44,0)) -> ASME B31.3 édition 2021 | AZ6: =IFERROR(VLOOKUP(I6,Feuil1!$O$4:$P$34,2,0),"") -> 168.3 | BB6: =IFERROR(VLOOKUP(I6,Feuil1!$O$4:$P$32,2,0),"") -> 168.3 | BC6: =IF($G6="","",VLOOKUP($G6,WPS!$D$1:$AL$995,2,0)) -> A | BD6: =IF(M6='VT-PPL'!$Y$6,1,"") | BE6: =IF(BD6="","",COUNTIF(BD$2:$BD6,BD6)) | BF6: =IF(P6='RT-PPL'!$Q$6,1,"") | BG6: =IF(BF6="","",COUNTIF(BF$2:$BF6,BF6)) | BH6: =+IF(L6=HOMO!$K$4,1,"") | BI6: =IF(BH6="","",COUNTIF(BH$2:$BH6,BH6)) | BJ6: =IF(AND(K6="A",M6=Prog!$L$12),1,"") | BK6: =IF(BJ6="","",COUNTIF(BJ$2:$BJ6,BJ6)) | BL6: 5
A7: =F7&G7&I7 -> DRARDJA AliTFT-II-PL-076 | B7: =IF($G7="","",VLOOKUP($G7,WPS!$D$1:$AN$995,35,0)) -> TFT II / TFT SUD GAZ FIELD DEVELOPMENT | C7: =IF($G7="","",VLOOKUP($G7,WPS!$D$1:$AN$995,33,0)) -> API 1104 | D7: =IF($G7="","",VLOOKUP($G7,WPS!$D$1:$AN$995,34,0)) -> API 1104 | E7: WR-025 | F7: DRARDJA Ali | G7: TFT-II-PL-07 | H7: API5L_X52 | I7: 6 | J7: 7.1 | K7: A | L7: 46139 | M7: VT-WQT-002 | N7: A | O7: 46139 | P7: RT-WQT-002 | Q7: 21063-G0-PPL-RFI-0055 | R7: 21063-G0-PPL-RFI-0055 | S7: WQT-004 | T7: 46139 | U7: =H7 -> API5L_X52 | V7: =IF($G7="","",VLOOKUP($G7,WPS!$D$1:$AL$995,17,0)) -> SMAW :With/Without Backing | W7: =IF($G7="","",VLOOKUP($G7,WPS!$D$1:$AL$995,25,0)) -> WF-1b | X7: =IF($G7="","",VLOOKUP($G7,WPS!$D$1:$AL$995,26,0)) -> WF-1b | Y7: =IF($G7="","",VLOOKUP($G7,WPS!$D$1:$AL$995,27,0)) -> A5.1or A5.5 | Z7: =IF($G7="","",VLOOKUP($G7,WPS!$D$1:$AL$995,28,0)) -> A5.1or A5.5 | AA7: =IF(AND(D7="API 1104",BB7<60.3),"Unlimited ",IF(AND(D7="API 1104",AND(BB7>=60.3,BB7<=323.85)),"≥ 2,3/8'' (60,3mm)",IF(AND(D7="API 1104",BB7>323.85),"> 12,750'' (323,9mm)",IF(AND(D7="ASME IX",BB7<60.3),CONCATENATE("≥ ",I6,"'' ","(",BB7,"mm)"),IF(AND(D7="ASME IX",BB7="60,3"),"≥ 1'' (25mm)",IF(AND(D7="ASME IX",AND(BB7>25,BB7<73)),"≥ 1'' (25mm)",IF(AND(D7="ASME IX",BB7>73),"> 2,7/8'' (73mm)",""))))))) -> ≥ 2,3/8'' (60,3mm) | AB7: =IF(AND(D7="API 1104",BB7<60.3),"< 2,3/8'' 60,3mm",IF(AND(D7="API 1104",AND(BB7>=60.3,BB7<=323.85)),"≤ 12,750'' 323,9mm",IF(AND(D7="API 1104",BB7>323.85),"Unlimited",IF(AND(D7="ASME IX",BB7<25),"Unlimited",IF(AND(D7="ASME IX",AND(BB7>25,BB7<73)),"Unlimited",IF(AND(D7="ASME IX",BB7>73),"Unlimited","")))))) -> ≤ 12,750'' 323,9mm | AC7: =IF(AND(D7="API 1104",J7<3.9)," SMAW <3,9 mm",IF(AND(D7="API 1104",AND(J7>=3.9,J7<19))," SMAW ≥ 3,9 mm",IF(AND(D7="API 1104",J7>=19),"SMAW >=19mm",IF(AND(D7="ASME IX",AE7="gtaw",J7<13),"GTAW ",IF(AND(D7="ASME IX",AE7="GTAW SMAW",J7<13),"GTAW ≤ 8 mm",IF(AND(D7="ASME IX",AE7="GmAW fcAW",J7<13),"GMAW ≤ 8 mm",IF(AND(D7="ASME IX",AE7="gtaw",J7>=13),CONCATENATE("≤ ",J7*2," mm"),IF(AND(D7="ASME IX",J7>=13,AE7="GTAW SMAW"),"GTAW ≤ 8mm",IF(AND(D7="ASME IX",J7>=13,AE7="GmAW fcAW"),"GMAW ≤ 8mm",""))))))))) -> SMAW ≥ 3,9 mm | AD7: =IF(AND(D7="API 1104",AE7="SMAW Mixte UP HILL/ Down hill",J7<3.9),CONCATENATE("≤ ",MAX(1.5*J7,3.9),"mm"),IF(AND(D7="API 1104",AE7="SMAW UP HILL MONTANT",J7<3.9),CONCATENATE("≤ ",MAX(1.5*J7,3.9),"mm"),IF(AND(D7="API 1104",AND(J7>=3.9,J7<19.05)),CONCATENATE("≤ ",MAX(1.5*J7,19.05),"mm"),IF(AND(D7="API 1104",J7>=19.05),"ALL",IF(AND(D7="ASME IX",AE7="SMAW UP HILL MONTANT",J7<17),CONCATENATE("≤ ",((J7)*2)," mm"),IF(AND(D7="ASME IX",J7>=17),CONCATENATE("Unlimited"),IF(AND(D7="ASME IX",AE7="SMAW Mixte UP HILL/ Down hill",J7<17),CONCATENATE("≤ ",((J7)*2)," mm"),IF(AND(D7="ASME IX",J7>=17),CONCATENATE(" SMAW Unlimited"),IF(AND(D7="ASME IX",AE7="GTAW",J7<=17),CONCATENATE( "≤ ",J7*2," mm"),IF(AND(D7="ASME IX",AE7="GTAW SMAW",J7<=17),CONCATENATE("SMAW ≤ ",((J7-4)*2)," mm"),IF(AND(D7="ASME IX",J7>=17,AE7="GTAW SMAW"),"SMAW Unlimited ",IF(AND(D7="ASME IX",AE7="GMAW FCAW",J7<=17),CONCATENATE("FCAW ≤ ",((J7-4)*2)," mm"),IF(AND(D7="ASME IX",J7>=17,AE7="GmAW fcAW"),"FCAW Unlimited ",""))))))))))))) -> ≤ 19,05mm | AE7: =IF(G7="","",VLOOKUP(G7,WPS!$D$1:$AH$4735,3,0)) -> SMAW Mixte UP HILL/ Down hill | AF7: =IF(AND($G7<>"",$D7="API 1104"),U7,IF(AND($G7<>"",$D7="ASME IX"),VLOOKUP($G7,WPS!$D$1:$AZ$995,42,0),"")) -> API5L_X52 | AG7: =IF(G7="","",VLOOKUP(G7,WPS!$D$1:$AH$4735,2,0)) -> A | AH7: =IF(AE7="SMAW Mixte UP HILL/ Down hill","5G",IF(AE7="SMAW UP HILL MONTANT","5G",IF(AE7="SMAW Downhill","5G",IF(AE7="GMAW FCAW","1G",IF(AE7="GTAW","6G",IF(AE7="GTAW SMAW","6G","")))))) -> 5G | AI7: =IF(AE7="SMAW Mixte UP HILL/ Down hill","Manuel",IF(AE7="SMAW UP HILL MONTANT","Manuel",IF(AE7="GMAW FCAW","semi auto",IF(AE7="GTAW","Manuel",IF(AE7="GTAW SMAW","Manuel",IF(AE7="SMAW Downhill","Manuel","")))))) -> Manuel | AJ7: PIPE | AK7: =IF(AE7="SMAW Mixte UP HILL/ Down hill","UP HILL/ Down hill Montant+Descendant",IF(AE7="SMAW UP HILL MONTANT","UP HILL Montant",IF(AE7="GMAW FCAW","Rotation",IF(AE7="GTAW","UP HILL Montant",IF(AE7="SMAW Downhill","SMAW Downhill",IF(AE7="GTAW SMAW","UP HILL Montant","")))))) -> UP HILL/ Down hill Montant+Descendant | AL7: =IF($G7="","",VLOOKUP($G7,WPS!$D$1:$AL$995,18,0)) -> N/A | AM7: =IF($G7="","",VLOOKUP($G7,WPS!$D$1:$AL$995,19,0)) -> Grp F N°1 | AN7: =IF($G7="","",VLOOKUP($G7,WPS!$D$1:$AL$995,20,0)) -> Grp F N°1 | AO7: =IF($G7="","",VLOOKUP($G7,WPS!$D$1:$AL$995,21,0)) -> A5.1 | AP7: =IF($G7="","",VLOOKUP($G7,WPS!$D$1:$AL$995,22,0)) -> A5.5 | AQ7: =IF($G7="","",VLOOKUP($G7,WPS!$D$1:$AL$995,23,0)) -> E 6010 | AR7: =IF($G7="","",VLOOKUP($G7,WPS!$D$1:$AL$995,24,0)) -> E 7010-P1 | AS7: =IF(AH7="1G","F",IF(AH7="5G","V-H-O",IF(AH7="6G","ALL",""))) -> V-H-O | AT7: =IF($G7="","",VLOOKUP($G7,WPS!$D$1:$AL$995,29,0)) -> DC | AU7: =IF($G7="","",VLOOKUP($G7,WPS!$D$1:$AL$995,30,0)) -> (+) | AV7: =IF($G7="","",VLOOKUP($G7,WPS!$D$1:$AL$995,31,0)) -> (+) | AW7: =IF(AE7="SMAW Mixte UP HILL/ Down hill","SMAW :,With/Without SMAW : With",IF(AE7="SMAW UP HILL MONTANT","SMAW :With/Without SMAW : With",IF(AE7="GMAW FCAW","GMAW :With/Without FCAW : With",IF(AE7="GTAW","GTAW :With / Without",IF(AE7="GTAW SMAW","GTAW :With/Without SMAW : With",""))))) -> SMAW :,With/Without SMAW : With | AX7: =IF($G7="","",VLOOKUP($G7,WPS!$D$1:$AL$995,15,0)) -> 50°C Min | AY7: =IF($G7="","",VLOOKUP($G7,WPS!$D$1:$AX$995,44,0)) -> ASME B31.3 édition 2021 | AZ7: =IFERROR(VLOOKUP(I7,Feuil1!$O$4:$P$34,2,0),"") -> 168.3 | BB7: =IFERROR(VLOOKUP(I7,Feuil1!$O$4:$P$32,2,0),"") -> 168.3 | BC7: =IF($G7="","",VLOOKUP($G7,WPS!$D$1:$AL$995,2,0)) -> A | BD7: =IF(M7='VT-PPL'!$Y$6,1,"") | BE7: =IF(BD7="","",COUNTIF(BD$2:$BD7,BD7)) | BF7: =IF(P7='RT-PPL'!$Q$6,1,"") | BG7: =IF(BF7="","",COUNTIF(BF$2:$BF7,BF7)) | BH7: =+IF(L7=HOMO!$K$4,1,"") | BI7: =IF(BH7="","",COUNTIF(BH$2:$BH7,BH7)) | BJ7: =IF(AND(K7="A",M7=Prog!$L$12),1,"") | BK7: =IF(BJ7="","",COUNTIF(BJ$2:$BJ7,BJ7)) | BL7: 6
A8: =F8&G8&I8 -> BOUSARIA SAMEHTFT-II-PL-076 | B8: =IF($G8="","",VLOOKUP($G8,WPS!$D$1:$AN$995,35,0)) -> TFT II / TFT SUD GAZ FIELD DEVELOPMENT | C8: =IF($G8="","",VLOOKUP($G8,WPS!$D$1:$AN$995,33,0)) -> API 1104 | D8: =IF($G8="","",VLOOKUP($G8,WPS!$D$1:$AN$995,34,0)) -> API 1104 | E8: WR-019 | F8: BOUSARIA SAMEH | G8: TFT-II-PL-07 | H8: API5L_X52 | I8: 6 | J8: 7.1 | K8: R | L8: 46199 | M8: VT-WQT-003 | Q8: 21063-G0-PPL-RFI-0077 | R8: 21063-G0-PPL-RFI-0077 | U8: =H8 -> API5L_X52 | V8: =IF($G8="","",VLOOKUP($G8,WPS!$D$1:$AL$995,17,0)) -> SMAW :With/Without Backing | W8: =IF($G8="","",VLOOKUP($G8,WPS!$D$1:$AL$995,25,0)) -> WF-1b | X8: =IF($G8="","",VLOOKUP($G8,WPS!$D$1:$AL$995,26,0)) -> WF-1b | Y8: =IF($G8="","",VLOOKUP($G8,WPS!$D$1:$AL$995,27,0)) -> A5.1or A5.5 | Z8: =IF($G8="","",VLOOKUP($G8,WPS!$D$1:$AL$995,28,0)) -> A5.1or A5.5 | AA8: =IF(AND(D8="API 1104",BB8<60.3),"Unlimited ",IF(AND(D8="API 1104",AND(BB8>=60.3,BB8<=323.85)),"≥ 2,3/8'' (60,3mm)",IF(AND(D8="API 1104",BB8>323.85),"> 12,750'' (323,9mm)",IF(AND(D8="ASME IX",BB8<60.3),CONCATENATE("≥ ",I7,"'' ","(",BB8,"mm)"),IF(AND(D8="ASME IX",BB8="60,3"),"≥ 1'' (25mm)",IF(AND(D8="ASME IX",AND(BB8>25,BB8<73)),"≥ 1'' (25mm)",IF(AND(D8="ASME IX",BB8>73),"> 2,7/8'' (73mm)",""))))))) -> ≥ 2,3/8'' (60,3mm) | AB8: =IF(AND(D8="API 1104",BB8<60.3),"< 2,3/8'' 60,3mm",IF(AND(D8="API 1104",AND(BB8>=60.3,BB8<=323.85)),"≤ 12,750'' 323,9mm",IF(AND(D8="API 1104",BB8>323.85),"Unlimited",IF(AND(D8="ASME IX",BB8<25),"Unlimited",IF(AND(D8="ASME IX",AND(BB8>25,BB8<73)),"Unlimited",IF(AND(D8="ASME IX",BB8>73),"Unlimited","")))))) -> ≤ 12,750'' 323,9mm | AC8: =IF(AND(D8="API 1104",J8<3.9)," SMAW <3,9 mm",IF(AND(D8="API 1104",AND(J8>=3.9,J8<19))," SMAW ≥ 3,9 mm",IF(AND(D8="API 1104",J8>=19),"SMAW >=19mm",IF(AND(D8="ASME IX",AE8="gtaw",J8<13),"GTAW ",IF(AND(D8="ASME IX",AE8="GTAW SMAW",J8<13),"GTAW ≤ 8 mm",IF(AND(D8="ASME IX",AE8="GmAW fcAW",J8<13),"GMAW ≤ 8 mm",IF(AND(D8="ASME IX",AE8="gtaw",J8>=13),CONCATENATE("≤ ",J8*2," mm"),IF(AND(D8="ASME IX",J8>=13,AE8="GTAW SMAW"),"GTAW ≤ 8mm",IF(AND(D8="ASME IX",J8>=13,AE8="GmAW fcAW"),"GMAW ≤ 8mm",""))))))))) -> SMAW ≥ 3,9 mm | AD8: =IF(AND(D8="API 1104",AE8="SMAW Mixte UP HILL/ Down hill",J8<3.9),CONCATENATE("≤ ",MAX(1.5*J8,3.9),"mm"),IF(AND(D8="API 1104",AE8="SMAW UP HILL MONTANT",J8<3.9),CONCATENATE("≤ ",MAX(1.5*J8,3.9),"mm"),IF(AND(D8="API 1104",AND(J8>=3.9,J8<19.05)),CONCATENATE("≤ ",MAX(1.5*J8,19.05),"mm"),IF(AND(D8="API 1104",J8>=19.05),"ALL",IF(AND(D8="ASME IX",AE8="SMAW UP HILL MONTANT",J8<17),CONCATENATE("≤ ",((J8)*2)," mm"),IF(AND(D8="ASME IX",J8>=17),CONCATENATE("Unlimited"),IF(AND(D8="ASME IX",AE8="SMAW Mixte UP HILL/ Down hill",J8<17),CONCATENATE("≤ ",((J8)*2)," mm"),IF(AND(D8="ASME IX",J8>=17),CONCATENATE(" SMAW Unlimited"),IF(AND(D8="ASME IX",AE8="GTAW",J8<=17),CONCATENATE( "≤ ",J8*2," mm"),IF(AND(D8="ASME IX",AE8="GTAW SMAW",J8<=17),CONCATENATE("SMAW ≤ ",((J8-4)*2)," mm"),IF(AND(D8="ASME IX",J8>=17,AE8="GTAW SMAW"),"SMAW Unlimited ",IF(AND(D8="ASME IX",AE8="GMAW FCAW",J8<=17),CONCATENATE("FCAW ≤ ",((J8-4)*2)," mm"),IF(AND(D8="ASME IX",J8>=17,AE8="GmAW fcAW"),"FCAW Unlimited ",""))))))))))))) -> ≤ 19,05mm | AE8: =IF(G8="","",VLOOKUP(G8,WPS!$D$1:$AH$4735,3,0)) -> SMAW Mixte UP HILL/ Down hill | AF8: =IF(AND($G8<>"",$D8="API 1104"),U8,IF(AND($G8<>"",$D8="ASME IX"),VLOOKUP($G8,WPS!$D$1:$AZ$995,42,0),"")) -> API5L_X52 | AG8: =IF(G8="","",VLOOKUP(G8,WPS!$D$1:$AH$4735,2,0)) -> A | AH8: =IF(AE8="SMAW Mixte UP HILL/ Down hill","5G",IF(AE8="SMAW UP HILL MONTANT","5G",IF(AE8="SMAW Downhill","5G",IF(AE8="GMAW FCAW","1G",IF(AE8="GTAW","6G",IF(AE8="GTAW SMAW","6G","")))))) -> 5G | AI8: =IF(AE8="SMAW Mixte UP HILL/ Down hill","Manuel",IF(AE8="SMAW UP HILL MONTANT","Manuel",IF(AE8="GMAW FCAW","semi auto",IF(AE8="GTAW","Manuel",IF(AE8="GTAW SMAW","Manuel",IF(AE8="SMAW Downhill","Manuel","")))))) -> Manuel | AJ8: PIPE | AK8: =IF(AE8="SMAW Mixte UP HILL/ Down hill","UP HILL/ Down hill Montant+Descendant",IF(AE8="SMAW UP HILL MONTANT","UP HILL Montant",IF(AE8="GMAW FCAW","Rotation",IF(AE8="GTAW","UP HILL Montant",IF(AE8="SMAW Downhill","SMAW Downhill",IF(AE8="GTAW SMAW","UP HILL Montant","")))))) -> UP HILL/ Down hill Montant+Descendant | AL8: =IF($G8="","",VLOOKUP($G8,WPS!$D$1:$AL$995,18,0)) -> N/A | AM8: =IF($G8="","",VLOOKUP($G8,WPS!$D$1:$AL$995,19,0)) -> Grp F N°1 | AN8: =IF($G8="","",VLOOKUP($G8,WPS!$D$1:$AL$995,20,0)) -> Grp F N°1 | AO8: =IF($G8="","",VLOOKUP($G8,WPS!$D$1:$AL$995,21,0)) -> A5.1 | AP8: =IF($G8="","",VLOOKUP($G8,WPS!$D$1:$AL$995,22,0)) -> A5.5 | AQ8: =IF($G8="","",VLOOKUP($G8,WPS!$D$1:$AL$995,23,0)) -> E 6010 | AR8: =IF($G8="","",VLOOKUP($G8,WPS!$D$1:$AL$995,24,0)) -> E 7010-P1 | AS8: =IF(AH8="1G","F",IF(AH8="5G","V-H-O",IF(AH8="6G","ALL",""))) -> V-H-O | AT8: =IF($G8="","",VLOOKUP($G8,WPS!$D$1:$AL$995,29,0)) -> DC | AU8: =IF($G8="","",VLOOKUP($G8,WPS!$D$1:$AL$995,30,0)) -> (+) | AV8: =IF($G8="","",VLOOKUP($G8,WPS!$D$1:$AL$995,31,0)) -> (+) | AW8: =IF(AE8="SMAW Mixte UP HILL/ Down hill","SMAW :,With/Without SMAW : With",IF(AE8="SMAW UP HILL MONTANT","SMAW :With/Without SMAW : With",IF(AE8="GMAW FCAW","GMAW :With/Without FCAW : With",IF(AE8="GTAW","GTAW :With / Without",IF(AE8="GTAW SMAW","GTAW :With/Without SMAW : With",""))))) -> SMAW :,With/Without SMAW : With | AX8: =IF($G8="","",VLOOKUP($G8,WPS!$D$1:$AL$995,15,0)) -> 50°C Min | AY8: =IF($G8="","",VLOOKUP($G8,WPS!$D$1:$AX$995,44,0)) -> ASME B31.3 édition 2021 | AZ8: =IFERROR(VLOOKUP(I8,Feuil1!$O$4:$P$34,2,0),"") -> 168.3 | BB8: =IFERROR(VLOOKUP(I8,Feuil1!$O$4:$P$32,2,0),"") -> 168.3 | BC8: =IF($G8="","",VLOOKUP($G8,WPS!$D$1:$AL$995,2,0)) -> A | BD8: =IF(M8='VT-PPL'!$Y$6,1,"") | BE8: =IF(BD8="","",COUNTIF(BD$2:$BD8,BD8)) | BF8: =IF(P8='RT-PPL'!$Q$6,1,"") | BG8: =IF(BF8="","",COUNTIF(BF$2:$BF8,BF8)) | BH8: =+IF(L8=HOMO!$K$4,1,"") | BI8: =IF(BH8="","",COUNTIF(BH$2:$BH8,BH8)) | BJ8: =IF(AND(K8="A",M8=Prog!$L$12),1,"") | BK8: =IF(BJ8="","",COUNTIF(BJ$2:$BJ8,BJ8)) | BL8: 7
A9: =F9&G9&I9 -> HABIK ZOHIRTFT-II-PL-076 | B9: =IF($G9="","",VLOOKUP($G9,WPS!$D$1:$AN$995,35,0)) -> TFT II / TFT SUD GAZ FIELD DEVELOPMENT | C9: =IF($G9="","",VLOOKUP($G9,WPS!$D$1:$AN$995,33,0)) -> API 1104 | D9: =IF($G9="","",VLOOKUP($G9,WPS!$D$1:$AN$995,34,0)) -> API 1104 | E9: WR-032 | F9: HABIK ZOHIR | G9: TFT-II-PL-07 | H9: API5L_X52 | I9: 6 | J9: 7.1 | K9: A | L9: 46199 | M9: VT-WQT-003 | N9: A | O9: 46199 | P9: RT-WQT-003 | Q9: 21063-G0-PPL-RFI-0077 | R9: 21063-G0-PPL-RFI-0077 | S9: WQT-005 | T9: 46199 | U9: =H9 -> API5L_X52 | V9: =IF($G9="","",VLOOKUP($G9,WPS!$D$1:$AL$995,17,0)) -> SMAW :With/Without Backing | W9: =IF($G9="","",VLOOKUP($G9,WPS!$D$1:$AL$995,25,0)) -> WF-1b | X9: =IF($G9="","",VLOOKUP($G9,WPS!$D$1:$AL$995,26,0)) -> WF-1b | Y9: =IF($G9="","",VLOOKUP($G9,WPS!$D$1:$AL$995,27,0)) -> A5.1or A5.5 | Z9: =IF($G9="","",VLOOKUP($G9,WPS!$D$1:$AL$995,28,0)) -> A5.1or A5.5 | AA9: =IF(AND(D9="API 1104",BB9<60.3),"Unlimited ",IF(AND(D9="API 1104",AND(BB9>=60.3,BB9<=323.85)),"≥ 2,3/8'' (60,3mm)",IF(AND(D9="API 1104",BB9>323.85),"> 12,750'' (323,9mm)",IF(AND(D9="ASME IX",BB9<60.3),CONCATENATE("≥ ",I8,"'' ","(",BB9,"mm)"),IF(AND(D9="ASME IX",BB9="60,3"),"≥ 1'' (25mm)",IF(AND(D9="ASME IX",AND(BB9>25,BB9<73)),"≥ 1'' (25mm)",IF(AND(D9="ASME IX",BB9>73),"> 2,7/8'' (73mm)",""))))))) -> ≥ 2,3/8'' (60,3mm) | AB9: =IF(AND(D9="API 1104",BB9<60.3),"< 2,3/8'' 60,3mm",IF(AND(D9="API 1104",AND(BB9>=60.3,BB9<=323.85)),"≤ 12,750'' 323,9mm",IF(AND(D9="API 1104",BB9>323.85),"Unlimited",IF(AND(D9="ASME IX",BB9<25),"Unlimited",IF(AND(D9="ASME IX",AND(BB9>25,BB9<73)),"Unlimited",IF(AND(D9="ASME IX",BB9>73),"Unlimited","")))))) -> ≤ 12,750'' 323,9mm | AC9: =IF(AND(D9="API 1104",J9<3.9)," SMAW <3,9 mm",IF(AND(D9="API 1104",AND(J9>=3.9,J9<19))," SMAW ≥ 3,9 mm",IF(AND(D9="API 1104",J9>=19),"SMAW >=19mm",IF(AND(D9="ASME IX",AE9="gtaw",J9<13),"GTAW ",IF(AND(D9="ASME IX",AE9="GTAW SMAW",J9<13),"GTAW ≤ 8 mm",IF(AND(D9="ASME IX",AE9="GmAW fcAW",J9<13),"GMAW ≤ 8 mm",IF(AND(D9="ASME IX",AE9="gtaw",J9>=13),CONCATENATE("≤ ",J9*2," mm"),IF(AND(D9="ASME IX",J9>=13,AE9="GTAW SMAW"),"GTAW ≤ 8mm",IF(AND(D9="ASME IX",J9>=13,AE9="GmAW fcAW"),"GMAW ≤ 8mm",""))))))))) -> SMAW ≥ 3,9 mm | AD9: =IF(AND(D9="API 1104",AE9="SMAW Mixte UP HILL/ Down hill",J9<3.9),CONCATENATE("≤ ",MAX(1.5*J9,3.9),"mm"),IF(AND(D9="API 1104",AE9="SMAW UP HILL MONTANT",J9<3.9),CONCATENATE("≤ ",MAX(1.5*J9,3.9),"mm"),IF(AND(D9="API 1104",AND(J9>=3.9,J9<19.05)),CONCATENATE("≤ ",MAX(1.5*J9,19.05),"mm"),IF(AND(D9="API 1104",J9>=19.05),"ALL",IF(AND(D9="ASME IX",AE9="SMAW UP HILL MONTANT",J9<17),CONCATENATE("≤ ",((J9)*2)," mm"),IF(AND(D9="ASME IX",J9>=17),CONCATENATE("Unlimited"),IF(AND(D9="ASME IX",AE9="SMAW Mixte UP HILL/ Down hill",J9<17),CONCATENATE("≤ ",((J9)*2)," mm"),IF(AND(D9="ASME IX",J9>=17),CONCATENATE(" SMAW Unlimited"),IF(AND(D9="ASME IX",AE9="GTAW",J9<=17),CONCATENATE( "≤ ",J9*2," mm"),IF(AND(D9="ASME IX",AE9="GTAW SMAW",J9<=17),CONCATENATE("SMAW ≤ ",((J9-4)*2)," mm"),IF(AND(D9="ASME IX",J9>=17,AE9="GTAW SMAW"),"SMAW Unlimited ",IF(AND(D9="ASME IX",AE9="GMAW FCAW",J9<=17),CONCATENATE("FCAW ≤ ",((J9-4)*2)," mm"),IF(AND(D9="ASME IX",J9>=17,AE9="GmAW fcAW"),"FCAW Unlimited ",""))))))))))))) -> ≤ 19,05mm | AE9: =IF(G9="","",VLOOKUP(G9,WPS!$D$1:$AH$4735,3,0)) -> SMAW Mixte UP HILL/ Down hill | AF9: =IF(AND($G9<>"",$D9="API 1104"),U9,IF(AND($G9<>"",$D9="ASME IX"),VLOOKUP($G9,WPS!$D$1:$AZ$995,42,0),"")) -> API5L_X52 | AG9: =IF(G9="","",VLOOKUP(G9,WPS!$D$1:$AH$4735,2,0)) -> A | AH9: =IF(AE9="SMAW Mixte UP HILL/ Down hill","5G",IF(AE9="SMAW UP HILL MONTANT","5G",IF(AE9="SMAW Downhill","5G",IF(AE9="GMAW FCAW","1G",IF(AE9="GTAW","6G",IF(AE9="GTAW SMAW","6G","")))))) -> 5G | AI9: =IF(AE9="SMAW Mixte UP HILL/ Down hill","Manuel",IF(AE9="SMAW UP HILL MONTANT","Manuel",IF(AE9="GMAW FCAW","semi auto",IF(AE9="GTAW","Manuel",IF(AE9="GTAW SMAW","Manuel",IF(AE9="SMAW Downhill","Manuel","")))))) -> Manuel | AJ9: PIPE | AK9: =IF(AE9="SMAW Mixte UP HILL/ Down hill","UP HILL/ Down hill Montant+Descendant",IF(AE9="SMAW UP HILL MONTANT","UP HILL Montant",IF(AE9="GMAW FCAW","Rotation",IF(AE9="GTAW","UP HILL Montant",IF(AE9="SMAW Downhill","SMAW Downhill",IF(AE9="GTAW SMAW","UP HILL Montant","")))))) -> UP HILL/ Down hill Montant+Descendant | AL9: =IF($G9="","",VLOOKUP($G9,WPS!$D$1:$AL$995,18,0)) -> N/A | AM9: =IF($G9="","",VLOOKUP($G9,WPS!$D$1:$AL$995,19,0)) -> Grp F N°1 | AN9: =IF($G9="","",VLOOKUP($G9,WPS!$D$1:$AL$995,20,0)) -> Grp F N°1 | AO9: =IF($G9="","",VLOOKUP($G9,WPS!$D$1:$AL$995,21,0)) -> A5.1 | AP9: =IF($G9="","",VLOOKUP($G9,WPS!$D$1:$AL$995,22,0)) -> A5.5 | AQ9: =IF($G9="","",VLOOKUP($G9,WPS!$D$1:$AL$995,23,0)) -> E 6010 | AR9: =IF($G9="","",VLOOKUP($G9,WPS!$D$1:$AL$995,24,0)) -> E 7010-P1 | AS9: =IF(AH9="1G","F",IF(AH9="5G","V-H-O",IF(AH9="6G","ALL",""))) -> V-H-O | AT9: =IF($G9="","",VLOOKUP($G9,WPS!$D$1:$AL$995,29,0)) -> DC | AU9: =IF($G9="","",VLOOKUP($G9,WPS!$D$1:$AL$995,30,0)) -> (+) | AV9: =IF($G9="","",VLOOKUP($G9,WPS!$D$1:$AL$995,31,0)) -> (+) | AW9: =IF(AE9="SMAW Mixte UP HILL/ Down hill","SMAW :,With/Without SMAW : With",IF(AE9="SMAW UP HILL MONTANT","SMAW :With/Without SMAW : With",IF(AE9="GMAW FCAW","GMAW :With/Without FCAW : With",IF(AE9="GTAW","GTAW :With / Without",IF(AE9="GTAW SMAW","GTAW :With/Without SMAW : With",""))))) -> SMAW :,With/Without SMAW : With | AX9: =IF($G9="","",VLOOKUP($G9,WPS!$D$1:$AL$995,15,0)) -> 50°C Min | AY9: =IF($G9="","",VLOOKUP($G9,WPS!$D$1:$AX$995,44,0)) -> ASME B31.3 édition 2021 | AZ9: =IFERROR(VLOOKUP(I9,Feuil1!$O$4:$P$34,2,0),"") -> 168.3 | BB9: =IFERROR(VLOOKUP(I9,Feuil1!$O$4:$P$32,2,0),"") -> 168.3 | BC9: =IF($G9="","",VLOOKUP($G9,WPS!$D$1:$AL$995,2,0)) -> A | BD9: =IF(M9='VT-PPL'!$Y$6,1,"") | BE9: =IF(BD9="","",COUNTIF(BD$2:$BD9,BD9)) | BF9: =IF(P9='RT-PPL'!$Q$6,1,"") | BG9: =IF(BF9="","",COUNTIF(BF$2:$BF9,BF9)) | BH9: =+IF(L9=HOMO!$K$4,1,"") | BI9: =IF(BH9="","",COUNTIF(BH$2:$BH9,BH9)) | BJ9: =IF(AND(K9="A",M9=Prog!$L$12),1,"") | BK9: =IF(BJ9="","",COUNTIF(BJ$2:$BJ9,BJ9)) | BL9: 8
A10: =F10&G10&I10 -> NAILI AZZEDINETFT-II-PL-076 | B10: =IF($G10="","",VLOOKUP($G10,WPS!$D$1:$AN$995,35,0)) -> TFT II / TFT SUD GAZ FIELD DEVELOPMENT | C10: =IF($G10="","",VLOOKUP($G10,WPS!$D$1:$AN$995,33,0)) -> API 1104 | D10: =IF($G10="","",VLOOKUP($G10,WPS!$D$1:$AN$995,34,0)) -> API 1104 | E10: WR-033 | F10: NAILI AZZEDINE | G10: TFT-II-PL-07 | H10: API5L_X52 | I10: 6 | J10: 7.1 | K10: A | L10: 46199 | M10: VT-WQT-003 | N10: A | O10: 46199 | P10: RT-WQT-003 | Q10: 21063-G0-PPL-RFI-0077 | R10: 21063-G0-PPL-RFI-0077 | S10: WQT-006 | T10: 46199 | U10: =H10 -> API5L_X52 | V10: =IF($G10="","",VLOOKUP($G10,WPS!$D$1:$AL$995,17,0)) -> SMAW :With/Without Backing | W10: =IF($G10="","",VLOOKUP($G10,WPS!$D$1:$AL$995,25,0)) -> WF-1b | X10: =IF($G10="","",VLOOKUP($G10,WPS!$D$1:$AL$995,26,0)) -> WF-1b | Y10: =IF($G10="","",VLOOKUP($G10,WPS!$D$1:$AL$995,27,0)) -> A5.1or A5.5 | Z10: =IF($G10="","",VLOOKUP($G10,WPS!$D$1:$AL$995,28,0)) -> A5.1or A5.5 | AA10: =IF(AND(D10="API 1104",BB10<60.3),"Unlimited ",IF(AND(D10="API 1104",AND(BB10>=60.3,BB10<=323.85)),"≥ 2,3/8'' (60,3mm)",IF(AND(D10="API 1104",BB10>323.85),"> 12,750'' (323,9mm)",IF(AND(D10="ASME IX",BB10<60.3),CONCATENATE("≥ ",I9,"'' ","(",BB10,"mm)"),IF(AND(D10="ASME IX",BB10="60,3"),"≥ 1'' (25mm)",IF(AND(D10="ASME IX",AND(BB10>25,BB10<73)),"≥ 1'' (25mm)",IF(AND(D10="ASME IX",BB10>73),"> 2,7/8'' (73mm)",""))))))) -> ≥ 2,3/8'' (60,3mm) | AB10: =IF(AND(D10="API 1104",BB10<60.3),"< 2,3/8'' 60,3mm",IF(AND(D10="API 1104",AND(BB10>=60.3,BB10<=323.85)),"≤ 12,750'' 323,9mm",IF(AND(D10="API 1104",BB10>323.85),"Unlimited",IF(AND(D10="ASME IX",BB10<25),"Unlimited",IF(AND(D10="ASME IX",AND(BB10>25,BB10<73)),"Unlimited",IF(AND(D10="ASME IX",BB10>73),"Unlimited","")))))) -> ≤ 12,750'' 323,9mm | AC10: =IF(AND(D10="API 1104",J10<3.9)," SMAW <3,9 mm",IF(AND(D10="API 1104",AND(J10>=3.9,J10<19))," SMAW ≥ 3,9 mm",IF(AND(D10="API 1104",J10>=19),"SMAW >=19mm",IF(AND(D10="ASME IX",AE10="gtaw",J10<13),"GTAW ",IF(AND(D10="ASME IX",AE10="GTAW SMAW",J10<13),"GTAW ≤ 8 mm",IF(AND(D10="ASME IX",AE10="GmAW fcAW",J10<13),"GMAW ≤ 8 mm",IF(AND(D10="ASME IX",AE10="gtaw",J10>=13),CONCATENATE("≤ ",J10*2," mm"),IF(AND(D10="ASME IX",J10>=13,AE10="GTAW SMAW"),"GTAW ≤ 8mm",IF(AND(D10="ASME IX",J10>=13,AE10="GmAW fcAW"),"GMAW ≤ 8mm",""))))))))) -> SMAW ≥ 3,9 mm | AD10: =IF(AND(D10="API 1104",AE10="SMAW Mixte UP HILL/ Down hill",J10<3.9),CONCATENATE("≤ ",MAX(1.5*J10,3.9),"mm"),IF(AND(D10="API 1104",AE10="SMAW UP HILL MONTANT",J10<3.9),CONCATENATE("≤ ",MAX(1.5*J10,3.9),"mm"),IF(AND(D10="API 1104",AND(J10>=3.9,J10<19.05)),CONCATENATE("≤ ",MAX(1.5*J10,19.05),"mm"),IF(AND(D10="API 1104",J10>=19.05),"ALL",IF(AND(D10="ASME IX",AE10="SMAW UP HILL MONTANT",J10<17),CONCATENATE("≤ ",((J10)*2)," mm"),IF(AND(D10="ASME IX",J10>=17),CONCATENATE("Unlimited"),IF(AND(D10="ASME IX",AE10="SMAW Mixte UP HILL/ Down hill",J10<17),CONCATENATE("≤ ",((J10)*2)," mm"),IF(AND(D10="ASME IX",J10>=17),CONCATENATE(" SMAW Unlimited"),IF(AND(D10="ASME IX",AE10="GTAW",J10<=17),CONCATENATE( "≤ ",J10*2," mm"),IF(AND(D10="ASME IX",AE10="GTAW SMAW",J10<=17),CONCATENATE("SMAW ≤ ",((J10-4)*2)," mm"),IF(AND(D10="ASME IX",J10>=17,AE10="GTAW SMAW"),"SMAW Unlimited ",IF(AND(D10="ASME IX",AE10="GMAW FCAW",J10<=17),CONCATENATE("FCAW ≤ ",((J10-4)*2)," mm"),IF(AND(D10="ASME IX",J10>=17,AE10="GmAW fcAW"),"FCAW Unlimited ",""))))))))))))) -> ≤ 19,05mm | AE10: =IF(G10="","",VLOOKUP(G10,WPS!$D$1:$AH$4735,3,0)) -> SMAW Mixte UP HILL/ Down hill | AF10: =IF(AND($G10<>"",$D10="API 1104"),U10,IF(AND($G10<>"",$D10="ASME IX"),VLOOKUP($G10,WPS!$D$1:$AZ$995,42,0),"")) -> API5L_X52 | AG10: =IF(G10="","",VLOOKUP(G10,WPS!$D$1:$AH$4735,2,0)) -> A | AH10: =IF(AE10="SMAW Mixte UP HILL/ Down hill","5G",IF(AE10="SMAW UP HILL MONTANT","5G",IF(AE10="SMAW Downhill","5G",IF(AE10="GMAW FCAW","1G",IF(AE10="GTAW","6G",IF(AE10="GTAW SMAW","6G","")))))) -> 5G | AI10: =IF(AE10="SMAW Mixte UP HILL/ Down hill","Manuel",IF(AE10="SMAW UP HILL MONTANT","Manuel",IF(AE10="GMAW FCAW","semi auto",IF(AE10="GTAW","Manuel",IF(AE10="GTAW SMAW","Manuel",IF(AE10="SMAW Downhill","Manuel","")))))) -> Manuel | AJ10: PIPE | AK10: =IF(AE10="SMAW Mixte UP HILL/ Down hill","UP HILL/ Down hill Montant+Descendant",IF(AE10="SMAW UP HILL MONTANT","UP HILL Montant",IF(AE10="GMAW FCAW","Rotation",IF(AE10="GTAW","UP HILL Montant",IF(AE10="SMAW Downhill","SMAW Downhill",IF(AE10="GTAW SMAW","UP HILL Montant","")))))) -> UP HILL/ Down hill Montant+Descendant | AL10: =IF($G10="","",VLOOKUP($G10,WPS!$D$1:$AL$995,18,0)) -> N/A | AM10: =IF($G10="","",VLOOKUP($G10,WPS!$D$1:$AL$995,19,0)) -> Grp F N°1 | AN10: =IF($G10="","",VLOOKUP($G10,WPS!$D$1:$AL$995,20,0)) -> Grp F N°1 | AO10: =IF($G10="","",VLOOKUP($G10,WPS!$D$1:$AL$995,21,0)) -> A5.1 | AP10: =IF($G10="","",VLOOKUP($G10,WPS!$D$1:$AL$995,22,0)) -> A5.5 | AQ10: =IF($G10="","",VLOOKUP($G10,WPS!$D$1:$AL$995,23,0)) -> E 6010 | AR10: =IF($G10="","",VLOOKUP($G10,WPS!$D$1:$AL$995,24,0)) -> E 7010-P1 | AS10: =IF(AH10="1G","F",IF(AH10="5G","V-H-O",IF(AH10="6G","ALL",""))) -> V-H-O | AT10: =IF($G10="","",VLOOKUP($G10,WPS!$D$1:$AL$995,29,0)) -> DC | AU10: =IF($G10="","",VLOOKUP($G10,WPS!$D$1:$AL$995,30,0)) -> (+) | AV10: =IF($G10="","",VLOOKUP($G10,WPS!$D$1:$AL$995,31,0)) -> (+) | AW10: =IF(AE10="SMAW Mixte UP HILL/ Down hill","SMAW :,With/Without SMAW : With",IF(AE10="SMAW UP HILL MONTANT","SMAW :With/Without SMAW : With",IF(AE10="GMAW FCAW","GMAW :With/Without FCAW : With",IF(AE10="GTAW","GTAW :With / Without",IF(AE10="GTAW SMAW","GTAW :With/Without SMAW : With",""))))) -> SMAW :,With/Without SMAW : With | AX10: =IF($G10="","",VLOOKUP($G10,WPS!$D$1:$AL$995,15,0)) -> 50°C Min | AY10: =IF($G10="","",VLOOKUP($G10,WPS!$D$1:$AX$995,44,0)) -> ASME B31.3 édition 2021 | AZ10: =IFERROR(VLOOKUP(I10,Feuil1!$O$4:$P$34,2,0),"") -> 168.3 | BB10: =IFERROR(VLOOKUP(I10,Feuil1!$O$4:$P$32,2,0),"") -> 168.3 | BC10: =IF($G10="","",VLOOKUP($G10,WPS!$D$1:$AL$995,2,0)) -> A | BD10: =IF(M10='VT-PPL'!$Y$6,1,"") | BE10: =IF(BD10="","",COUNTIF(BD$2:$BD10,BD10)) | BF10: =IF(P10='RT-PPL'!$Q$6,1,"") | BG10: =IF(BF10="","",COUNTIF(BF$2:$BF10,BF10)) | BH10: =+IF(L10=HOMO!$K$4,1,"") | BI10: =IF(BH10="","",COUNTIF(BH$2:$BH10,BH10)) | BJ10: =IF(AND(K10="A",M10=Prog!$L$12),1,"") | BK10: =IF(BJ10="","",COUNTIF(BJ$2:$BJ10,BJ10)) | BL10: 9
A11: =F11&G11&I11 -> AMMERI MOHAMEDTFT-II-PL-076 | B11: =IF($G11="","",VLOOKUP($G11,WPS!$D$1:$AN$995,35,0)) -> TFT II / TFT SUD GAZ FIELD DEVELOPMENT | C11: =IF($G11="","",VLOOKUP($G11,WPS!$D$1:$AN$995,33,0)) -> API 1104 | D11: =IF($G11="","",VLOOKUP($G11,WPS!$D$1:$AN$995,34,0)) -> API 1104 | E11: WR-030 | F11: AMMERI MOHAMED | G11: TFT-II-PL-07 | H11: API5L_X52 | I11: 6 | J11: 7.1 | K11: A | L11: 46200 | M11: VT-WQT-004 | N11: A | O11: 46200 | P11: RT-WQT-004 | Q11: 21063-G0-PPL-RFI-0077 | R11: 21063-G0-PPL-RFI-0077 | S11: WQT-007 | T11: 46200 | U11: =H11 -> API5L_X52 | V11: =IF($G11="","",VLOOKUP($G11,WPS!$D$1:$AL$995,17,0)) -> SMAW :With/Without Backing | W11: =IF($G11="","",VLOOKUP($G11,WPS!$D$1:$AL$995,25,0)) -> WF-1b | X11: =IF($G11="","",VLOOKUP($G11,WPS!$D$1:$AL$995,26,0)) -> WF-1b | Y11: =IF($G11="","",VLOOKUP($G11,WPS!$D$1:$AL$995,27,0)) -> A5.1or A5.5 | Z11: =IF($G11="","",VLOOKUP($G11,WPS!$D$1:$AL$995,28,0)) -> A5.1or A5.5 | AA11: =IF(AND(D11="API 1104",BB11<60.3),"Unlimited ",IF(AND(D11="API 1104",AND(BB11>=60.3,BB11<=323.85)),"≥ 2,3/8'' (60,3mm)",IF(AND(D11="API 1104",BB11>323.85),"> 12,750'' (323,9mm)",IF(AND(D11="ASME IX",BB11<60.3),CONCATENATE("≥ ",I10,"'' ","(",BB11,"mm)"),IF(AND(D11="ASME IX",BB11="60,3"),"≥ 1'' (25mm)",IF(AND(D11="ASME IX",AND(BB11>25,BB11<73)),"≥ 1'' (25mm)",IF(AND(D11="ASME IX",BB11>73),"> 2,7/8'' (73mm)",""))))))) -> ≥ 2,3/8'' (60,3mm) | AB11: =IF(AND(D11="API 1104",BB11<60.3),"< 2,3/8'' 60,3mm",IF(AND(D11="API 1104",AND(BB11>=60.3,BB11<=323.85)),"≤ 12,750'' 323,9mm",IF(AND(D11="API 1104",BB11>323.85),"Unlimited",IF(AND(D11="ASME IX",BB11<25),"Unlimited",IF(AND(D11="ASME IX",AND(BB11>25,BB11<73)),"Unlimited",IF(AND(D11="ASME IX",BB11>73),"Unlimited","")))))) -> ≤ 12,750'' 323,9mm | AC11: =IF(AND(D11="API 1104",J11<3.9)," SMAW <3,9 mm",IF(AND(D11="API 1104",AND(J11>=3.9,J11<19))," SMAW ≥ 3,9 mm",IF(AND(D11="API 1104",J11>=19),"SMAW >=19mm",IF(AND(D11="ASME IX",AE11="gtaw",J11<13),"GTAW ",IF(AND(D11="ASME IX",AE11="GTAW SMAW",J11<13),"GTAW ≤ 8 mm",IF(AND(D11="ASME IX",AE11="GmAW fcAW",J11<13),"GMAW ≤ 8 mm",IF(AND(D11="ASME IX",AE11="gtaw",J11>=13),CONCATENATE("≤ ",J11*2," mm"),IF(AND(D11="ASME IX",J11>=13,AE11="GTAW SMAW"),"GTAW ≤ 8mm",IF(AND(D11="ASME IX",J11>=13,AE11="GmAW fcAW"),"GMAW ≤ 8mm",""))))))))) -> SMAW ≥ 3,9 mm | AD11: =IF(AND(D11="API 1104",AE11="SMAW Mixte UP HILL/ Down hill",J11<3.9),CONCATENATE("≤ ",MAX(1.5*J11,3.9),"mm"),IF(AND(D11="API 1104",AE11="SMAW UP HILL MONTANT",J11<3.9),CONCATENATE("≤ ",MAX(1.5*J11,3.9),"mm"),IF(AND(D11="API 1104",AND(J11>=3.9,J11<19.05)),CONCATENATE("≤ ",MAX(1.5*J11,19.05),"mm"),IF(AND(D11="API 1104",J11>=19.05),"ALL",IF(AND(D11="ASME IX",AE11="SMAW UP HILL MONTANT",J11<17),CONCATENATE("≤ ",((J11)*2)," mm"),IF(AND(D11="ASME IX",J11>=17),CONCATENATE("Unlimited"),IF(AND(D11="ASME IX",AE11="SMAW Mixte UP HILL/ Down hill",J11<17),CONCATENATE("≤ ",((J11)*2)," mm"),IF(AND(D11="ASME IX",J11>=17),CONCATENATE(" SMAW Unlimited"),IF(AND(D11="ASME IX",AE11="GTAW",J11<=17),CONCATENATE( "≤ ",J11*2," mm"),IF(AND(D11="ASME IX",AE11="GTAW SMAW",J11<=17),CONCATENATE("SMAW ≤ ",((J11-4)*2)," mm"),IF(AND(D11="ASME IX",J11>=17,AE11="GTAW SMAW"),"SMAW Unlimited ",IF(AND(D11="ASME IX",AE11="GMAW FCAW",J11<=17),CONCATENATE("FCAW ≤ ",((J11-4)*2)," mm"),IF(AND(D11="ASME IX",J11>=17,AE11="GmAW fcAW"),"FCAW Unlimited ",""))))))))))))) -> ≤ 19,05mm | AE11: =IF(G11="","",VLOOKUP(G11,WPS!$D$1:$AH$4735,3,0)) -> SMAW Mixte UP HILL/ Down hill | AF11: =IF(AND($G11<>"",$D11="API 1104"),U11,IF(AND($G11<>"",$D11="ASME IX"),VLOOKUP($G11,WPS!$D$1:$AZ$995,42,0),"")) -> API5L_X52 | AG11: =IF(G11="","",VLOOKUP(G11,WPS!$D$1:$AH$4735,2,0)) -> A | AH11: =IF(AE11="SMAW Mixte UP HILL/ Down hill","5G",IF(AE11="SMAW UP HILL MONTANT","5G",IF(AE11="SMAW Downhill","5G",IF(AE11="GMAW FCAW","1G",IF(AE11="GTAW","6G",IF(AE11="GTAW SMAW","6G","")))))) -> 5G | AI11: =IF(AE11="SMAW Mixte UP HILL/ Down hill","Manuel",IF(AE11="SMAW UP HILL MONTANT","Manuel",IF(AE11="GMAW FCAW","semi auto",IF(AE11="GTAW","Manuel",IF(AE11="GTAW SMAW","Manuel",IF(AE11="SMAW Downhill","Manuel","")))))) -> Manuel | AJ11: PIPE | AK11: =IF(AE11="SMAW Mixte UP HILL/ Down hill","UP HILL/ Down hill Montant+Descendant",IF(AE11="SMAW UP HILL MONTANT","UP HILL Montant",IF(AE11="GMAW FCAW","Rotation",IF(AE11="GTAW","UP HILL Montant",IF(AE11="SMAW Downhill","SMAW Downhill",IF(AE11="GTAW SMAW","UP HILL Montant","")))))) -> UP HILL/ Down hill Montant+Descendant | AL11: =IF($G11="","",VLOOKUP($G11,WPS!$D$1:$AL$995,18,0)) -> N/A | AM11: =IF($G11="","",VLOOKUP($G11,WPS!$D$1:$AL$995,19,0)) -> Grp F N°1 | AN11: =IF($G11="","",VLOOKUP($G11,WPS!$D$1:$AL$995,20,0)) -> Grp F N°1 | AO11: =IF($G11="","",VLOOKUP($G11,WPS!$D$1:$AL$995,21,0)) -> A5.1 | AP11: =IF($G11="","",VLOOKUP($G11,WPS!$D$1:$AL$995,22,0)) -> A5.5 | AQ11: =IF($G11="","",VLOOKUP($G11,WPS!$D$1:$AL$995,23,0)) -> E 6010 | AR11: =IF($G11="","",VLOOKUP($G11,WPS!$D$1:$AL$995,24,0)) -> E 7010-P1 | AS11: =IF(AH11="1G","F",IF(AH11="5G","V-H-O",IF(AH11="6G","ALL",""))) -> V-H-O | AT11: =IF($G11="","",VLOOKUP($G11,WPS!$D$1:$AL$995,29,0)) -> DC | AU11: =IF($G11="","",VLOOKUP($G11,WPS!$D$1:$AL$995,30,0)) -> (+) | AV11: =IF($G11="","",VLOOKUP($G11,WPS!$D$1:$AL$995,31,0)) -> (+) | AW11: =IF(AE11="SMAW Mixte UP HILL/ Down hill","SMAW :,With/Without SMAW : With",IF(AE11="SMAW UP HILL MONTANT","SMAW :With/Without SMAW : With",IF(AE11="GMAW FCAW","GMAW :With/Without FCAW : With",IF(AE11="GTAW","GTAW :With / Without",IF(AE11="GTAW SMAW","GTAW :With/Without SMAW : With",""))))) -> SMAW :,With/Without SMAW : With | AX11: =IF($G11="","",VLOOKUP($G11,WPS!$D$1:$AL$995,15,0)) -> 50°C Min | AY11: =IF($G11="","",VLOOKUP($G11,WPS!$D$1:$AX$995,44,0)) -> ASME B31.3 édition 2021 | AZ11: =IFERROR(VLOOKUP(I11,Feuil1!$O$4:$P$34,2,0),"") -> 168.3 | BB11: =IFERROR(VLOOKUP(I11,Feuil1!$O$4:$P$32,2,0),"") -> 168.3 | BC11: =IF($G11="","",VLOOKUP($G11,WPS!$D$1:$AL$995,2,0)) -> A | BD11: =IF(M11='VT-PPL'!$Y$6,1,"") | BE11: =IF(BD11="","",COUNTIF(BD$2:$BD11,BD11)) | BF11: =IF(P11='RT-PPL'!$Q$6,1,"") | BG11: =IF(BF11="","",COUNTIF(BF$2:$BF11,BF11)) | BH11: =+IF(L11=HOMO!$K$4,1,"") | BI11: =IF(BH11="","",COUNTIF(BH$2:$BH11,BH11)) | BJ11: =IF(AND(K11="A",M11=Prog!$L$12),1,"") | BK11: =IF(BJ11="","",COUNTIF(BJ$2:$BJ11,BJ11)) | BL11: 10
A12: =F12&G12&I12 -> BEN DECHOU BACHIRTFT-II-PL-076 | B12: =IF($G12="","",VLOOKUP($G12,WPS!$D$1:$AN$995,35,0)) -> TFT II / TFT SUD GAZ FIELD DEVELOPMENT | C12: =IF($G12="","",VLOOKUP($G12,WPS!$D$1:$AN$995,33,0)) -> API 1104 | D12: =IF($G12="","",VLOOKUP($G12,WPS!$D$1:$AN$995,34,0)) -> API 1104 | E12: WR-031 | F12: BEN DECHOU BACHIR | G12: TFT-II-PL-07 | H12: API5L_X52 | I12: 6 | J12: 7.1 | K12: A | L12: 46200 | M12: VT-WQT-004 | N12: A | O12: 46200 | P12: RT-WQT-004 | Q12: 21063-G0-PPL-RFI-0077 | R12: 21063-G0-PPL-RFI-0077 | S12: WQT-008 | T12: 46200 | U12: =H12 -> API5L_X52 | V12: =IF($G12="","",VLOOKUP($G12,WPS!$D$1:$AL$995,17,0)) -> SMAW :With/Without Backing | W12: =IF($G12="","",VLOOKUP($G12,WPS!$D$1:$AL$995,25,0)) -> WF-1b | X12: =IF($G12="","",VLOOKUP($G12,WPS!$D$1:$AL$995,26,0)) -> WF-1b | Y12: =IF($G12="","",VLOOKUP($G12,WPS!$D$1:$AL$995,27,0)) -> A5.1or A5.5 | Z12: =IF($G12="","",VLOOKUP($G12,WPS!$D$1:$AL$995,28,0)) -> A5.1or A5.5 | AA12: =IF(AND(D12="API 1104",BB12<60.3),"Unlimited ",IF(AND(D12="API 1104",AND(BB12>=60.3,BB12<=323.85)),"≥ 2,3/8'' (60,3mm)",IF(AND(D12="API 1104",BB12>323.85),"> 12,750'' (323,9mm)",IF(AND(D12="ASME IX",BB12<60.3),CONCATENATE("≥ ",I11,"'' ","(",BB12,"mm)"),IF(AND(D12="ASME IX",BB12="60,3"),"≥ 1'' (25mm)",IF(AND(D12="ASME IX",AND(BB12>25,BB12<73)),"≥ 1'' (25mm)",IF(AND(D12="ASME IX",BB12>73),"> 2,7/8'' (73mm)",""))))))) -> ≥ 2,3/8'' (60,3mm) | AB12: =IF(AND(D12="API 1104",BB12<60.3),"< 2,3/8'' 60,3mm",IF(AND(D12="API 1104",AND(BB12>=60.3,BB12<=323.85)),"≤ 12,750'' 323,9mm",IF(AND(D12="API 1104",BB12>323.85),"Unlimited",IF(AND(D12="ASME IX",BB12<25),"Unlimited",IF(AND(D12="ASME IX",AND(BB12>25,BB12<73)),"Unlimited",IF(AND(D12="ASME IX",BB12>73),"Unlimited","")))))) -> ≤ 12,750'' 323,9mm | AC12: =IF(AND(D12="API 1104",J12<3.9)," SMAW <3,9 mm",IF(AND(D12="API 1104",AND(J12>=3.9,J12<19))," SMAW ≥ 3,9 mm",IF(AND(D12="API 1104",J12>=19),"SMAW >=19mm",IF(AND(D12="ASME IX",AE12="gtaw",J12<13),"GTAW ",IF(AND(D12="ASME IX",AE12="GTAW SMAW",J12<13),"GTAW ≤ 8 mm",IF(AND(D12="ASME IX",AE12="GmAW fcAW",J12<13),"GMAW ≤ 8 mm",IF(AND(D12="ASME IX",AE12="gtaw",J12>=13),CONCATENATE("≤ ",J12*2," mm"),IF(AND(D12="ASME IX",J12>=13,AE12="GTAW SMAW"),"GTAW ≤ 8mm",IF(AND(D12="ASME IX",J12>=13,AE12="GmAW fcAW"),"GMAW ≤ 8mm",""))))))))) -> SMAW ≥ 3,9 mm | AD12: =IF(AND(D12="API 1104",AE12="SMAW Mixte UP HILL/ Down hill",J12<3.9),CONCATENATE("≤ ",MAX(1.5*J12,3.9),"mm"),IF(AND(D12="API 1104",AE12="SMAW UP HILL MONTANT",J12<3.9),CONCATENATE("≤ ",MAX(1.5*J12,3.9),"mm"),IF(AND(D12="API 1104",AND(J12>=3.9,J12<19.05)),CONCATENATE("≤ ",MAX(1.5*J12,19.05),"mm"),IF(AND(D12="API 1104",J12>=19.05),"ALL",IF(AND(D12="ASME IX",AE12="SMAW UP HILL MONTANT",J12<17),CONCATENATE("≤ ",((J12)*2)," mm"),IF(AND(D12="ASME IX",J12>=17),CONCATENATE("Unlimited"),IF(AND(D12="ASME IX",AE12="SMAW Mixte UP HILL/ Down hill",J12<17),CONCATENATE("≤ ",((J12)*2)," mm"),IF(AND(D12="ASME IX",J12>=17),CONCATENATE(" SMAW Unlimited"),IF(AND(D12="ASME IX",AE12="GTAW",J12<=17),CONCATENATE( "≤ ",J12*2," mm"),IF(AND(D12="ASME IX",AE12="GTAW SMAW",J12<=17),CONCATENATE("SMAW ≤ ",((J12-4)*2)," mm"),IF(AND(D12="ASME IX",J12>=17,AE12="GTAW SMAW"),"SMAW Unlimited ",IF(AND(D12="ASME IX",AE12="GMAW FCAW",J12<=17),CONCATENATE("FCAW ≤ ",((J12-4)*2)," mm"),IF(AND(D12="ASME IX",J12>=17,AE12="GmAW fcAW"),"FCAW Unlimited ",""))))))))))))) -> ≤ 19,05mm | AE12: =IF(G12="","",VLOOKUP(G12,WPS!$D$1:$AH$4735,3,0)) -> SMAW Mixte UP HILL/ Down hill | AF12: =IF(AND($G12<>"",$D12="API 1104"),U12,IF(AND($G12<>"",$D12="ASME IX"),VLOOKUP($G12,WPS!$D$1:$AZ$995,42,0),"")) -> API5L_X52 | AG12: =IF(G12="","",VLOOKUP(G12,WPS!$D$1:$AH$4735,2,0)) -> A | AH12: =IF(AE12="SMAW Mixte UP HILL/ Down hill","5G",IF(AE12="SMAW UP HILL MONTANT","5G",IF(AE12="SMAW Downhill","5G",IF(AE12="GMAW FCAW","1G",IF(AE12="GTAW","6G",IF(AE12="GTAW SMAW","6G","")))))) -> 5G | AI12: =IF(AE12="SMAW Mixte UP HILL/ Down hill","Manuel",IF(AE12="SMAW UP HILL MONTANT","Manuel",IF(AE12="GMAW FCAW","semi auto",IF(AE12="GTAW","Manuel",IF(AE12="GTAW SMAW","Manuel",IF(AE12="SMAW Downhill","Manuel","")))))) -> Manuel | AJ12: PIPE | AK12: =IF(AE12="SMAW Mixte UP HILL/ Down hill","UP HILL/ Down hill Montant+Descendant",IF(AE12="SMAW UP HILL MONTANT","UP HILL Montant",IF(AE12="GMAW FCAW","Rotation",IF(AE12="GTAW","UP HILL Montant",IF(AE12="SMAW Downhill","SMAW Downhill",IF(AE12="GTAW SMAW","UP HILL Montant","")))))) -> UP HILL/ Down hill Montant+Descendant | AL12: =IF($G12="","",VLOOKUP($G12,WPS!$D$1:$AL$995,18,0)) -> N/A | AM12: =IF($G12="","",VLOOKUP($G12,WPS!$D$1:$AL$995,19,0)) -> Grp F N°1 | AN12: =IF($G12="","",VLOOKUP($G12,WPS!$D$1:$AL$995,20,0)) -> Grp F N°1 | AO12: =IF($G12="","",VLOOKUP($G12,WPS!$D$1:$AL$995,21,0)) -> A5.1 | AP12: =IF($G12="","",VLOOKUP($G12,WPS!$D$1:$AL$995,22,0)) -> A5.5 | AQ12: =IF($G12="","",VLOOKUP($G12,WPS!$D$1:$AL$995,23,0)) -> E 6010 | AR12: =IF($G12="","",VLOOKUP($G12,WPS!$D$1:$AL$995,24,0)) -> E 7010-P1 | AS12: =IF(AH12="1G","F",IF(AH12="5G","V-H-O",IF(AH12="6G","ALL",""))) -> V-H-O | AT12: =IF($G12="","",VLOOKUP($G12,WPS!$D$1:$AL$995,29,0)) -> DC | AU12: =IF($G12="","",VLOOKUP($G12,WPS!$D$1:$AL$995,30,0)) -> (+) | AV12: =IF($G12="","",VLOOKUP($G12,WPS!$D$1:$AL$995,31,0)) -> (+) | AW12: =IF(AE12="SMAW Mixte UP HILL/ Down hill","SMAW :,With/Without SMAW : With",IF(AE12="SMAW UP HILL MONTANT","SMAW :With/Without SMAW : With",IF(AE12="GMAW FCAW","GMAW :With/Without FCAW : With",IF(AE12="GTAW","GTAW :With / Without",IF(AE12="GTAW SMAW","GTAW :With/Without SMAW : With",""))))) -> SMAW :,With/Without SMAW : With | AX12: =IF($G12="","",VLOOKUP($G12,WPS!$D$1:$AL$995,15,0)) -> 50°C Min | AY12: =IF($G12="","",VLOOKUP($G12,WPS!$D$1:$AX$995,44,0)) -> ASME B31.3 édition 2021 | AZ12: =IFERROR(VLOOKUP(I12,Feuil1!$O$4:$P$34,2,0),"") -> 168.3 | BB12: =IFERROR(VLOOKUP(I12,Feuil1!$O$4:$P$32,2,0),"") -> 168.3 | BC12: =IF($G12="","",VLOOKUP($G12,WPS!$D$1:$AL$995,2,0)) -> A | BD12: =IF(M12='VT-PPL'!$Y$6,1,"") | BE12: =IF(BD12="","",COUNTIF(BD$2:$BD12,BD12)) | BF12: =IF(P12='RT-PPL'!$Q$6,1,"") | BG12: =IF(BF12="","",COUNTIF(BF$2:$BF12,BF12)) | BH12: =+IF(L12=HOMO!$K$4,1,"") | BI12: =IF(BH12="","",COUNTIF(BH$2:$BH12,BH12)) | BJ12: =IF(AND(K12="A",M12=Prog!$L$12),1,"") | BK12: =IF(BJ12="","",COUNTIF(BJ$2:$BJ12,BJ12)) | BL12: 11
A13: =F13&G13&I13 -> ATTIA MOHAMED TFT-II-PL-056 | B13: =IF($G13="","",VLOOKUP($G13,WPS!$D$1:$AN$995,35,0)) -> TFT II / TFT SUD GAZ FIELD DEVELOPMENT | C13: =IF($G13="","",VLOOKUP($G13,WPS!$D$1:$AN$995,33,0)) -> API 1104 | D13: =IF($G13="","",VLOOKUP($G13,WPS!$D$1:$AN$995,34,0)) -> API 1104 | E13: WR-035 | F13: ATTIA MOHAMED | G13: TFT-II-PL-05 | H13: API5L_X52 | I13: 6 | J13: 7.1 | K13: A | L13: 46217 | M13: VT-WQT-005 | N13: A | O13: 46217 | P13: RT-WQT-005 | Q13: 21063-G0-PPL-RFI-0091 | R13: 21063-G0-PPL-RFI-0091 | S13: WQT-009 | T13: 46217 | U13: =H13 -> API5L_X52 | V13: =IF($G13="","",VLOOKUP($G13,WPS!$D$1:$AL$995,17,0)) -> SMAW :With/Without Backing | W13: =IF($G13="","",VLOOKUP($G13,WPS!$D$1:$AL$995,25,0)) -> WF-1b | X13: =IF($G13="","",VLOOKUP($G13,WPS!$D$1:$AL$995,26,0)) -> WF-2c | Y13: =IF($G13="","",VLOOKUP($G13,WPS!$D$1:$AL$995,27,0)) -> A5.1or A5.5 | Z13: =IF($G13="","",VLOOKUP($G13,WPS!$D$1:$AL$995,28,0)) -> A5.1 or A5.5 | AA13: =IF(AND(D13="API 1104",BB13<60.3),"Unlimited ",IF(AND(D13="API 1104",AND(BB13>=60.3,BB13<=323.85)),"≥ 2,3/8'' (60,3mm)",IF(AND(D13="API 1104",BB13>323.85),"> 12,750'' (323,9mm)",IF(AND(D13="ASME IX",BB13<60.3),CONCATENATE("≥ ",I12,"'' ","(",BB13,"mm)"),IF(AND(D13="ASME IX",BB13="60,3"),"≥ 1'' (25mm)",IF(AND(D13="ASME IX",AND(BB13>25,BB13<73)),"≥ 1'' (25mm)",IF(AND(D13="ASME IX",BB13>73),"> 2,7/8'' (73mm)",""))))))) -> ≥ 2,3/8'' (60,3mm) | AB13: =IF(AND(D13="API 1104",BB13<60.3),"< 2,3/8'' 60,3mm",IF(AND(D13="API 1104",AND(BB13>=60.3,BB13<=323.85)),"≤ 12,750'' 323,9mm",IF(AND(D13="API 1104",BB13>323.85),"Unlimited",IF(AND(D13="ASME IX",BB13<25),"Unlimited",IF(AND(D13="ASME IX",AND(BB13>25,BB13<73)),"Unlimited",IF(AND(D13="ASME IX",BB13>73),"Unlimited","")))))) -> ≤ 12,750'' 323,9mm | AC13: =IF(AND(D13="API 1104",J13<3.9)," SMAW <3,9 mm",IF(AND(D13="API 1104",AND(J13>=3.9,J13<19))," SMAW ≥ 3,9 mm",IF(AND(D13="API 1104",J13>=19),"SMAW >=19mm",IF(AND(D13="ASME IX",AE13="gtaw",J13<13),"GTAW ",IF(AND(D13="ASME IX",AE13="GTAW SMAW",J13<13),"GTAW ≤ 8 mm",IF(AND(D13="ASME IX",AE13="GmAW fcAW",J13<13),"GMAW ≤ 8 mm",IF(AND(D13="ASME IX",AE13="gtaw",J13>=13),CONCATENATE("≤ ",J13*2," mm"),IF(AND(D13="ASME IX",J13>=13,AE13="GTAW SMAW"),"GTAW ≤ 8mm",IF(AND(D13="ASME IX",J13>=13,AE13="GmAW fcAW"),"GMAW ≤ 8mm",""))))))))) -> SMAW ≥ 3,9 mm | AD13: =IF(AND(D13="API 1104",AE13="SMAW Mixte UP HILL/ Down hill",J13<3.9),CONCATENATE("≤ ",MAX(1.5*J13,3.9),"mm"),IF(AND(D13="API 1104",AE13="SMAW UP HILL MONTANT",J13<3.9),CONCATENATE("≤ ",MAX(1.5*J13,3.9),"mm"),IF(AND(D13="API 1104",AND(J13>=3.9,J13<19.05)),CONCATENATE("≤ ",MAX(1.5*J13,19.05),"mm"),IF(AND(D13="API 1104",J13>=19.05),"ALL",IF(AND(D13="ASME IX",AE13="SMAW UP HILL MONTANT",J13<17),CONCATENATE("≤ ",((J13)*2)," mm"),IF(AND(D13="ASME IX",J13>=17),CONCATENATE("Unlimited"),IF(AND(D13="ASME IX",AE13="SMAW Mixte UP HILL/ Down hill",J13<17),CONCATENATE("≤ ",((J13)*2)," mm"),IF(AND(D13="ASME IX",J13>=17),CONCATENATE(" SMAW Unlimited"),IF(AND(D13="ASME IX",AE13="GTAW",J13<=17),CONCATENATE( "≤ ",J13*2," mm"),IF(AND(D13="ASME IX",AE13="GTAW SMAW",J13<=17),CONCATENATE("SMAW ≤ ",((J13-4)*2)," mm"),IF(AND(D13="ASME IX",J13>=17,AE13="GTAW SMAW"),"SMAW Unlimited ",IF(AND(D13="ASME IX",AE13="GMAW FCAW",J13<=17),CONCATENATE("FCAW ≤ ",((J13-4)*2)," mm"),IF(AND(D13="ASME IX",J13>=17,AE13="GmAW fcAW"),"FCAW Unlimited ",""))))))))))))) -> ≤ 19,05mm | AE13: =IF(G13="","",VLOOKUP(G13,WPS!$D$1:$AH$4735,3,0)) -> SMAW UP HILL MONTANT | AF13: =IF(AND($G13<>"",$D13="API 1104"),U13,IF(AND($G13<>"",$D13="ASME IX"),VLOOKUP($G13,WPS!$D$1:$AZ$995,42,0),"")) -> API5L_X52 | AG13: =IF(G13="","",VLOOKUP(G13,WPS!$D$1:$AH$4735,2,0)) -> A | AH13: =IF(AE13="SMAW Mixte UP HILL/ Down hill","5G",IF(AE13="SMAW UP HILL MONTANT","5G",IF(AE13="SMAW Downhill","5G",IF(AE13="GMAW FCAW","1G",IF(AE13="GTAW","6G",IF(AE13="GTAW SMAW","6G","")))))) -> 5G | AI13: =IF(AE13="SMAW Mixte UP HILL/ Down hill","Manuel",IF(AE13="SMAW UP HILL MONTANT","Manuel",IF(AE13="GMAW FCAW","semi auto",IF(AE13="GTAW","Manuel",IF(AE13="GTAW SMAW","Manuel",IF(AE13="SMAW Downhill","Manuel","")))))) -> Manuel | AJ13: PIPE | AK13: =IF(AE13="SMAW Mixte UP HILL/ Down hill","UP HILL/ Down hill Montant+Descendant",IF(AE13="SMAW UP HILL MONTANT","UP HILL Montant",IF(AE13="GMAW FCAW","Rotation",IF(AE13="GTAW","UP HILL Montant",IF(AE13="SMAW Downhill","SMAW Downhill",IF(AE13="GTAW SMAW","UP HILL Montant","")))))) -> UP HILL Montant | AL13: =IF($G13="","",VLOOKUP($G13,WPS!$D$1:$AL$995,18,0)) -> N/A | AM13: =IF($G13="","",VLOOKUP($G13,WPS!$D$1:$AL$995,19,0)) -> Grp F N°1 | AN13: =IF($G13="","",VLOOKUP($G13,WPS!$D$1:$AL$995,20,0)) -> Grp F N°3 | AO13: =IF($G13="","",VLOOKUP($G13,WPS!$D$1:$AL$995,21,0)) -> A5.1 | AP13: =IF($G13="","",VLOOKUP($G13,WPS!$D$1:$AL$995,22,0)) -> A5.1 | AQ13: =IF($G13="","",VLOOKUP($G13,WPS!$D$1:$AL$995,23,0)) -> E 6010 | AR13: =IF($G13="","",VLOOKUP($G13,WPS!$D$1:$AL$995,24,0)) -> E 7018 | AS13: =IF(AH13="1G","F",IF(AH13="5G","V-H-O",IF(AH13="6G","ALL",""))) -> V-H-O | AT13: =IF($G13="","",VLOOKUP($G13,WPS!$D$1:$AL$995,29,0)) -> DC | AU13: =IF($G13="","",VLOOKUP($G13,WPS!$D$1:$AL$995,30,0)) -> (+) | AV13: =IF($G13="","",VLOOKUP($G13,WPS!$D$1:$AL$995,31,0)) -> (+) | AW13: =IF(AE13="SMAW Mixte UP HILL/ Down hill","SMAW :,With/Without SMAW : With",IF(AE13="SMAW UP HILL MONTANT","SMAW :With/Without SMAW : With",IF(AE13="GMAW FCAW","GMAW :With/Without FCAW : With",IF(AE13="GTAW","GTAW :With / Without",IF(AE13="GTAW SMAW","GTAW :With/Without SMAW : With",""))))) -> SMAW :With/Without SMAW : With | AX13: =IF($G13="","",VLOOKUP($G13,WPS!$D$1:$AL$995,15,0)) -> 100°C Min | AY13: =IF($G13="","",VLOOKUP($G13,WPS!$D$1:$AX$995,44,0)) -> ASME B31.3 édition 2020 | AZ13: =IFERROR(VLOOKUP(I13,Feuil1!$O$4:$P$34,2,0),"") -> 168.3 | BB13: =IFERROR(VLOOKUP(I13,Feuil1!$O$4:$P$32,2,0),"") -> 168.3 | BC13: =IF($G13="","",VLOOKUP($G13,WPS!$D$1:$AL$995,2,0)) -> A | BD13: =IF(M13='VT-PPL'!$Y$6,1,"") | BE13: =IF(BD13="","",COUNTIF(BD$2:$BD13,BD13)) | BF13: =IF(P13='RT-PPL'!$Q$6,1,"") | BG13: =IF(BF13="","",COUNTIF(BF$2:$BF13,BF13)) | BH13: =+IF(L13=HOMO!$K$4,1,"") | BI13: =IF(BH13="","",COUNTIF(BH$2:$BH13,BH13)) | BJ13: =IF(AND(K13="A",M13=Prog!$L$12),1,"") | BK13: =IF(BJ13="","",COUNTIF(BJ$2:$BJ13,BJ13)) | BL13: 12
A14: =F14&G14&I14 -> ATTIA MOHAMED TFT-II-PL-076 | B14: =IF($G14="","",VLOOKUP($G14,WPS!$D$1:$AN$995,35,0)) -> TFT II / TFT SUD GAZ FIELD DEVELOPMENT | C14: =IF($G14="","",VLOOKUP($G14,WPS!$D$1:$AN$995,33,0)) -> API 1104 | D14: =IF($G14="","",VLOOKUP($G14,WPS!$D$1:$AN$995,34,0)) -> API 1104 | E14: WR-035 | F14: ATTIA MOHAMED | G14: TFT-II-PL-07 | H14: API5L_X53 | I14: 6 | J14: 7.1 | K14: A | L14: 46217 | M14: VT-WQT-005 | N14: A | O14: 46217 | P14: RT-WQT-005 | Q14: 21063-G0-PPL-RFI-0091 | R14: 21063-G0-PPL-RFI-0091 | S14: WQT-010 | T14: 46217 | U14: =H14 -> API5L_X53 | V14: =IF($G14="","",VLOOKUP($G14,WPS!$D$1:$AL$995,17,0)) -> SMAW :With/Without Backing | W14: =IF($G14="","",VLOOKUP($G14,WPS!$D$1:$AL$995,25,0)) -> WF-1b | X14: =IF($G14="","",VLOOKUP($G14,WPS!$D$1:$AL$995,26,0)) -> WF-1b | Y14: =IF($G14="","",VLOOKUP($G14,WPS!$D$1:$AL$995,27,0)) -> A5.1or A5.5 | Z14: =IF($G14="","",VLOOKUP($G14,WPS!$D$1:$AL$995,28,0)) -> A5.1or A5.5 | AA14: =IF(AND(D14="API 1104",BB14<60.3),"Unlimited ",IF(AND(D14="API 1104",AND(BB14>=60.3,BB14<=323.85)),"≥ 2,3/8'' (60,3mm)",IF(AND(D14="API 1104",BB14>323.85),"> 12,750'' (323,9mm)",IF(AND(D14="ASME IX",BB14<60.3),CONCATENATE("≥ ",I13,"'' ","(",BB14,"mm)"),IF(AND(D14="ASME IX",BB14="60,3"),"≥ 1'' (25mm)",IF(AND(D14="ASME IX",AND(BB14>25,BB14<73)),"≥ 1'' (25mm)",IF(AND(D14="ASME IX",BB14>73),"> 2,7/8'' (73mm)",""))))))) -> ≥ 2,3/8'' (60,3mm) | AB14: =IF(AND(D14="API 1104",BB14<60.3),"< 2,3/8'' 60,3mm",IF(AND(D14="API 1104",AND(BB14>=60.3,BB14<=323.85)),"≤ 12,750'' 323,9mm",IF(AND(D14="API 1104",BB14>323.85),"Unlimited",IF(AND(D14="ASME IX",BB14<25),"Unlimited",IF(AND(D14="ASME IX",AND(BB14>25,BB14<73)),"Unlimited",IF(AND(D14="ASME IX",BB14>73),"Unlimited","")))))) -> ≤ 12,750'' 323,9mm | AC14: =IF(AND(D14="API 1104",J14<3.9)," SMAW <3,9 mm",IF(AND(D14="API 1104",AND(J14>=3.9,J14<19))," SMAW ≥ 3,9 mm",IF(AND(D14="API 1104",J14>=19),"SMAW >=19mm",IF(AND(D14="ASME IX",AE14="gtaw",J14<13),"GTAW ",IF(AND(D14="ASME IX",AE14="GTAW SMAW",J14<13),"GTAW ≤ 8 mm",IF(AND(D14="ASME IX",AE14="GmAW fcAW",J14<13),"GMAW ≤ 8 mm",IF(AND(D14="ASME IX",AE14="gtaw",J14>=13),CONCATENATE("≤ ",J14*2," mm"),IF(AND(D14="ASME IX",J14>=13,AE14="GTAW SMAW"),"GTAW ≤ 8mm",IF(AND(D14="ASME IX",J14>=13,AE14="GmAW fcAW"),"GMAW ≤ 8mm",""))))))))) -> SMAW ≥ 3,9 mm | AD14: =IF(AND(D14="API 1104",AE14="SMAW Mixte UP HILL/ Down hill",J14<3.9),CONCATENATE("≤ ",MAX(1.5*J14,3.9),"mm"),IF(AND(D14="API 1104",AE14="SMAW UP HILL MONTANT",J14<3.9),CONCATENATE("≤ ",MAX(1.5*J14,3.9),"mm"),IF(AND(D14="API 1104",AND(J14>=3.9,J14<19.05)),CONCATENATE("≤ ",MAX(1.5*J14,19.05),"mm"),IF(AND(D14="API 1104",J14>=19.05),"ALL",IF(AND(D14="ASME IX",AE14="SMAW UP HILL MONTANT",J14<17),CONCATENATE("≤ ",((J14)*2)," mm"),IF(AND(D14="ASME IX",J14>=17),CONCATENATE("Unlimited"),IF(AND(D14="ASME IX",AE14="SMAW Mixte UP HILL/ Down hill",J14<17),CONCATENATE("≤ ",((J14)*2)," mm"),IF(AND(D14="ASME IX",J14>=17),CONCATENATE(" SMAW Unlimited"),IF(AND(D14="ASME IX",AE14="GTAW",J14<=17),CONCATENATE( "≤ ",J14*2," mm"),IF(AND(D14="ASME IX",AE14="GTAW SMAW",J14<=17),CONCATENATE("SMAW ≤ ",((J14-4)*2)," mm"),IF(AND(D14="ASME IX",J14>=17,AE14="GTAW SMAW"),"SMAW Unlimited ",IF(AND(D14="ASME IX",AE14="GMAW FCAW",J14<=17),CONCATENATE("FCAW ≤ ",((J14-4)*2)," mm"),IF(AND(D14="ASME IX",J14>=17,AE14="GmAW fcAW"),"FCAW Unlimited ",""))))))))))))) -> ≤ 19,05mm | AE14: =IF(G14="","",VLOOKUP(G14,WPS!$D$1:$AH$4735,3,0)) -> SMAW Mixte UP HILL/ Down hill | AF14: =IF(AND($G14<>"",$D14="API 1104"),U14,IF(AND($G14<>"",$D14="ASME IX"),VLOOKUP($G14,WPS!$D$1:$AZ$995,42,0),"")) -> API5L_X53 | AG14: =IF(G14="","",VLOOKUP(G14,WPS!$D$1:$AH$4735,2,0)) -> A | AH14: =IF(AE14="SMAW Mixte UP HILL/ Down hill","5G",IF(AE14="SMAW UP HILL MONTANT","5G",IF(AE14="SMAW Downhill","5G",IF(AE14="GMAW FCAW","1G",IF(AE14="GTAW","6G",IF(AE14="GTAW SMAW","6G","")))))) -> 5G | AI14: =IF(AE14="SMAW Mixte UP HILL/ Down hill","Manuel",IF(AE14="SMAW UP HILL MONTANT","Manuel",IF(AE14="GMAW FCAW","semi auto",IF(AE14="GTAW","Manuel",IF(AE14="GTAW SMAW","Manuel",IF(AE14="SMAW Downhill","Manuel","")))))) -> Manuel | AJ14: PIPE | AK14: =IF(AE14="SMAW Mixte UP HILL/ Down hill","UP HILL/ Down hill Montant+Descendant",IF(AE14="SMAW UP HILL MONTANT","UP HILL Montant",IF(AE14="GMAW FCAW","Rotation",IF(AE14="GTAW","UP HILL Montant",IF(AE14="SMAW Downhill","SMAW Downhill",IF(AE14="GTAW SMAW","UP HILL Montant","")))))) -> UP HILL/ Down hill Montant+Descendant | AL14: =IF($G14="","",VLOOKUP($G14,WPS!$D$1:$AL$995,18,0)) -> N/A | AM14: =IF($G14="","",VLOOKUP($G14,WPS!$D$1:$AL$995,19,0)) -> Grp F N°1 | AN14: =IF($G14="","",VLOOKUP($G14,WPS!$D$1:$AL$995,20,0)) -> Grp F N°1 | AO14: =IF($G14="","",VLOOKUP($G14,WPS!$D$1:$AL$995,21,0)) -> A5.1 | AP14: =IF($G14="","",VLOOKUP($G14,WPS!$D$1:$AL$995,22,0)) -> A5.5 | AQ14: =IF($G14="","",VLOOKUP($G14,WPS!$D$1:$AL$995,23,0)) -> E 6010 | AR14: =IF($G14="","",VLOOKUP($G14,WPS!$D$1:$AL$995,24,0)) -> E 7010-P1 | AS14: =IF(AH14="1G","F",IF(AH14="5G","V-H-O",IF(AH14="6G","ALL",""))) -> V-H-O | AT14: =IF($G14="","",VLOOKUP($G14,WPS!$D$1:$AL$995,29,0)) -> DC | AU14: =IF($G14="","",VLOOKUP($G14,WPS!$D$1:$AL$995,30,0)) -> (+) | AV14: =IF($G14="","",VLOOKUP($G14,WPS!$D$1:$AL$995,31,0)) -> (+) | AW14: =IF(AE14="SMAW Mixte UP HILL/ Down hill","SMAW :,With/Without SMAW : With",IF(AE14="SMAW UP HILL MONTANT","SMAW :With/Without SMAW : With",IF(AE14="GMAW FCAW","GMAW :With/Without FCAW : With",IF(AE14="GTAW","GTAW :With / Without",IF(AE14="GTAW SMAW","GTAW :With/Without SMAW : With",""))))) -> SMAW :,With/Without SMAW : With | AX14: =IF($G14="","",VLOOKUP($G14,WPS!$D$1:$AL$995,15,0)) -> 50°C Min | AY14: =IF($G14="","",VLOOKUP($G14,WPS!$D$1:$AX$995,44,0)) -> ASME B31.3 édition 2021 | AZ14: =IFERROR(VLOOKUP(I14,Feuil1!$O$4:$P$34,2,0),"") -> 168.3 | BB14: =IFERROR(VLOOKUP(I14,Feuil1!$O$4:$P$32,2,0),"") -> 168.3 | BC14: =IF($G14="","",VLOOKUP($G14,WPS!$D$1:$AL$995,2,0)) -> A | BD14: =IF(M14='VT-PPL'!$Y$6,1,"") | BE14: =IF(BD14="","",COUNTIF(BD$2:$BD14,BD14)) | BF14: =IF(P14='RT-PPL'!$Q$6,1,"") | BG14: =IF(BF14="","",COUNTIF(BF$2:$BF14,BF14)) | BH14: =+IF(L14=HOMO!$K$4,1,"") | BI14: =IF(BH14="","",COUNTIF(BH$2:$BH14,BH14)) | BJ14: =IF(AND(K14="A",M14=Prog!$L$12),1,"") | BK14: =IF(BJ14="","",COUNTIF(BJ$2:$BJ14,BJ14)) | BL14: 13
A15: =F15&G15&I15 -> HABIK ZOHIRTFT-II-PL-056 | B15: =IF($G15="","",VLOOKUP($G15,WPS!$D$1:$AN$995,35,0)) -> TFT II / TFT SUD GAZ FIELD DEVELOPMENT | C15: =IF($G15="","",VLOOKUP($G15,WPS!$D$1:$AN$995,33,0)) -> API 1104 | D15: =IF($G15="","",VLOOKUP($G15,WPS!$D$1:$AN$995,34,0)) -> API 1104 | E15: WR-032 | F15: HABIK ZOHIR | G15: TFT-II-PL-05 | H15: API5L_X52 | I15: 6 | J15: 7.1 | K15: A | L15: 46219 | M15: VT-WQT-006 | N15: A | O15: 46220 | P15: RT-WQT-006 | Q15: 21063-G0-PPL-RFI-0092 | R15: 21063-G0-PPL-RFI-0092 | S15: WQT-011 | T15: 46220 | U15: =H15 -> API5L_X52 | V15: =IF($G15="","",VLOOKUP($G15,WPS!$D$1:$AL$995,17,0)) -> SMAW :With/Without Backing | W15: =IF($G15="","",VLOOKUP($G15,WPS!$D$1:$AL$995,25,0)) -> WF-1b | X15: =IF($G15="","",VLOOKUP($G15,WPS!$D$1:$AL$995,26,0)) -> WF-2c | Y15: =IF($G15="","",VLOOKUP($G15,WPS!$D$1:$AL$995,27,0)) -> A5.1or A5.5 | Z15: =IF($G15="","",VLOOKUP($G15,WPS!$D$1:$AL$995,28,0)) -> A5.1 or A5.5 | AA15: =IF(AND(D15="API 1104",BB15<60.3),"Unlimited ",IF(AND(D15="API 1104",AND(BB15>=60.3,BB15<=323.85)),"≥ 2,3/8'' (60,3mm)",IF(AND(D15="API 1104",BB15>323.85),"> 12,750'' (323,9mm)",IF(AND(D15="ASME IX",BB15<60.3),CONCATENATE("≥ ",I14,"'' ","(",BB15,"mm)"),IF(AND(D15="ASME IX",BB15="60,3"),"≥ 1'' (25mm)",IF(AND(D15="ASME IX",AND(BB15>25,BB15<73)),"≥ 1'' (25mm)",IF(AND(D15="ASME IX",BB15>73),"> 2,7/8'' (73mm)",""))))))) -> ≥ 2,3/8'' (60,3mm) | AB15: =IF(AND(D15="API 1104",BB15<60.3),"< 2,3/8'' 60,3mm",IF(AND(D15="API 1104",AND(BB15>=60.3,BB15<=323.85)),"≤ 12,750'' 323,9mm",IF(AND(D15="API 1104",BB15>323.85),"Unlimited",IF(AND(D15="ASME IX",BB15<25),"Unlimited",IF(AND(D15="ASME IX",AND(BB15>25,BB15<73)),"Unlimited",IF(AND(D15="ASME IX",BB15>73),"Unlimited","")))))) -> ≤ 12,750'' 323,9mm | AC15: =IF(AND(D15="API 1104",J15<3.9)," SMAW <3,9 mm",IF(AND(D15="API 1104",AND(J15>=3.9,J15<19))," SMAW ≥ 3,9 mm",IF(AND(D15="API 1104",J15>=19),"SMAW >=19mm",IF(AND(D15="ASME IX",AE15="gtaw",J15<13),"GTAW ",IF(AND(D15="ASME IX",AE15="GTAW SMAW",J15<13),"GTAW ≤ 8 mm",IF(AND(D15="ASME IX",AE15="GmAW fcAW",J15<13),"GMAW ≤ 8 mm",IF(AND(D15="ASME IX",AE15="gtaw",J15>=13),CONCATENATE("≤ ",J15*2," mm"),IF(AND(D15="ASME IX",J15>=13,AE15="GTAW SMAW"),"GTAW ≤ 8mm",IF(AND(D15="ASME IX",J15>=13,AE15="GmAW fcAW"),"GMAW ≤ 8mm",""))))))))) -> SMAW ≥ 3,9 mm | AD15: =IF(AND(D15="API 1104",AE15="SMAW Mixte UP HILL/ Down hill",J15<3.9),CONCATENATE("≤ ",MAX(1.5*J15,3.9),"mm"),IF(AND(D15="API 1104",AE15="SMAW UP HILL MONTANT",J15<3.9),CONCATENATE("≤ ",MAX(1.5*J15,3.9),"mm"),IF(AND(D15="API 1104",AND(J15>=3.9,J15<19.05)),CONCATENATE("≤ ",MAX(1.5*J15,19.05),"mm"),IF(AND(D15="API 1104",J15>=19.05),"ALL",IF(AND(D15="ASME IX",AE15="SMAW UP HILL MONTANT",J15<17),CONCATENATE("≤ ",((J15)*2)," mm"),IF(AND(D15="ASME IX",J15>=17),CONCATENATE("Unlimited"),IF(AND(D15="ASME IX",AE15="SMAW Mixte UP HILL/ Down hill",J15<17),CONCATENATE("≤ ",((J15)*2)," mm"),IF(AND(D15="ASME IX",J15>=17),CONCATENATE(" SMAW Unlimited"),IF(AND(D15="ASME IX",AE15="GTAW",J15<=17),CONCATENATE( "≤ ",J15*2," mm"),IF(AND(D15="ASME IX",AE15="GTAW SMAW",J15<=17),CONCATENATE("SMAW ≤ ",((J15-4)*2)," mm"),IF(AND(D15="ASME IX",J15>=17,AE15="GTAW SMAW"),"SMAW Unlimited ",IF(AND(D15="ASME IX",AE15="GMAW FCAW",J15<=17),CONCATENATE("FCAW ≤ ",((J15-4)*2)," mm"),IF(AND(D15="ASME IX",J15>=17,AE15="GmAW fcAW"),"FCAW Unlimited ",""))))))))))))) -> ≤ 19,05mm | AE15: =IF(G15="","",VLOOKUP(G15,WPS!$D$1:$AH$4735,3,0)) -> SMAW UP HILL MONTANT | AF15: =IF(AND($G15<>"",$D15="API 1104"),U15,IF(AND($G15<>"",$D15="ASME IX"),VLOOKUP($G15,WPS!$D$1:$AZ$995,42,0),"")) -> API5L_X52 | AG15: =IF(G15="","",VLOOKUP(G15,WPS!$D$1:$AH$4735,2,0)) -> A | AH15: =IF(AE15="SMAW Mixte UP HILL/ Down hill","5G",IF(AE15="SMAW UP HILL MONTANT","5G",IF(AE15="SMAW Downhill","5G",IF(AE15="GMAW FCAW","1G",IF(AE15="GTAW","6G",IF(AE15="GTAW SMAW","6G","")))))) -> 5G | AI15: =IF(AE15="SMAW Mixte UP HILL/ Down hill","Manuel",IF(AE15="SMAW UP HILL MONTANT","Manuel",IF(AE15="GMAW FCAW","semi auto",IF(AE15="GTAW","Manuel",IF(AE15="GTAW SMAW","Manuel",IF(AE15="SMAW Downhill","Manuel","")))))) -> Manuel | AJ15: PIPE | AK15: =IF(AE15="SMAW Mixte UP HILL/ Down hill","UP HILL/ Down hill Montant+Descendant",IF(AE15="SMAW UP HILL MONTANT","UP HILL Montant",IF(AE15="GMAW FCAW","Rotation",IF(AE15="GTAW","UP HILL Montant",IF(AE15="SMAW Downhill","SMAW Downhill",IF(AE15="GTAW SMAW","UP HILL Montant","")))))) -> UP HILL Montant | AL15: =IF($G15="","",VLOOKUP($G15,WPS!$D$1:$AL$995,18,0)) -> N/A | AM15: =IF($G15="","",VLOOKUP($G15,WPS!$D$1:$AL$995,19,0)) -> Grp F N°1 | AN15: =IF($G15="","",VLOOKUP($G15,WPS!$D$1:$AL$995,20,0)) -> Grp F N°3 | AO15: =IF($G15="","",VLOOKUP($G15,WPS!$D$1:$AL$995,21,0)) -> A5.1 | AP15: =IF($G15="","",VLOOKUP($G15,WPS!$D$1:$AL$995,22,0)) -> A5.1 | AQ15: =IF($G15="","",VLOOKUP($G15,WPS!$D$1:$AL$995,23,0)) -> E 6010 | AR15: =IF($G15="","",VLOOKUP($G15,WPS!$D$1:$AL$995,24,0)) -> E 7018 | AS15: =IF(AH15="1G","F",IF(AH15="5G","V-H-O",IF(AH15="6G","ALL",""))) -> V-H-O | AT15: =IF($G15="","",VLOOKUP($G15,WPS!$D$1:$AL$995,29,0)) -> DC | AU15: =IF($G15="","",VLOOKUP($G15,WPS!$D$1:$AL$995,30,0)) -> (+) | AV15: =IF($G15="","",VLOOKUP($G15,WPS!$D$1:$AL$995,31,0)) -> (+) | AW15: =IF(AE15="SMAW Mixte UP HILL/ Down hill","SMAW :,With/Without SMAW : With",IF(AE15="SMAW UP HILL MONTANT","SMAW :With/Without SMAW : With",IF(AE15="GMAW FCAW","GMAW :With/Without FCAW : With",IF(AE15="GTAW","GTAW :With / Without",IF(AE15="GTAW SMAW","GTAW :With/Without SMAW : With",""))))) -> SMAW :With/Without SMAW : With | AX15: =IF($G15="","",VLOOKUP($G15,WPS!$D$1:$AL$995,15,0)) -> 100°C Min | AY15: =IF($G15="","",VLOOKUP($G15,WPS!$D$1:$AX$995,44,0)) -> ASME B31.3 édition 2020 | AZ15: =IFERROR(VLOOKUP(I15,Feuil1!$O$4:$P$34,2,0),"") -> 168.3 | BB15: =IFERROR(VLOOKUP(I15,Feuil1!$O$4:$P$32,2,0),"") -> 168.3 | BC15: =IF($G15="","",VLOOKUP($G15,WPS!$D$1:$AL$995,2,0)) -> A | BD15: =IF(M15='VT-PPL'!$Y$6,1,"") | BE15: =IF(BD15="","",COUNTIF(BD$2:$BD15,BD15)) | BF15: =IF(P15='RT-PPL'!$Q$6,1,"") | BG15: =IF(BF15="","",COUNTIF(BF$2:$BF15,BF15)) | BH15: =+IF(L15=HOMO!$K$4,1,"") | BI15: =IF(BH15="","",COUNTIF(BH$2:$BH15,BH15)) | BJ15: =IF(AND(K15="A",M15=Prog!$L$12),1,"") | BK15: =IF(BJ15="","",COUNTIF(BJ$2:$BJ15,BJ15)) | BL15: 14
A16: =F16&G16&I16 -> AMMERI MOHAMEDTFT-II-PL-056 | B16: =IF($G16="","",VLOOKUP($G16,WPS!$D$1:$AN$995,35,0)) -> TFT II / TFT SUD GAZ FIELD DEVELOPMENT | C16: =IF($G16="","",VLOOKUP($G16,WPS!$D$1:$AN$995,33,0)) -> API 1104 | D16: =IF($G16="","",VLOOKUP($G16,WPS!$D$1:$AN$995,34,0)) -> API 1104 | E16: WR-030 | F16: AMMERI MOHAMED | G16: TFT-II-PL-05 | H16: API5L_X52 | I16: 6 | J16: 7.1 | K16: A | L16: 46219 | M16: VT-WQT-006 | N16: A | O16: 46220 | P16: RT-WQT-006 | Q16: 21063-G0-PPL-RFI-0092 | R16: 21063-G0-PPL-RFI-0092 | S16: WQT-012 | T16: 46220 | U16: =H16 -> API5L_X52 | V16: =IF($G16="","",VLOOKUP($G16,WPS!$D$1:$AL$995,17,0)) -> SMAW :With/Without Backing | W16: =IF($G16="","",VLOOKUP($G16,WPS!$D$1:$AL$995,25,0)) -> WF-1b | X16: =IF($G16="","",VLOOKUP($G16,WPS!$D$1:$AL$995,26,0)) -> WF-2c | Y16: =IF($G16="","",VLOOKUP($G16,WPS!$D$1:$AL$995,27,0)) -> A5.1or A5.5 | Z16: =IF($G16="","",VLOOKUP($G16,WPS!$D$1:$AL$995,28,0)) -> A5.1 or A5.5 | AA16: =IF(AND(D16="API 1104",BB16<60.3),"Unlimited ",IF(AND(D16="API 1104",AND(BB16>=60.3,BB16<=323.85)),"≥ 2,3/8'' (60,3mm)",IF(AND(D16="API 1104",BB16>323.85),"> 12,750'' (323,9mm)",IF(AND(D16="ASME IX",BB16<60.3),CONCATENATE("≥ ",I15,"'' ","(",BB16,"mm)"),IF(AND(D16="ASME IX",BB16="60,3"),"≥ 1'' (25mm)",IF(AND(D16="ASME IX",AND(BB16>25,BB16<73)),"≥ 1'' (25mm)",IF(AND(D16="ASME IX",BB16>73),"> 2,7/8'' (73mm)",""))))))) -> ≥ 2,3/8'' (60,3mm) | AB16: =IF(AND(D16="API 1104",BB16<60.3),"< 2,3/8'' 60,3mm",IF(AND(D16="API 1104",AND(BB16>=60.3,BB16<=323.85)),"≤ 12,750'' 323,9mm",IF(AND(D16="API 1104",BB16>323.85),"Unlimited",IF(AND(D16="ASME IX",BB16<25),"Unlimited",IF(AND(D16="ASME IX",AND(BB16>25,BB16<73)),"Unlimited",IF(AND(D16="ASME IX",BB16>73),"Unlimited","")))))) -> ≤ 12,750'' 323,9mm | AC16: =IF(AND(D16="API 1104",J16<3.9)," SMAW <3,9 mm",IF(AND(D16="API 1104",AND(J16>=3.9,J16<19))," SMAW ≥ 3,9 mm",IF(AND(D16="API 1104",J16>=19),"SMAW >=19mm",IF(AND(D16="ASME IX",AE16="gtaw",J16<13),"GTAW ",IF(AND(D16="ASME IX",AE16="GTAW SMAW",J16<13),"GTAW ≤ 8 mm",IF(AND(D16="ASME IX",AE16="GmAW fcAW",J16<13),"GMAW ≤ 8 mm",IF(AND(D16="ASME IX",AE16="gtaw",J16>=13),CONCATENATE("≤ ",J16*2," mm"),IF(AND(D16="ASME IX",J16>=13,AE16="GTAW SMAW"),"GTAW ≤ 8mm",IF(AND(D16="ASME IX",J16>=13,AE16="GmAW fcAW"),"GMAW ≤ 8mm",""))))))))) -> SMAW ≥ 3,9 mm | AD16: =IF(AND(D16="API 1104",AE16="SMAW Mixte UP HILL/ Down hill",J16<3.9),CONCATENATE("≤ ",MAX(1.5*J16,3.9),"mm"),IF(AND(D16="API 1104",AE16="SMAW UP HILL MONTANT",J16<3.9),CONCATENATE("≤ ",MAX(1.5*J16,3.9),"mm"),IF(AND(D16="API 1104",AND(J16>=3.9,J16<19.05)),CONCATENATE("≤ ",MAX(1.5*J16,19.05),"mm"),IF(AND(D16="API 1104",J16>=19.05),"ALL",IF(AND(D16="ASME IX",AE16="SMAW UP HILL MONTANT",J16<17),CONCATENATE("≤ ",((J16)*2)," mm"),IF(AND(D16="ASME IX",J16>=17),CONCATENATE("Unlimited"),IF(AND(D16="ASME IX",AE16="SMAW Mixte UP HILL/ Down hill",J16<17),CONCATENATE("≤ ",((J16)*2)," mm"),IF(AND(D16="ASME IX",J16>=17),CONCATENATE(" SMAW Unlimited"),IF(AND(D16="ASME IX",AE16="GTAW",J16<=17),CONCATENATE( "≤ ",J16*2," mm"),IF(AND(D16="ASME IX",AE16="GTAW SMAW",J16<=17),CONCATENATE("SMAW ≤ ",((J16-4)*2)," mm"),IF(AND(D16="ASME IX",J16>=17,AE16="GTAW SMAW"),"SMAW Unlimited ",IF(AND(D16="ASME IX",AE16="GMAW FCAW",J16<=17),CONCATENATE("FCAW ≤ ",((J16-4)*2)," mm"),IF(AND(D16="ASME IX",J16>=17,AE16="GmAW fcAW"),"FCAW Unlimited ",""))))))))))))) -> ≤ 19,05mm | AE16: =IF(G16="","",VLOOKUP(G16,WPS!$D$1:$AH$4735,3,0)) -> SMAW UP HILL MONTANT | AF16: =IF(AND($G16<>"",$D16="API 1104"),U16,IF(AND($G16<>"",$D16="ASME IX"),VLOOKUP($G16,WPS!$D$1:$AZ$995,42,0),"")) -> API5L_X52 | AG16: =IF(G16="","",VLOOKUP(G16,WPS!$D$1:$AH$4735,2,0)) -> A | AH16: =IF(AE16="SMAW Mixte UP HILL/ Down hill","5G",IF(AE16="SMAW UP HILL MONTANT","5G",IF(AE16="SMAW Downhill","5G",IF(AE16="GMAW FCAW","1G",IF(AE16="GTAW","6G",IF(AE16="GTAW SMAW","6G","")))))) -> 5G | AI16: =IF(AE16="SMAW Mixte UP HILL/ Down hill","Manuel",IF(AE16="SMAW UP HILL MONTANT","Manuel",IF(AE16="GMAW FCAW","semi auto",IF(AE16="GTAW","Manuel",IF(AE16="GTAW SMAW","Manuel",IF(AE16="SMAW Downhill","Manuel","")))))) -> Manuel | AJ16: PIPE | AK16: =IF(AE16="SMAW Mixte UP HILL/ Down hill","UP HILL/ Down hill Montant+Descendant",IF(AE16="SMAW UP HILL MONTANT","UP HILL Montant",IF(AE16="GMAW FCAW","Rotation",IF(AE16="GTAW","UP HILL Montant",IF(AE16="SMAW Downhill","SMAW Downhill",IF(AE16="GTAW SMAW","UP HILL Montant","")))))) -> UP HILL Montant | AL16: =IF($G16="","",VLOOKUP($G16,WPS!$D$1:$AL$995,18,0)) -> N/A | AM16: =IF($G16="","",VLOOKUP($G16,WPS!$D$1:$AL$995,19,0)) -> Grp F N°1 | AN16: =IF($G16="","",VLOOKUP($G16,WPS!$D$1:$AL$995,20,0)) -> Grp F N°3 | AO16: =IF($G16="","",VLOOKUP($G16,WPS!$D$1:$AL$995,21,0)) -> A5.1 | AP16: =IF($G16="","",VLOOKUP($G16,WPS!$D$1:$AL$995,22,0)) -> A5.1 | AQ16: =IF($G16="","",VLOOKUP($G16,WPS!$D$1:$AL$995,23,0)) -> E 6010 | AR16: =IF($G16="","",VLOOKUP($G16,WPS!$D$1:$AL$995,24,0)) -> E 7018 | AS16: =IF(AH16="1G","F",IF(AH16="5G","V-H-O",IF(AH16="6G","ALL",""))) -> V-H-O | AT16: =IF($G16="","",VLOOKUP($G16,WPS!$D$1:$AL$995,29,0)) -> DC | AU16: =IF($G16="","",VLOOKUP($G16,WPS!$D$1:$AL$995,30,0)) -> (+) | AV16: =IF($G16="","",VLOOKUP($G16,WPS!$D$1:$AL$995,31,0)) -> (+) | AW16: =IF(AE16="SMAW Mixte UP HILL/ Down hill","SMAW :,With/Without SMAW : With",IF(AE16="SMAW UP HILL MONTANT","SMAW :With/Without SMAW : With",IF(AE16="GMAW FCAW","GMAW :With/Without FCAW : With",IF(AE16="GTAW","GTAW :With / Without",IF(AE16="GTAW SMAW","GTAW :With/Without SMAW : With",""))))) -> SMAW :With/Without SMAW : With | AX16: =IF($G16="","",VLOOKUP($G16,WPS!$D$1:$AL$995,15,0)) -> 100°C Min | AY16: =IF($G16="","",VLOOKUP($G16,WPS!$D$1:$AX$995,44,0)) -> ASME B31.3 édition 2020 | AZ16: =IFERROR(VLOOKUP(I16,Feuil1!$O$4:$P$34,2,0),"") -> 168.3 | BB16: =IFERROR(VLOOKUP(I16,Feuil1!$O$4:$P$32,2,0),"") -> 168.3 | BC16: =IF($G16="","",VLOOKUP($G16,WPS!$D$1:$AL$995,2,0)) -> A | BD16: =IF(M16='VT-PPL'!$Y$6,1,"") | BE16: =IF(BD16="","",COUNTIF(BD$2:$BD16,BD16)) | BF16: =IF(P16='RT-PPL'!$Q$6,1,"") | BG16: =IF(BF16="","",COUNTIF(BF$2:$BF16,BF16)) | BH16: =+IF(L16=HOMO!$K$4,1,"") | BI16: =IF(BH16="","",COUNTIF(BH$2:$BH16,BH16)) | BJ16: =IF(AND(K16="A",M16=Prog!$L$12),1,"") | BK16: =IF(BJ16="","",COUNTIF(BJ$2:$BJ16,BJ16)) | BL16: 15
A17: =F17&G17&I17 -> HABIK ZOHIRTFT-II-REP-PL026 | B17: =IF($G17="","",VLOOKUP($G17,WPS!$D$1:$AN$995,35,0)) -> TFT II / TFT SUD GAZ FIELD DEVELOPMENT | C17: =IF($G17="","",VLOOKUP($G17,WPS!$D$1:$AN$995,33,0)) -> API 1104 | D17: =IF($G17="","",VLOOKUP($G17,WPS!$D$1:$AN$995,34,0)) -> API 1104 | E17: WR-032 | F17: HABIK ZOHIR | G17: TFT-II-REP-PL02 | H17: API5L_X52 | I17: 6 | J17: 7.1 | K17: A | L17: 46220 | M17: VT-WQT-007 | N17: A | O17: 46221 | P17: RT-WQT-007 | Q17: 21063-G0-PPL-RFI-0092 | R17: 21063-G0-PPL-RFI-0092 | S17: WQT-013 | T17: 46221 | U17: =H17 -> API5L_X52 | V17: =IF($G17="","",VLOOKUP($G17,WPS!$D$1:$AL$995,17,0)) -> SMAW :With/Without Backing | W17: =IF($G17="","",VLOOKUP($G17,WPS!$D$1:$AL$995,25,0)) -> WF-1b | X17: =IF($G17="","",VLOOKUP($G17,WPS!$D$1:$AL$995,26,0)) -> WF-2c | Y17: =IF($G17="","",VLOOKUP($G17,WPS!$D$1:$AL$995,27,0)) -> A5.1or A5.5 | Z17: =IF($G17="","",VLOOKUP($G17,WPS!$D$1:$AL$995,28,0)) -> A5.1 or A5.5 | AA17: =IF(AND(D17="API 1104",BB17<60.3),"Unlimited ",IF(AND(D17="API 1104",AND(BB17>=60.3,BB17<=323.85)),"≥ 2,3/8'' (60,3mm)",IF(AND(D17="API 1104",BB17>323.85),"> 12,750'' (323,9mm)",IF(AND(D17="ASME IX",BB17<60.3),CONCATENATE("≥ ",I16,"'' ","(",BB17,"mm)"),IF(AND(D17="ASME IX",BB17="60,3"),"≥ 1'' (25mm)",IF(AND(D17="ASME IX",AND(BB17>25,BB17<73)),"≥ 1'' (25mm)",IF(AND(D17="ASME IX",BB17>73),"> 2,7/8'' (73mm)",""))))))) -> ≥ 2,3/8'' (60,3mm) | AB17: =IF(AND(D17="API 1104",BB17<60.3),"< 2,3/8'' 60,3mm",IF(AND(D17="API 1104",AND(BB17>=60.3,BB17<=323.85)),"≤ 12,750'' 323,9mm",IF(AND(D17="API 1104",BB17>323.85),"Unlimited",IF(AND(D17="ASME IX",BB17<25),"Unlimited",IF(AND(D17="ASME IX",AND(BB17>25,BB17<73)),"Unlimited",IF(AND(D17="ASME IX",BB17>73),"Unlimited","")))))) -> ≤ 12,750'' 323,9mm | AC17: =IF(AND(D17="API 1104",J17<3.9)," SMAW <3,9 mm",IF(AND(D17="API 1104",AND(J17>=3.9,J17<19))," SMAW ≥ 3,9 mm",IF(AND(D17="API 1104",J17>=19),"SMAW >=19mm",IF(AND(D17="ASME IX",AE17="gtaw",J17<13),"GTAW ",IF(AND(D17="ASME IX",AE17="GTAW SMAW",J17<13),"GTAW ≤ 8 mm",IF(AND(D17="ASME IX",AE17="GmAW fcAW",J17<13),"GMAW ≤ 8 mm",IF(AND(D17="ASME IX",AE17="gtaw",J17>=13),CONCATENATE("≤ ",J17*2," mm"),IF(AND(D17="ASME IX",J17>=13,AE17="GTAW SMAW"),"GTAW ≤ 8mm",IF(AND(D17="ASME IX",J17>=13,AE17="GmAW fcAW"),"GMAW ≤ 8mm",""))))))))) -> SMAW ≥ 3,9 mm | AD17: =IF(AND(D17="API 1104",AE17="SMAW Mixte UP HILL/ Down hill",J17<3.9),CONCATENATE("≤ ",MAX(1.5*J17,3.9),"mm"),IF(AND(D17="API 1104",AE17="SMAW UP HILL MONTANT",J17<3.9),CONCATENATE("≤ ",MAX(1.5*J17,3.9),"mm"),IF(AND(D17="API 1104",AND(J17>=3.9,J17<19.05)),CONCATENATE("≤ ",MAX(1.5*J17,19.05),"mm"),IF(AND(D17="API 1104",J17>=19.05),"ALL",IF(AND(D17="ASME IX",AE17="SMAW UP HILL MONTANT",J17<17),CONCATENATE("≤ ",((J17)*2)," mm"),IF(AND(D17="ASME IX",J17>=17),CONCATENATE("Unlimited"),IF(AND(D17="ASME IX",AE17="SMAW Mixte UP HILL/ Down hill",J17<17),CONCATENATE("≤ ",((J17)*2)," mm"),IF(AND(D17="ASME IX",J17>=17),CONCATENATE(" SMAW Unlimited"),IF(AND(D17="ASME IX",AE17="GTAW",J17<=17),CONCATENATE( "≤ ",J17*2," mm"),IF(AND(D17="ASME IX",AE17="GTAW SMAW",J17<=17),CONCATENATE("SMAW ≤ ",((J17-4)*2)," mm"),IF(AND(D17="ASME IX",J17>=17,AE17="GTAW SMAW"),"SMAW Unlimited ",IF(AND(D17="ASME IX",AE17="GMAW FCAW",J17<=17),CONCATENATE("FCAW ≤ ",((J17-4)*2)," mm"),IF(AND(D17="ASME IX",J17>=17,AE17="GmAW fcAW"),"FCAW Unlimited ",""))))))))))))) -> ≤ 19,05mm | AE17: =IF(G17="","",VLOOKUP(G17,WPS!$D$1:$AH$4735,3,0)) -> SMAW UP HILL MONTANT | AF17: =IF(AND($G17<>"",$D17="API 1104"),U17,IF(AND($G17<>"",$D17="ASME IX"),VLOOKUP($G17,WPS!$D$1:$AZ$995,42,0),"")) -> API5L_X52 | AG17: =IF(G17="","",VLOOKUP(G17,WPS!$D$1:$AH$4735,2,0)) -> A | AH17: =IF(AE17="SMAW Mixte UP HILL/ Down hill","5G",IF(AE17="SMAW UP HILL MONTANT","5G",IF(AE17="SMAW Downhill","5G",IF(AE17="GMAW FCAW","1G",IF(AE17="GTAW","6G",IF(AE17="GTAW SMAW","6G","")))))) -> 5G | AI17: =IF(AE17="SMAW Mixte UP HILL/ Down hill","Manuel",IF(AE17="SMAW UP HILL MONTANT","Manuel",IF(AE17="GMAW FCAW","semi auto",IF(AE17="GTAW","Manuel",IF(AE17="GTAW SMAW","Manuel",IF(AE17="SMAW Downhill","Manuel","")))))) -> Manuel | AJ17: PIPE | AK17: =IF(AE17="SMAW Mixte UP HILL/ Down hill","UP HILL/ Down hill Montant+Descendant",IF(AE17="SMAW UP HILL MONTANT","UP HILL Montant",IF(AE17="GMAW FCAW","Rotation",IF(AE17="GTAW","UP HILL Montant",IF(AE17="SMAW Downhill","SMAW Downhill",IF(AE17="GTAW SMAW","UP HILL Montant","")))))) -> UP HILL Montant | AL17: =IF($G17="","",VLOOKUP($G17,WPS!$D$1:$AL$995,18,0)) -> N/A | AM17: =IF($G17="","",VLOOKUP($G17,WPS!$D$1:$AL$995,19,0)) -> Grp F N°1 | AN17: =IF($G17="","",VLOOKUP($G17,WPS!$D$1:$AL$995,20,0)) -> Grp F N°3 | AO17: =IF($G17="","",VLOOKUP($G17,WPS!$D$1:$AL$995,21,0)) -> A5.1 | AP17: =IF($G17="","",VLOOKUP($G17,WPS!$D$1:$AL$995,22,0)) -> A5.1 | AQ17: =IF($G17="","",VLOOKUP($G17,WPS!$D$1:$AL$995,23,0)) -> E 6010 | AR17: =IF($G17="","",VLOOKUP($G17,WPS!$D$1:$AL$995,24,0)) -> E 7018 | AS17: =IF(AH17="1G","F",IF(AH17="5G","V-H-O",IF(AH17="6G","ALL",""))) -> V-H-O | AT17: =IF($G17="","",VLOOKUP($G17,WPS!$D$1:$AL$995,29,0)) -> DC | AU17: =IF($G17="","",VLOOKUP($G17,WPS!$D$1:$AL$995,30,0)) -> (+) | AV17: =IF($G17="","",VLOOKUP($G17,WPS!$D$1:$AL$995,31,0)) -> (+) | AW17: =IF(AE17="SMAW Mixte UP HILL/ Down hill","SMAW :,With/Without SMAW : With",IF(AE17="SMAW UP HILL MONTANT","SMAW :With/Without SMAW : With",IF(AE17="GMAW FCAW","GMAW :With/Without FCAW : With",IF(AE17="GTAW","GTAW :With / Without",IF(AE17="GTAW SMAW","GTAW :With/Without SMAW : With",""))))) -> SMAW :With/Without SMAW : With | AX17: =IF($G17="","",VLOOKUP($G17,WPS!$D$1:$AL$995,15,0)) -> 100°C Min | AY17: =IF($G17="","",VLOOKUP($G17,WPS!$D$1:$AX$995,44,0)) -> ASME B31.3 édition 2022 | AZ17: =IFERROR(VLOOKUP(I17,Feuil1!$O$4:$P$34,2,0),"") -> 168.3 | BB17: =IFERROR(VLOOKUP(I17,Feuil1!$O$4:$P$32,2,0),"") -> 168.3 | BC17: =IF($G17="","",VLOOKUP($G17,WPS!$D$1:$AL$995,2,0)) -> A | BD17: =IF(M17='VT-PPL'!$Y$6,1,"") | BE17: =IF(BD17="","",COUNTIF(BD$2:$BD17,BD17)) | BF17: =IF(P17='RT-PPL'!$Q$6,1,"") | BG17: =IF(BF17="","",COUNTIF(BF$2:$BF17,BF17)) | BH17: =+IF(L17=HOMO!$K$4,1,"") | BI17: =IF(BH17="","",COUNTIF(BH$2:$BH17,BH17)) | BJ17: =IF(AND(K17="A",M17=Prog!$L$12),1,"") | BK17: =IF(BJ17="","",COUNTIF(BJ$2:$BJ17,BJ17)) | BL17: 16
A18: =F18&G18&I18 -> AMMERI MOHAMEDTFT-II-REP-PL026 | B18: =IF($G18="","",VLOOKUP($G18,WPS!$D$1:$AN$995,35,0)) -> TFT II / TFT SUD GAZ FIELD DEVELOPMENT | C18: =IF($G18="","",VLOOKUP($G18,WPS!$D$1:$AN$995,33,0)) -> API 1104 | D18: =IF($G18="","",VLOOKUP($G18,WPS!$D$1:$AN$995,34,0)) -> API 1104 | E18: WR-030 | F18: AMMERI MOHAMED | G18: TFT-II-REP-PL02 | H18: API5L_X52 | I18: 6 | J18: 7.1 | K18: A | L18: 46220 | M18: VT-WQT-007 | N18: A | O18: 46221 | P18: RT-WQT-007 | Q18: 21063-G0-PPL-RFI-0092 | R18: 21063-G0-PPL-RFI-0092 | S18: WQT-014 | T18: 46221 | U18: =H18 -> API5L_X52 | V18: =IF($G18="","",VLOOKUP($G18,WPS!$D$1:$AL$995,17,0)) -> SMAW :With/Without Backing | W18: =IF($G18="","",VLOOKUP($G18,WPS!$D$1:$AL$995,25,0)) -> WF-1b | X18: =IF($G18="","",VLOOKUP($G18,WPS!$D$1:$AL$995,26,0)) -> WF-2c | Y18: =IF($G18="","",VLOOKUP($G18,WPS!$D$1:$AL$995,27,0)) -> A5.1or A5.5 | Z18: =IF($G18="","",VLOOKUP($G18,WPS!$D$1:$AL$995,28,0)) -> A5.1 or A5.5 | AA18: =IF(AND(D18="API 1104",BB18<60.3),"Unlimited ",IF(AND(D18="API 1104",AND(BB18>=60.3,BB18<=323.85)),"≥ 2,3/8'' (60,3mm)",IF(AND(D18="API 1104",BB18>323.85),"> 12,750'' (323,9mm)",IF(AND(D18="ASME IX",BB18<60.3),CONCATENATE("≥ ",I17,"'' ","(",BB18,"mm)"),IF(AND(D18="ASME IX",BB18="60,3"),"≥ 1'' (25mm)",IF(AND(D18="ASME IX",AND(BB18>25,BB18<73)),"≥ 1'' (25mm)",IF(AND(D18="ASME IX",BB18>73),"> 2,7/8'' (73mm)",""))))))) -> ≥ 2,3/8'' (60,3mm) | AB18: =IF(AND(D18="API 1104",BB18<60.3),"< 2,3/8'' 60,3mm",IF(AND(D18="API 1104",AND(BB18>=60.3,BB18<=323.85)),"≤ 12,750'' 323,9mm",IF(AND(D18="API 1104",BB18>323.85),"Unlimited",IF(AND(D18="ASME IX",BB18<25),"Unlimited",IF(AND(D18="ASME IX",AND(BB18>25,BB18<73)),"Unlimited",IF(AND(D18="ASME IX",BB18>73),"Unlimited","")))))) -> ≤ 12,750'' 323,9mm | AC18: =IF(AND(D18="API 1104",J18<3.9)," SMAW <3,9 mm",IF(AND(D18="API 1104",AND(J18>=3.9,J18<19))," SMAW ≥ 3,9 mm",IF(AND(D18="API 1104",J18>=19),"SMAW >=19mm",IF(AND(D18="ASME IX",AE18="gtaw",J18<13),"GTAW ",IF(AND(D18="ASME IX",AE18="GTAW SMAW",J18<13),"GTAW ≤ 8 mm",IF(AND(D18="ASME IX",AE18="GmAW fcAW",J18<13),"GMAW ≤ 8 mm",IF(AND(D18="ASME IX",AE18="gtaw",J18>=13),CONCATENATE("≤ ",J18*2," mm"),IF(AND(D18="ASME IX",J18>=13,AE18="GTAW SMAW"),"GTAW ≤ 8mm",IF(AND(D18="ASME IX",J18>=13,AE18="GmAW fcAW"),"GMAW ≤ 8mm",""))))))))) -> SMAW ≥ 3,9 mm | AD18: =IF(AND(D18="API 1104",AE18="SMAW Mixte UP HILL/ Down hill",J18<3.9),CONCATENATE("≤ ",MAX(1.5*J18,3.9),"mm"),IF(AND(D18="API 1104",AE18="SMAW UP HILL MONTANT",J18<3.9),CONCATENATE("≤ ",MAX(1.5*J18,3.9),"mm"),IF(AND(D18="API 1104",AND(J18>=3.9,J18<19.05)),CONCATENATE("≤ ",MAX(1.5*J18,19.05),"mm"),IF(AND(D18="API 1104",J18>=19.05),"ALL",IF(AND(D18="ASME IX",AE18="SMAW UP HILL MONTANT",J18<17),CONCATENATE("≤ ",((J18)*2)," mm"),IF(AND(D18="ASME IX",J18>=17),CONCATENATE("Unlimited"),IF(AND(D18="ASME IX",AE18="SMAW Mixte UP HILL/ Down hill",J18<17),CONCATENATE("≤ ",((J18)*2)," mm"),IF(AND(D18="ASME IX",J18>=17),CONCATENATE(" SMAW Unlimited"),IF(AND(D18="ASME IX",AE18="GTAW",J18<=17),CONCATENATE( "≤ ",J18*2," mm"),IF(AND(D18="ASME IX",AE18="GTAW SMAW",J18<=17),CONCATENATE("SMAW ≤ ",((J18-4)*2)," mm"),IF(AND(D18="ASME IX",J18>=17,AE18="GTAW SMAW"),"SMAW Unlimited ",IF(AND(D18="ASME IX",AE18="GMAW FCAW",J18<=17),CONCATENATE("FCAW ≤ ",((J18-4)*2)," mm"),IF(AND(D18="ASME IX",J18>=17,AE18="GmAW fcAW"),"FCAW Unlimited ",""))))))))))))) -> ≤ 19,05mm | AE18: =IF(G18="","",VLOOKUP(G18,WPS!$D$1:$AH$4735,3,0)) -> SMAW UP HILL MONTANT | AF18: =IF(AND($G18<>"",$D18="API 1104"),U18,IF(AND($G18<>"",$D18="ASME IX"),VLOOKUP($G18,WPS!$D$1:$AZ$995,42,0),"")) -> API5L_X52 | AG18: =IF(G18="","",VLOOKUP(G18,WPS!$D$1:$AH$4735,2,0)) -> A | AH18: =IF(AE18="SMAW Mixte UP HILL/ Down hill","5G",IF(AE18="SMAW UP HILL MONTANT","5G",IF(AE18="SMAW Downhill","5G",IF(AE18="GMAW FCAW","1G",IF(AE18="GTAW","6G",IF(AE18="GTAW SMAW","6G","")))))) -> 5G | AI18: =IF(AE18="SMAW Mixte UP HILL/ Down hill","Manuel",IF(AE18="SMAW UP HILL MONTANT","Manuel",IF(AE18="GMAW FCAW","semi auto",IF(AE18="GTAW","Manuel",IF(AE18="GTAW SMAW","Manuel",IF(AE18="SMAW Downhill","Manuel","")))))) -> Manuel | AJ18: PIPE | AK18: =IF(AE18="SMAW Mixte UP HILL/ Down hill","UP HILL/ Down hill Montant+Descendant",IF(AE18="SMAW UP HILL MONTANT","UP HILL Montant",IF(AE18="GMAW FCAW","Rotation",IF(AE18="GTAW","UP HILL Montant",IF(AE18="SMAW Downhill","SMAW Downhill",IF(AE18="GTAW SMAW","UP HILL Montant","")))))) -> UP HILL Montant | AL18: =IF($G18="","",VLOOKUP($G18,WPS!$D$1:$AL$995,18,0)) -> N/A | AM18: =IF($G18="","",VLOOKUP($G18,WPS!$D$1:$AL$995,19,0)) -> Grp F N°1 | AN18: =IF($G18="","",VLOOKUP($G18,WPS!$D$1:$AL$995,20,0)) -> Grp F N°3 | AO18: =IF($G18="","",VLOOKUP($G18,WPS!$D$1:$AL$995,21,0)) -> A5.1 | AP18: =IF($G18="","",VLOOKUP($G18,WPS!$D$1:$AL$995,22,0)) -> A5.1 | AQ18: =IF($G18="","",VLOOKUP($G18,WPS!$D$1:$AL$995,23,0)) -> E 6010 | AR18: =IF($G18="","",VLOOKUP($G18,WPS!$D$1:$AL$995,24,0)) -> E 7018 | AS18: =IF(AH18="1G","F",IF(AH18="5G","V-H-O",IF(AH18="6G","ALL",""))) -> V-H-O | AT18: =IF($G18="","",VLOOKUP($G18,WPS!$D$1:$AL$995,29,0)) -> DC | AU18: =IF($G18="","",VLOOKUP($G18,WPS!$D$1:$AL$995,30,0)) -> (+) | AV18: =IF($G18="","",VLOOKUP($G18,WPS!$D$1:$AL$995,31,0)) -> (+) | AW18: =IF(AE18="SMAW Mixte UP HILL/ Down hill","SMAW :,With/Without SMAW : With",IF(AE18="SMAW UP HILL MONTANT","SMAW :With/Without SMAW : With",IF(AE18="GMAW FCAW","GMAW :With/Without FCAW : With",IF(AE18="GTAW","GTAW :With / Without",IF(AE18="GTAW SMAW","GTAW :With/Without SMAW : With",""))))) -> SMAW :With/Without SMAW : With | AX18: =IF($G18="","",VLOOKUP($G18,WPS!$D$1:$AL$995,15,0)) -> 100°C Min | AY18: =IF($G18="","",VLOOKUP($G18,WPS!$D$1:$AX$995,44,0)) -> ASME B31.3 édition 2022 | AZ18: =IFERROR(VLOOKUP(I18,Feuil1!$O$4:$P$34,2,0),"") -> 168.3 | BB18: =IFERROR(VLOOKUP(I18,Feuil1!$O$4:$P$32,2,0),"") -> 168.3 | BC18: =IF($G18="","",VLOOKUP($G18,WPS!$D$1:$AL$995,2,0)) -> A | BD18: =IF(M18='VT-PPL'!$Y$6,1,"") | BE18: =IF(BD18="","",COUNTIF(BD$2:$BD18,BD18)) | BF18: =IF(P18='RT-PPL'!$Q$6,1,"") | BG18: =IF(BF18="","",COUNTIF(BF$2:$BF18,BF18)) | BH18: =+IF(L18=HOMO!$K$4,1,"") | BI18: =IF(BH18="","",COUNTIF(BH$2:$BH18,BH18)) | BJ18: =IF(AND(K18="A",M18=Prog!$L$12),1,"") | BK18: =IF(BJ18="","",COUNTIF(BJ$2:$BJ18,BJ18)) | BL18: 17
A19: =F19&G19&I19 -> BOUDECHICHA ZINEDINETFT-II-PL-076 | B19: =IF($G19="","",VLOOKUP($G19,WPS!$D$1:$AN$995,35,0)) -> TFT II / TFT SUD GAZ FIELD DEVELOPMENT | C19: =IF($G19="","",VLOOKUP($G19,WPS!$D$1:$AN$995,33,0)) -> API 1104 | D19: =IF($G19="","",VLOOKUP($G19,WPS!$D$1:$AN$995,34,0)) -> API 1104 | E19: WR-034 | F19: BOUDECHICHA ZINEDINE | G19: TFT-II-PL-07 | H19: API5L_X52 | I19: 6 | J19: 7.1 | K19: A | L19: 46224 | M19: VT-WQT-008 | N19: A | O19: 46225 | P19: RT-WQT-008 | Q19: 21063-G0-PPL-RFI-0099 | R19: 21063-G0-PPL-RFI-0099 | S19: WQT-015 | T19: 46224 | U19: =H19 -> API5L_X52 | V19: =IF($G19="","",VLOOKUP($G19,WPS!$D$1:$AL$995,17,0)) -> SMAW :With/Without Backing | W19: =IF($G19="","",VLOOKUP($G19,WPS!$D$1:$AL$995,25,0)) -> WF-1b | X19: =IF($G19="","",VLOOKUP($G19,WPS!$D$1:$AL$995,26,0)) -> WF-1b | Y19: =IF($G19="","",VLOOKUP($G19,WPS!$D$1:$AL$995,27,0)) -> A5.1or A5.5 | Z19: =IF($G19="","",VLOOKUP($G19,WPS!$D$1:$AL$995,28,0)) -> A5.1or A5.5 | AA19: =IF(AND(D19="API 1104",BB19<60.3),"Unlimited ",IF(AND(D19="API 1104",AND(BB19>=60.3,BB19<=323.85)),"≥ 2,3/8'' (60,3mm)",IF(AND(D19="API 1104",BB19>323.85),"> 12,750'' (323,9mm)",IF(AND(D19="ASME IX",BB19<60.3),CONCATENATE("≥ ",I18,"'' ","(",BB19,"mm)"),IF(AND(D19="ASME IX",BB19="60,3"),"≥ 1'' (25mm)",IF(AND(D19="ASME IX",AND(BB19>25,BB19<73)),"≥ 1'' (25mm)",IF(AND(D19="ASME IX",BB19>73),"> 2,7/8'' (73mm)",""))))))) -> ≥ 2,3/8'' (60,3mm) | AB19: =IF(AND(D19="API 1104",BB19<60.3),"< 2,3/8'' 60,3mm",IF(AND(D19="API 1104",AND(BB19>=60.3,BB19<=323.85)),"≤ 12,750'' 323,9mm",IF(AND(D19="API 1104",BB19>323.85),"Unlimited",IF(AND(D19="ASME IX",BB19<25),"Unlimited",IF(AND(D19="ASME IX",AND(BB19>25,BB19<73)),"Unlimited",IF(AND(D19="ASME IX",BB19>73),"Unlimited","")))))) -> ≤ 12,750'' 323,9mm | AC19: =IF(AND(D19="API 1104",J19<3.9)," SMAW <3,9 mm",IF(AND(D19="API 1104",AND(J19>=3.9,J19<19))," SMAW ≥ 3,9 mm",IF(AND(D19="API 1104",J19>=19),"SMAW >=19mm",IF(AND(D19="ASME IX",AE19="gtaw",J19<13),"GTAW ",IF(AND(D19="ASME IX",AE19="GTAW SMAW",J19<13),"GTAW ≤ 8 mm",IF(AND(D19="ASME IX",AE19="GmAW fcAW",J19<13),"GMAW ≤ 8 mm",IF(AND(D19="ASME IX",AE19="gtaw",J19>=13),CONCATENATE("≤ ",J19*2," mm"),IF(AND(D19="ASME IX",J19>=13,AE19="GTAW SMAW"),"GTAW ≤ 8mm",IF(AND(D19="ASME IX",J19>=13,AE19="GmAW fcAW"),"GMAW ≤ 8mm",""))))))))) -> SMAW ≥ 3,9 mm | AD19: =IF(AND(D19="API 1104",AE19="SMAW Mixte UP HILL/ Down hill",J19<3.9),CONCATENATE("≤ ",MAX(1.5*J19,3.9),"mm"),IF(AND(D19="API 1104",AE19="SMAW UP HILL MONTANT",J19<3.9),CONCATENATE("≤ ",MAX(1.5*J19,3.9),"mm"),IF(AND(D19="API 1104",AND(J19>=3.9,J19<19.05)),CONCATENATE("≤ ",MAX(1.5*J19,19.05),"mm"),IF(AND(D19="API 1104",J19>=19.05),"ALL",IF(AND(D19="ASME IX",AE19="SMAW UP HILL MONTANT",J19<17),CONCATENATE("≤ ",((J19)*2)," mm"),IF(AND(D19="ASME IX",J19>=17),CONCATENATE("Unlimited"),IF(AND(D19="ASME IX",AE19="SMAW Mixte UP HILL/ Down hill",J19<17),CONCATENATE("≤ ",((J19)*2)," mm"),IF(AND(D19="ASME IX",J19>=17),CONCATENATE(" SMAW Unlimited"),IF(AND(D19="ASME IX",AE19="GTAW",J19<=17),CONCATENATE( "≤ ",J19*2," mm"),IF(AND(D19="ASME IX",AE19="GTAW SMAW",J19<=17),CONCATENATE("SMAW ≤ ",((J19-4)*2)," mm"),IF(AND(D19="ASME IX",J19>=17,AE19="GTAW SMAW"),"SMAW Unlimited ",IF(AND(D19="ASME IX",AE19="GMAW FCAW",J19<=17),CONCATENATE("FCAW ≤ ",((J19-4)*2)," mm"),IF(AND(D19="ASME IX",J19>=17,AE19="GmAW fcAW"),"FCAW Unlimited ",""))))))))))))) -> ≤ 19,05mm | AE19: =IF(G19="","",VLOOKUP(G19,WPS!$D$1:$AH$4735,3,0)) -> SMAW Mixte UP HILL/ Down hill | AF19: =IF(AND($G19<>"",$D19="API 1104"),U19,IF(AND($G19<>"",$D19="ASME IX"),VLOOKUP($G19,WPS!$D$1:$AZ$995,42,0),"")) -> API5L_X52 | AG19: =IF(G19="","",VLOOKUP(G19,WPS!$D$1:$AH$4735,2,0)) -> A | AH19: =IF(AE19="SMAW Mixte UP HILL/ Down hill","5G",IF(AE19="SMAW UP HILL MONTANT","5G",IF(AE19="SMAW Downhill","5G",IF(AE19="GMAW FCAW","1G",IF(AE19="GTAW","6G",IF(AE19="GTAW SMAW","6G","")))))) -> 5G | AI19: =IF(AE19="SMAW Mixte UP HILL/ Down hill","Manuel",IF(AE19="SMAW UP HILL MONTANT","Manuel",IF(AE19="GMAW FCAW","semi auto",IF(AE19="GTAW","Manuel",IF(AE19="GTAW SMAW","Manuel",IF(AE19="SMAW Downhill","Manuel","")))))) -> Manuel | AJ19: PIPE | AK19: =IF(AE19="SMAW Mixte UP HILL/ Down hill","UP HILL/ Down hill Montant+Descendant",IF(AE19="SMAW UP HILL MONTANT","UP HILL Montant",IF(AE19="GMAW FCAW","Rotation",IF(AE19="GTAW","UP HILL Montant",IF(AE19="SMAW Downhill","SMAW Downhill",IF(AE19="GTAW SMAW","UP HILL Montant","")))))) -> UP HILL/ Down hill Montant+Descendant | AL19: =IF($G19="","",VLOOKUP($G19,WPS!$D$1:$AL$995,18,0)) -> N/A | AM19: =IF($G19="","",VLOOKUP($G19,WPS!$D$1:$AL$995,19,0)) -> Grp F N°1 | AN19: =IF($G19="","",VLOOKUP($G19,WPS!$D$1:$AL$995,20,0)) -> Grp F N°1 | AO19: =IF($G19="","",VLOOKUP($G19,WPS!$D$1:$AL$995,21,0)) -> A5.1 | AP19: =IF($G19="","",VLOOKUP($G19,WPS!$D$1:$AL$995,22,0)) -> A5.5 | AQ19: =IF($G19="","",VLOOKUP($G19,WPS!$D$1:$AL$995,23,0)) -> E 6010 | AR19: =IF($G19="","",VLOOKUP($G19,WPS!$D$1:$AL$995,24,0)) -> E 7010-P1 | AS19: =IF(AH19="1G","F",IF(AH19="5G","V-H-O",IF(AH19="6G","ALL",""))) -> V-H-O | AT19: =IF($G19="","",VLOOKUP($G19,WPS!$D$1:$AL$995,29,0)) -> DC | AU19: =IF($G19="","",VLOOKUP($G19,WPS!$D$1:$AL$995,30,0)) -> (+) | AV19: =IF($G19="","",VLOOKUP($G19,WPS!$D$1:$AL$995,31,0)) -> (+) | AW19: =IF(AE19="SMAW Mixte UP HILL/ Down hill","SMAW :,With/Without SMAW : With",IF(AE19="SMAW UP HILL MONTANT","SMAW :With/Without SMAW : With",IF(AE19="GMAW FCAW","GMAW :With/Without FCAW : With",IF(AE19="GTAW","GTAW :With / Without",IF(AE19="GTAW SMAW","GTAW :With/Without SMAW : With",""))))) -> SMAW :,With/Without SMAW : With | AX19: =IF($G19="","",VLOOKUP($G19,WPS!$D$1:$AL$995,15,0)) -> 50°C Min | AY19: =IF($G19="","",VLOOKUP($G19,WPS!$D$1:$AX$995,44,0)) -> ASME B31.3 édition 2021 | AZ19: =IFERROR(VLOOKUP(I19,Feuil1!$O$4:$P$34,2,0),"") -> 168.3 | BB19: =IFERROR(VLOOKUP(I19,Feuil1!$O$4:$P$32,2,0),"") -> 168.3 | BC19: =IF($G19="","",VLOOKUP($G19,WPS!$D$1:$AL$995,2,0)) -> A | BD19: =IF(M19='VT-PPL'!$Y$6,1,"") | BE19: =IF(BD19="","",COUNTIF(BD$2:$BD19,BD19)) | BF19: =IF(P19='RT-PPL'!$Q$6,1,"") | BG19: =IF(BF19="","",COUNTIF(BF$2:$BF19,BF19)) | BH19: =+IF(L19=HOMO!$K$4,1,"") | BI19: =IF(BH19="","",COUNTIF(BH$2:$BH19,BH19)) | BJ19: =IF(AND(K19="A",M19=Prog!$L$12),1,"") | BK19: =IF(BJ19="","",COUNTIF(BJ$2:$BJ19,BJ19)) | BL19: 18
A20: =F20&G20&I20 -> BEN MAISA MOHAMEDTFT-II-PL-076 | B20: =IF($G20="","",VLOOKUP($G20,WPS!$D$1:$AN$995,35,0)) -> TFT II / TFT SUD GAZ FIELD DEVELOPMENT | C20: =IF($G20="","",VLOOKUP($G20,WPS!$D$1:$AN$995,33,0)) -> API 1104 | D20: =IF($G20="","",VLOOKUP($G20,WPS!$D$1:$AN$995,34,0)) -> API 1104 | E20: WR-036 | F20: BEN MAISA MOHAMED | G20: TFT-II-PL-07 | H20: API5L_X52 | I20: 6 | J20: 7.1 | K20: A | L20: 46224 | M20: VT-WQT-008 | N20: A | O20: 46225 | P20: RT-WQT-008 | Q20: 21063-G0-PPL-RFI-0099 | R20: 21063-G0-PPL-RFI-0099 | S20: WQT-016 | T20: 46224 | U20: =H20 -> API5L_X52 | V20: =IF($G20="","",VLOOKUP($G20,WPS!$D$1:$AL$995,17,0)) -> SMAW :With/Without Backing | W20: =IF($G20="","",VLOOKUP($G20,WPS!$D$1:$AL$995,25,0)) -> WF-1b | X20: =IF($G20="","",VLOOKUP($G20,WPS!$D$1:$AL$995,26,0)) -> WF-1b | Y20: =IF($G20="","",VLOOKUP($G20,WPS!$D$1:$AL$995,27,0)) -> A5.1or A5.5 | Z20: =IF($G20="","",VLOOKUP($G20,WPS!$D$1:$AL$995,28,0)) -> A5.1or A5.5 | AA20: =IF(AND(D20="API 1104",BB20<60.3),"Unlimited ",IF(AND(D20="API 1104",AND(BB20>=60.3,BB20<=323.85)),"≥ 2,3/8'' (60,3mm)",IF(AND(D20="API 1104",BB20>323.85),"> 12,750'' (323,9mm)",IF(AND(D20="ASME IX",BB20<60.3),CONCATENATE("≥ ",I19,"'' ","(",BB20,"mm)"),IF(AND(D20="ASME IX",BB20="60,3"),"≥ 1'' (25mm)",IF(AND(D20="ASME IX",AND(BB20>25,BB20<73)),"≥ 1'' (25mm)",IF(AND(D20="ASME IX",BB20>73),"> 2,7/8'' (73mm)",""))))))) -> ≥ 2,3/8'' (60,3mm) | AB20: =IF(AND(D20="API 1104",BB20<60.3),"< 2,3/8'' 60,3mm",IF(AND(D20="API 1104",AND(BB20>=60.3,BB20<=323.85)),"≤ 12,750'' 323,9mm",IF(AND(D20="API 1104",BB20>323.85),"Unlimited",IF(AND(D20="ASME IX",BB20<25),"Unlimited",IF(AND(D20="ASME IX",AND(BB20>25,BB20<73)),"Unlimited",IF(AND(D20="ASME IX",BB20>73),"Unlimited","")))))) -> ≤ 12,750'' 323,9mm | AC20: =IF(AND(D20="API 1104",J20<3.9)," SMAW <3,9 mm",IF(AND(D20="API 1104",AND(J20>=3.9,J20<19))," SMAW ≥ 3,9 mm",IF(AND(D20="API 1104",J20>=19),"SMAW >=19mm",IF(AND(D20="ASME IX",AE20="gtaw",J20<13),"GTAW ",IF(AND(D20="ASME IX",AE20="GTAW SMAW",J20<13),"GTAW ≤ 8 mm",IF(AND(D20="ASME IX",AE20="GmAW fcAW",J20<13),"GMAW ≤ 8 mm",IF(AND(D20="ASME IX",AE20="gtaw",J20>=13),CONCATENATE("≤ ",J20*2," mm"),IF(AND(D20="ASME IX",J20>=13,AE20="GTAW SMAW"),"GTAW ≤ 8mm",IF(AND(D20="ASME IX",J20>=13,AE20="GmAW fcAW"),"GMAW ≤ 8mm",""))))))))) -> SMAW ≥ 3,9 mm | AD20: =IF(AND(D20="API 1104",AE20="SMAW Mixte UP HILL/ Down hill",J20<3.9),CONCATENATE("≤ ",MAX(1.5*J20,3.9),"mm"),IF(AND(D20="API 1104",AE20="SMAW UP HILL MONTANT",J20<3.9),CONCATENATE("≤ ",MAX(1.5*J20,3.9),"mm"),IF(AND(D20="API 1104",AND(J20>=3.9,J20<19.05)),CONCATENATE("≤ ",MAX(1.5*J20,19.05),"mm"),IF(AND(D20="API 1104",J20>=19.05),"ALL",IF(AND(D20="ASME IX",AE20="SMAW UP HILL MONTANT",J20<17),CONCATENATE("≤ ",((J20)*2)," mm"),IF(AND(D20="ASME IX",J20>=17),CONCATENATE("Unlimited"),IF(AND(D20="ASME IX",AE20="SMAW Mixte UP HILL/ Down hill",J20<17),CONCATENATE("≤ ",((J20)*2)," mm"),IF(AND(D20="ASME IX",J20>=17),CONCATENATE(" SMAW Unlimited"),IF(AND(D20="ASME IX",AE20="GTAW",J20<=17),CONCATENATE( "≤ ",J20*2," mm"),IF(AND(D20="ASME IX",AE20="GTAW SMAW",J20<=17),CONCATENATE("SMAW ≤ ",((J20-4)*2)," mm"),IF(AND(D20="ASME IX",J20>=17,AE20="GTAW SMAW"),"SMAW Unlimited ",IF(AND(D20="ASME IX",AE20="GMAW FCAW",J20<=17),CONCATENATE("FCAW ≤ ",((J20-4)*2)," mm"),IF(AND(D20="ASME IX",J20>=17,AE20="GmAW fcAW"),"FCAW Unlimited ",""))))))))))))) -> ≤ 19,05mm | AE20: =IF(G20="","",VLOOKUP(G20,WPS!$D$1:$AH$4735,3,0)) -> SMAW Mixte UP HILL/ Down hill | AF20: =IF(AND($G20<>"",$D20="API 1104"),U20,IF(AND($G20<>"",$D20="ASME IX"),VLOOKUP($G20,WPS!$D$1:$AZ$995,42,0),"")) -> API5L_X52 | AG20: =IF(G20="","",VLOOKUP(G20,WPS!$D$1:$AH$4735,2,0)) -> A | AH20: =IF(AE20="SMAW Mixte UP HILL/ Down hill","5G",IF(AE20="SMAW UP HILL MONTANT","5G",IF(AE20="SMAW Downhill","5G",IF(AE20="GMAW FCAW","1G",IF(AE20="GTAW","6G",IF(AE20="GTAW SMAW","6G","")))))) -> 5G | AI20: =IF(AE20="SMAW Mixte UP HILL/ Down hill","Manuel",IF(AE20="SMAW UP HILL MONTANT","Manuel",IF(AE20="GMAW FCAW","semi auto",IF(AE20="GTAW","Manuel",IF(AE20="GTAW SMAW","Manuel",IF(AE20="SMAW Downhill","Manuel","")))))) -> Manuel | AJ20: PIPE | AK20: =IF(AE20="SMAW Mixte UP HILL/ Down hill","UP HILL/ Down hill Montant+Descendant",IF(AE20="SMAW UP HILL MONTANT","UP HILL Montant",IF(AE20="GMAW FCAW","Rotation",IF(AE20="GTAW","UP HILL Montant",IF(AE20="SMAW Downhill","SMAW Downhill",IF(AE20="GTAW SMAW","UP HILL Montant","")))))) -> UP HILL/ Down hill Montant+Descendant | AL20: =IF($G20="","",VLOOKUP($G20,WPS!$D$1:$AL$995,18,0)) -> N/A | AM20: =IF($G20="","",VLOOKUP($G20,WPS!$D$1:$AL$995,19,0)) -> Grp F N°1 | AN20: =IF($G20="","",VLOOKUP($G20,WPS!$D$1:$AL$995,20,0)) -> Grp F N°1 | AO20: =IF($G20="","",VLOOKUP($G20,WPS!$D$1:$AL$995,21,0)) -> A5.1 | AP20: =IF($G20="","",VLOOKUP($G20,WPS!$D$1:$AL$995,22,0)) -> A5.5 | AQ20: =IF($G20="","",VLOOKUP($G20,WPS!$D$1:$AL$995,23,0)) -> E 6010 | AR20: =IF($G20="","",VLOOKUP($G20,WPS!$D$1:$AL$995,24,0)) -> E 7010-P1 | AS20: =IF(AH20="1G","F",IF(AH20="5G","V-H-O",IF(AH20="6G","ALL",""))) -> V-H-O | AT20: =IF($G20="","",VLOOKUP($G20,WPS!$D$1:$AL$995,29,0)) -> DC | AU20: =IF($G20="","",VLOOKUP($G20,WPS!$D$1:$AL$995,30,0)) -> (+) | AV20: =IF($G20="","",VLOOKUP($G20,WPS!$D$1:$AL$995,31,0)) -> (+) | AW20: =IF(AE20="SMAW Mixte UP HILL/ Down hill","SMAW :,With/Without SMAW : With",IF(AE20="SMAW UP HILL MONTANT","SMAW :With/Without SMAW : With",IF(AE20="GMAW FCAW","GMAW :With/Without FCAW : With",IF(AE20="GTAW","GTAW :With / Without",IF(AE20="GTAW SMAW","GTAW :With/Without SMAW : With",""))))) -> SMAW :,With/Without SMAW : With | AX20: =IF($G20="","",VLOOKUP($G20,WPS!$D$1:$AL$995,15,0)) -> 50°C Min | AY20: =IF($G20="","",VLOOKUP($G20,WPS!$D$1:$AX$995,44,0)) -> ASME B31.3 édition 2021 | AZ20: =IFERROR(VLOOKUP(I20,Feuil1!$O$4:$P$34,2,0),"") -> 168.3 | BB20: =IFERROR(VLOOKUP(I20,Feuil1!$O$4:$P$32,2,0),"") -> 168.3 | BC20: =IF($G20="","",VLOOKUP($G20,WPS!$D$1:$AL$995,2,0)) -> A | BD20: =IF(M20='VT-PPL'!$Y$6,1,"") | BE20: =IF(BD20="","",COUNTIF(BD$2:$BD20,BD20)) | BF20: =IF(P20='RT-PPL'!$Q$6,1,"") | BG20: =IF(BF20="","",COUNTIF(BF$2:$BF20,BF20)) | BH20: =+IF(L20=HOMO!$K$4,1,"") | BI20: =IF(BH20="","",COUNTIF(BH$2:$BH20,BH20)) | BJ20: =IF(AND(K20="A",M20=Prog!$L$12),1,"") | BK20: =IF(BJ20="","",COUNTIF(BJ$2:$BJ20,BJ20)) | BL20: 19
A21: =F21&G21&I21 -> BOUDECHICHA ZINEDINETFT-II-PL-056 | B21: =IF($G21="","",VLOOKUP($G21,WPS!$D$1:$AN$995,35,0)) -> TFT II / TFT SUD GAZ FIELD DEVELOPMENT | C21: =IF($G21="","",VLOOKUP($G21,WPS!$D$1:$AN$995,33,0)) -> API 1104 | D21: =IF($G21="","",VLOOKUP($G21,WPS!$D$1:$AN$995,34,0)) -> API 1104 | E21: WR-034 | F21: BOUDECHICHA ZINEDINE | G21: TFT-II-PL-05 | H21: API5L_X52 | I21: 6 | J21: 7.1 | K21: A | L21: 46224 | M21: VT-WQT-008 | N21: A | O21: 46225 | P21: RT-WQT-008 | Q21: 21063-G0-PPL-RFI-0099 | R21: 21063-G0-PPL-RFI-0099 | S21: WQT-017 | T21: 46224 | U21: =H21 -> API5L_X52 | V21: =IF($G21="","",VLOOKUP($G21,WPS!$D$1:$AL$995,17,0)) -> SMAW :With/Without Backing | W21: =IF($G21="","",VLOOKUP($G21,WPS!$D$1:$AL$995,25,0)) -> WF-1b | X21: =IF($G21="","",VLOOKUP($G21,WPS!$D$1:$AL$995,26,0)) -> WF-2c | Y21: =IF($G21="","",VLOOKUP($G21,WPS!$D$1:$AL$995,27,0)) -> A5.1or A5.5 | Z21: =IF($G21="","",VLOOKUP($G21,WPS!$D$1:$AL$995,28,0)) -> A5.1 or A5.5 | AA21: =IF(AND(D21="API 1104",BB21<60.3),"Unlimited ",IF(AND(D21="API 1104",AND(BB21>=60.3,BB21<=323.85)),"≥ 2,3/8'' (60,3mm)",IF(AND(D21="API 1104",BB21>323.85),"> 12,750'' (323,9mm)",IF(AND(D21="ASME IX",BB21<60.3),CONCATENATE("≥ ",I20,"'' ","(",BB21,"mm)"),IF(AND(D21="ASME IX",BB21="60,3"),"≥ 1'' (25mm)",IF(AND(D21="ASME IX",AND(BB21>25,BB21<73)),"≥ 1'' (25mm)",IF(AND(D21="ASME IX",BB21>73),"> 2,7/8'' (73mm)",""))))))) -> ≥ 2,3/8'' (60,3mm) | AB21: =IF(AND(D21="API 1104",BB21<60.3),"< 2,3/8'' 60,3mm",IF(AND(D21="API 1104",AND(BB21>=60.3,BB21<=323.85)),"≤ 12,750'' 323,9mm",IF(AND(D21="API 1104",BB21>323.85),"Unlimited",IF(AND(D21="ASME IX",BB21<25),"Unlimited",IF(AND(D21="ASME IX",AND(BB21>25,BB21<73)),"Unlimited",IF(AND(D21="ASME IX",BB21>73),"Unlimited","")))))) -> ≤ 12,750'' 323,9mm | AC21: =IF(AND(D21="API 1104",J21<3.9)," SMAW <3,9 mm",IF(AND(D21="API 1104",AND(J21>=3.9,J21<19))," SMAW ≥ 3,9 mm",IF(AND(D21="API 1104",J21>=19),"SMAW >=19mm",IF(AND(D21="ASME IX",AE21="gtaw",J21<13),"GTAW ",IF(AND(D21="ASME IX",AE21="GTAW SMAW",J21<13),"GTAW ≤ 8 mm",IF(AND(D21="ASME IX",AE21="GmAW fcAW",J21<13),"GMAW ≤ 8 mm",IF(AND(D21="ASME IX",AE21="gtaw",J21>=13),CONCATENATE("≤ ",J21*2," mm"),IF(AND(D21="ASME IX",J21>=13,AE21="GTAW SMAW"),"GTAW ≤ 8mm",IF(AND(D21="ASME IX",J21>=13,AE21="GmAW fcAW"),"GMAW ≤ 8mm",""))))))))) -> SMAW ≥ 3,9 mm | AD21: =IF(AND(D21="API 1104",AE21="SMAW Mixte UP HILL/ Down hill",J21<3.9),CONCATENATE("≤ ",MAX(1.5*J21,3.9),"mm"),IF(AND(D21="API 1104",AE21="SMAW UP HILL MONTANT",J21<3.9),CONCATENATE("≤ ",MAX(1.5*J21,3.9),"mm"),IF(AND(D21="API 1104",AND(J21>=3.9,J21<19.05)),CONCATENATE("≤ ",MAX(1.5*J21,19.05),"mm"),IF(AND(D21="API 1104",J21>=19.05),"ALL",IF(AND(D21="ASME IX",AE21="SMAW UP HILL MONTANT",J21<17),CONCATENATE("≤ ",((J21)*2)," mm"),IF(AND(D21="ASME IX",J21>=17),CONCATENATE("Unlimited"),IF(AND(D21="ASME IX",AE21="SMAW Mixte UP HILL/ Down hill",J21<17),CONCATENATE("≤ ",((J21)*2)," mm"),IF(AND(D21="ASME IX",J21>=17),CONCATENATE(" SMAW Unlimited"),IF(AND(D21="ASME IX",AE21="GTAW",J21<=17),CONCATENATE( "≤ ",J21*2," mm"),IF(AND(D21="ASME IX",AE21="GTAW SMAW",J21<=17),CONCATENATE("SMAW ≤ ",((J21-4)*2)," mm"),IF(AND(D21="ASME IX",J21>=17,AE21="GTAW SMAW"),"SMAW Unlimited ",IF(AND(D21="ASME IX",AE21="GMAW FCAW",J21<=17),CONCATENATE("FCAW ≤ ",((J21-4)*2)," mm"),IF(AND(D21="ASME IX",J21>=17,AE21="GmAW fcAW"),"FCAW Unlimited ",""))))))))))))) -> ≤ 19,05mm | AE21: =IF(G21="","",VLOOKUP(G21,WPS!$D$1:$AH$4735,3,0)) -> SMAW UP HILL MONTANT | AF21: =IF(AND($G21<>"",$D21="API 1104"),U21,IF(AND($G21<>"",$D21="ASME IX"),VLOOKUP($G21,WPS!$D$1:$AZ$995,42,0),"")) -> API5L_X52 | AG21: =IF(G21="","",VLOOKUP(G21,WPS!$D$1:$AH$4735,2,0)) -> A | AH21: =IF(AE21="SMAW Mixte UP HILL/ Down hill","5G",IF(AE21="SMAW UP HILL MONTANT","5G",IF(AE21="SMAW Downhill","5G",IF(AE21="GMAW FCAW","1G",IF(AE21="GTAW","6G",IF(AE21="GTAW SMAW","6G","")))))) -> 5G | AI21: =IF(AE21="SMAW Mixte UP HILL/ Down hill","Manuel",IF(AE21="SMAW UP HILL MONTANT","Manuel",IF(AE21="GMAW FCAW","semi auto",IF(AE21="GTAW","Manuel",IF(AE21="GTAW SMAW","Manuel",IF(AE21="SMAW Downhill","Manuel","")))))) -> Manuel | AJ21: PIPE | AK21: =IF(AE21="SMAW Mixte UP HILL/ Down hill","UP HILL/ Down hill Montant+Descendant",IF(AE21="SMAW UP HILL MONTANT","UP HILL Montant",IF(AE21="GMAW FCAW","Rotation",IF(AE21="GTAW","UP HILL Montant",IF(AE21="SMAW Downhill","SMAW Downhill",IF(AE21="GTAW SMAW","UP HILL Montant","")))))) -> UP HILL Montant | AL21: =IF($G21="","",VLOOKUP($G21,WPS!$D$1:$AL$995,18,0)) -> N/A | AM21: =IF($G21="","",VLOOKUP($G21,WPS!$D$1:$AL$995,19,0)) -> Grp F N°1 | AN21: =IF($G21="","",VLOOKUP($G21,WPS!$D$1:$AL$995,20,0)) -> Grp F N°3 | AO21: =IF($G21="","",VLOOKUP($G21,WPS!$D$1:$AL$995,21,0)) -> A5.1 | AP21: =IF($G21="","",VLOOKUP($G21,WPS!$D$1:$AL$995,22,0)) -> A5.1 | AQ21: =IF($G21="","",VLOOKUP($G21,WPS!$D$1:$AL$995,23,0)) -> E 6010 | AR21: =IF($G21="","",VLOOKUP($G21,WPS!$D$1:$AL$995,24,0)) -> E 7018 | AS21: =IF(AH21="1G","F",IF(AH21="5G","V-H-O",IF(AH21="6G","ALL",""))) -> V-H-O | AT21: =IF($G21="","",VLOOKUP($G21,WPS!$D$1:$AL$995,29,0)) -> DC | AU21: =IF($G21="","",VLOOKUP($G21,WPS!$D$1:$AL$995,30,0)) -> (+) | AV21: =IF($G21="","",VLOOKUP($G21,WPS!$D$1:$AL$995,31,0)) -> (+) | AW21: =IF(AE21="SMAW Mixte UP HILL/ Down hill","SMAW :,With/Without SMAW : With",IF(AE21="SMAW UP HILL MONTANT","SMAW :With/Without SMAW : With",IF(AE21="GMAW FCAW","GMAW :With/Without FCAW : With",IF(AE21="GTAW","GTAW :With / Without",IF(AE21="GTAW SMAW","GTAW :With/Without SMAW : With",""))))) -> SMAW :With/Without SMAW : With | AX21: =IF($G21="","",VLOOKUP($G21,WPS!$D$1:$AL$995,15,0)) -> 100°C Min | AY21: =IF($G21="","",VLOOKUP($G21,WPS!$D$1:$AX$995,44,0)) -> ASME B31.3 édition 2020 | AZ21: =IFERROR(VLOOKUP(I21,Feuil1!$O$4:$P$34,2,0),"") -> 168.3 | BB21: =IFERROR(VLOOKUP(I21,Feuil1!$O$4:$P$32,2,0),"") -> 168.3 | BC21: =IF($G21="","",VLOOKUP($G21,WPS!$D$1:$AL$995,2,0)) -> A | BD21: =IF(M21='VT-PPL'!$Y$6,1,"") | BE21: =IF(BD21="","",COUNTIF(BD$2:$BD21,BD21)) | BF21: =IF(P21='RT-PPL'!$Q$6,1,"") | BG21: =IF(BF21="","",COUNTIF(BF$2:$BF21,BF21)) | BH21: =+IF(L21=HOMO!$K$4,1,"") | BI21: =IF(BH21="","",COUNTIF(BH$2:$BH21,BH21)) | BJ21: =IF(AND(K21="A",M21=Prog!$L$12),1,"") | BK21: =IF(BJ21="","",COUNTIF(BJ$2:$BJ21,BJ21)) | BL21: 20
A22: =F22&G22&I22 -> BEN MAISA MOHAMED 1TFT-II-PL-056 | B22: =IF($G22="","",VLOOKUP($G22,WPS!$D$1:$AN$995,35,0)) -> TFT II / TFT SUD GAZ FIELD DEVELOPMENT | C22: =IF($G22="","",VLOOKUP($G22,WPS!$D$1:$AN$995,33,0)) -> API 1104 | D22: =IF($G22="","",VLOOKUP($G22,WPS!$D$1:$AN$995,34,0)) -> API 1104 | E22: WR-036 | F22: BEN MAISA MOHAMED 1 | G22: TFT-II-PL-05 | H22: API5L_X52 | I22: 6 | J22: 7.1 | K22: A | L22: 46224 | M22: VT-WQT-008 | N22: R | O22: 46225 | P22: RT-WQT-008 | Q22: 21063-G0-PPL-RFI-0099 | R22: 21063-G0-PPL-RFI-0099 | U22: =H22 -> API5L_X52 | V22: =IF($G22="","",VLOOKUP($G22,WPS!$D$1:$AL$995,17,0)) -> SMAW :With/Without Backing | W22: =IF($G22="","",VLOOKUP($G22,WPS!$D$1:$AL$995,25,0)) -> WF-1b | X22: =IF($G22="","",VLOOKUP($G22,WPS!$D$1:$AL$995,26,0)) -> WF-2c | Y22: =IF($G22="","",VLOOKUP($G22,WPS!$D$1:$AL$995,27,0)) -> A5.1or A5.5 | Z22: =IF($G22="","",VLOOKUP($G22,WPS!$D$1:$AL$995,28,0)) -> A5.1 or A5.5 | AA22: =IF(AND(D22="API 1104",BB22<60.3),"Unlimited ",IF(AND(D22="API 1104",AND(BB22>=60.3,BB22<=323.85)),"≥ 2,3/8'' (60,3mm)",IF(AND(D22="API 1104",BB22>323.85),"> 12,750'' (323,9mm)",IF(AND(D22="ASME IX",BB22<60.3),CONCATENATE("≥ ",I21,"'' ","(",BB22,"mm)"),IF(AND(D22="ASME IX",BB22="60,3"),"≥ 1'' (25mm)",IF(AND(D22="ASME IX",AND(BB22>25,BB22<73)),"≥ 1'' (25mm)",IF(AND(D22="ASME IX",BB22>73),"> 2,7/8'' (73mm)",""))))))) -> ≥ 2,3/8'' (60,3mm) | AB22: =IF(AND(D22="API 1104",BB22<60.3),"< 2,3/8'' 60,3mm",IF(AND(D22="API 1104",AND(BB22>=60.3,BB22<=323.85)),"≤ 12,750'' 323,9mm",IF(AND(D22="API 1104",BB22>323.85),"Unlimited",IF(AND(D22="ASME IX",BB22<25),"Unlimited",IF(AND(D22="ASME IX",AND(BB22>25,BB22<73)),"Unlimited",IF(AND(D22="ASME IX",BB22>73),"Unlimited","")))))) -> ≤ 12,750'' 323,9mm | AC22: =IF(AND(D22="API 1104",J22<3.9)," SMAW <3,9 mm",IF(AND(D22="API 1104",AND(J22>=3.9,J22<19))," SMAW ≥ 3,9 mm",IF(AND(D22="API 1104",J22>=19),"SMAW >=19mm",IF(AND(D22="ASME IX",AE22="gtaw",J22<13),"GTAW ",IF(AND(D22="ASME IX",AE22="GTAW SMAW",J22<13),"GTAW ≤ 8 mm",IF(AND(D22="ASME IX",AE22="GmAW fcAW",J22<13),"GMAW ≤ 8 mm",IF(AND(D22="ASME IX",AE22="gtaw",J22>=13),CONCATENATE("≤ ",J22*2," mm"),IF(AND(D22="ASME IX",J22>=13,AE22="GTAW SMAW"),"GTAW ≤ 8mm",IF(AND(D22="ASME IX",J22>=13,AE22="GmAW fcAW"),"GMAW ≤ 8mm",""))))))))) -> SMAW ≥ 3,9 mm | AD22: =IF(AND(D22="API 1104",AE22="SMAW Mixte UP HILL/ Down hill",J22<3.9),CONCATENATE("≤ ",MAX(1.5*J22,3.9),"mm"),IF(AND(D22="API 1104",AE22="SMAW UP HILL MONTANT",J22<3.9),CONCATENATE("≤ ",MAX(1.5*J22,3.9),"mm"),IF(AND(D22="API 1104",AND(J22>=3.9,J22<19.05)),CONCATENATE("≤ ",MAX(1.5*J22,19.05),"mm"),IF(AND(D22="API 1104",J22>=19.05),"ALL",IF(AND(D22="ASME IX",AE22="SMAW UP HILL MONTANT",J22<17),CONCATENATE("≤ ",((J22)*2)," mm"),IF(AND(D22="ASME IX",J22>=17),CONCATENATE("Unlimited"),IF(AND(D22="ASME IX",AE22="SMAW Mixte UP HILL/ Down hill",J22<17),CONCATENATE("≤ ",((J22)*2)," mm"),IF(AND(D22="ASME IX",J22>=17),CONCATENATE(" SMAW Unlimited"),IF(AND(D22="ASME IX",AE22="GTAW",J22<=17),CONCATENATE( "≤ ",J22*2," mm"),IF(AND(D22="ASME IX",AE22="GTAW SMAW",J22<=17),CONCATENATE("SMAW ≤ ",((J22-4)*2)," mm"),IF(AND(D22="ASME IX",J22>=17,AE22="GTAW SMAW"),"SMAW Unlimited ",IF(AND(D22="ASME IX",AE22="GMAW FCAW",J22<=17),CONCATENATE("FCAW ≤ ",((J22-4)*2)," mm"),IF(AND(D22="ASME IX",J22>=17,AE22="GmAW fcAW"),"FCAW Unlimited ",""))))))))))))) -> ≤ 19,05mm | AE22: =IF(G22="","",VLOOKUP(G22,WPS!$D$1:$AH$4735,3,0)) -> SMAW UP HILL MONTANT | AF22: =IF(AND($G22<>"",$D22="API 1104"),U22,IF(AND($G22<>"",$D22="ASME IX"),VLOOKUP($G22,WPS!$D$1:$AZ$995,42,0),"")) -> API5L_X52 | AG22: =IF(G22="","",VLOOKUP(G22,WPS!$D$1:$AH$4735,2,0)) -> A | AH22: =IF(AE22="SMAW Mixte UP HILL/ Down hill","5G",IF(AE22="SMAW UP HILL MONTANT","5G",IF(AE22="SMAW Downhill","5G",IF(AE22="GMAW FCAW","1G",IF(AE22="GTAW","6G",IF(AE22="GTAW SMAW","6G","")))))) -> 5G | AI22: =IF(AE22="SMAW Mixte UP HILL/ Down hill","Manuel",IF(AE22="SMAW UP HILL MONTANT","Manuel",IF(AE22="GMAW FCAW","semi auto",IF(AE22="GTAW","Manuel",IF(AE22="GTAW SMAW","Manuel",IF(AE22="SMAW Downhill","Manuel","")))))) -> Manuel | AJ22: PIPE | AK22: =IF(AE22="SMAW Mixte UP HILL/ Down hill","UP HILL/ Down hill Montant+Descendant",IF(AE22="SMAW UP HILL MONTANT","UP HILL Montant",IF(AE22="GMAW FCAW","Rotation",IF(AE22="GTAW","UP HILL Montant",IF(AE22="SMAW Downhill","SMAW Downhill",IF(AE22="GTAW SMAW","UP HILL Montant","")))))) -> UP HILL Montant | AL22: =IF($G22="","",VLOOKUP($G22,WPS!$D$1:$AL$995,18,0)) -> N/A | AM22: =IF($G22="","",VLOOKUP($G22,WPS!$D$1:$AL$995,19,0)) -> Grp F N°1 | AN22: =IF($G22="","",VLOOKUP($G22,WPS!$D$1:$AL$995,20,0)) -> Grp F N°3 | AO22: =IF($G22="","",VLOOKUP($G22,WPS!$D$1:$AL$995,21,0)) -> A5.1 | AP22: =IF($G22="","",VLOOKUP($G22,WPS!$D$1:$AL$995,22,0)) -> A5.1 | AQ22: =IF($G22="","",VLOOKUP($G22,WPS!$D$1:$AL$995,23,0)) -> E 6010 | AR22: =IF($G22="","",VLOOKUP($G22,WPS!$D$1:$AL$995,24,0)) -> E 7018 | AS22: =IF(AH22="1G","F",IF(AH22="5G","V-H-O",IF(AH22="6G","ALL",""))) -> V-H-O | AT22: =IF($G22="","",VLOOKUP($G22,WPS!$D$1:$AL$995,29,0)) -> DC | AU22: =IF($G22="","",VLOOKUP($G22,WPS!$D$1:$AL$995,30,0)) -> (+) | AV22: =IF($G22="","",VLOOKUP($G22,WPS!$D$1:$AL$995,31,0)) -> (+) | AW22: =IF(AE22="SMAW Mixte UP HILL/ Down hill","SMAW :,With/Without SMAW : With",IF(AE22="SMAW UP HILL MONTANT","SMAW :With/Without SMAW : With",IF(AE22="GMAW FCAW","GMAW :With/Without FCAW : With",IF(AE22="GTAW","GTAW :With / Without",IF(AE22="GTAW SMAW","GTAW :With/Without SMAW : With",""))))) -> SMAW :With/Without SMAW : With | AX22: =IF($G22="","",VLOOKUP($G22,WPS!$D$1:$AL$995,15,0)) -> 100°C Min | AY22: =IF($G22="","",VLOOKUP($G22,WPS!$D$1:$AX$995,44,0)) -> ASME B31.3 édition 2020 | AZ22: =IFERROR(VLOOKUP(I22,Feuil1!$O$4:$P$34,2,0),"") -> 168.3 | BB22: =IFERROR(VLOOKUP(I22,Feuil1!$O$4:$P$32,2,0),"") -> 168.3 | BC22: =IF($G22="","",VLOOKUP($G22,WPS!$D$1:$AL$995,2,0)) -> A | BD22: =IF(M22='VT-PPL'!$Y$6,1,"") | BE22: =IF(BD22="","",COUNTIF(BD$2:$BD22,BD22)) | BF22: =IF(P22='RT-PPL'!$Q$6,1,"") | BG22: =IF(BF22="","",COUNTIF(BF$2:$BF22,BF22)) | BH22: =+IF(L22=HOMO!$K$4,1,"") | BI22: =IF(BH22="","",COUNTIF(BH$2:$BH22,BH22)) | BJ22: =IF(AND(K22="A",M22=Prog!$L$12),1,"") | BK22: =IF(BJ22="","",COUNTIF(BJ$2:$BJ22,BJ22)) | BL22: 21
A23: =F23&G23&I23 -> BEN MAISA MOHAMEDTFT-II-PL-056 | B23: =IF($G23="","",VLOOKUP($G23,WPS!$D$1:$AN$995,35,0)) -> TFT II / TFT SUD GAZ FIELD DEVELOPMENT | C23: =IF($G23="","",VLOOKUP($G23,WPS!$D$1:$AN$995,33,0)) -> API 1104 | D23: =IF($G23="","",VLOOKUP($G23,WPS!$D$1:$AN$995,34,0)) -> API 1104 | E23: WR-036 | F23: BEN MAISA MOHAMED | G23: TFT-II-PL-05 | H23: API5L_X52 | I23: 6 | J23: 7.1 | K23: A | L23: 46233 | M23: VT-WQT-009 | N23: A | O23: 46235 | P23: RT-WQT-009 | Q23: 21063-G0-PPL-RFI-0102 | R23: 21063-G0-PPL-RFI-0099 | S23: WQT-018 | T23: 46235 | U23: =H23 -> API5L_X52 | V23: =IF($G23="","",VLOOKUP($G23,WPS!$D$1:$AL$995,17,0)) -> SMAW :With/Without Backing | W23: =IF($G23="","",VLOOKUP($G23,WPS!$D$1:$AL$995,25,0)) -> WF-1b | X23: =IF($G23="","",VLOOKUP($G23,WPS!$D$1:$AL$995,26,0)) -> WF-2c | Y23: =IF($G23="","",VLOOKUP($G23,WPS!$D$1:$AL$995,27,0)) -> A5.1or A5.5 | Z23: =IF($G23="","",VLOOKUP($G23,WPS!$D$1:$AL$995,28,0)) -> A5.1 or A5.5 | AA23: =IF(AND(D23="API 1104",BB23<60.3),"Unlimited ",IF(AND(D23="API 1104",AND(BB23>=60.3,BB23<=323.85)),"≥ 2,3/8'' (60,3mm)",IF(AND(D23="API 1104",BB23>323.85),"> 12,750'' (323,9mm)",IF(AND(D23="ASME IX",BB23<60.3),CONCATENATE("≥ ",I22,"'' ","(",BB23,"mm)"),IF(AND(D23="ASME IX",BB23="60,3"),"≥ 1'' (25mm)",IF(AND(D23="ASME IX",AND(BB23>25,BB23<73)),"≥ 1'' (25mm)",IF(AND(D23="ASME IX",BB23>73),"> 2,7/8'' (73mm)",""))))))) -> ≥ 2,3/8'' (60,3mm) | AB23: =IF(AND(D23="API 1104",BB23<60.3),"< 2,3/8'' 60,3mm",IF(AND(D23="API 1104",AND(BB23>=60.3,BB23<=323.85)),"≤ 12,750'' 323,9mm",IF(AND(D23="API 1104",BB23>323.85),"Unlimited",IF(AND(D23="ASME IX",BB23<25),"Unlimited",IF(AND(D23="ASME IX",AND(BB23>25,BB23<73)),"Unlimited",IF(AND(D23="ASME IX",BB23>73),"Unlimited","")))))) -> ≤ 12,750'' 323,9mm | AC23: =IF(AND(D23="API 1104",J23<3.9)," SMAW <3,9 mm",IF(AND(D23="API 1104",AND(J23>=3.9,J23<19))," SMAW ≥ 3,9 mm",IF(AND(D23="API 1104",J23>=19),"SMAW >=19mm",IF(AND(D23="ASME IX",AE23="gtaw",J23<13),"GTAW ",IF(AND(D23="ASME IX",AE23="GTAW SMAW",J23<13),"GTAW ≤ 8 mm",IF(AND(D23="ASME IX",AE23="GmAW fcAW",J23<13),"GMAW ≤ 8 mm",IF(AND(D23="ASME IX",AE23="gtaw",J23>=13),CONCATENATE("≤ ",J23*2," mm"),IF(AND(D23="ASME IX",J23>=13,AE23="GTAW SMAW"),"GTAW ≤ 8mm",IF(AND(D23="ASME IX",J23>=13,AE23="GmAW fcAW"),"GMAW ≤ 8mm",""))))))))) -> SMAW ≥ 3,9 mm | AD23: =IF(AND(D23="API 1104",AE23="SMAW Mixte UP HILL/ Down hill",J23<3.9),CONCATENATE("≤ ",MAX(1.5*J23,3.9),"mm"),IF(AND(D23="API 1104",AE23="SMAW UP HILL MONTANT",J23<3.9),CONCATENATE("≤ ",MAX(1.5*J23,3.9),"mm"),IF(AND(D23="API 1104",AND(J23>=3.9,J23<19.05)),CONCATENATE("≤ ",MAX(1.5*J23,19.05),"mm"),IF(AND(D23="API 1104",J23>=19.05),"ALL",IF(AND(D23="ASME IX",AE23="SMAW UP HILL MONTANT",J23<17),CONCATENATE("≤ ",((J23)*2)," mm"),IF(AND(D23="ASME IX",J23>=17),CONCATENATE("Unlimited"),IF(AND(D23="ASME IX",AE23="SMAW Mixte UP HILL/ Down hill",J23<17),CONCATENATE("≤ ",((J23)*2)," mm"),IF(AND(D23="ASME IX",J23>=17),CONCATENATE(" SMAW Unlimited"),IF(AND(D23="ASME IX",AE23="GTAW",J23<=17),CONCATENATE( "≤ ",J23*2," mm"),IF(AND(D23="ASME IX",AE23="GTAW SMAW",J23<=17),CONCATENATE("SMAW ≤ ",((J23-4)*2)," mm"),IF(AND(D23="ASME IX",J23>=17,AE23="GTAW SMAW"),"SMAW Unlimited ",IF(AND(D23="ASME IX",AE23="GMAW FCAW",J23<=17),CONCATENATE("FCAW ≤ ",((J23-4)*2)," mm"),IF(AND(D23="ASME IX",J23>=17,AE23="GmAW fcAW"),"FCAW Unlimited ",""))))))))))))) -> ≤ 19,05mm | AE23: =IF(G23="","",VLOOKUP(G23,WPS!$D$1:$AH$4735,3,0)) -> SMAW UP HILL MONTANT | AF23: =IF(AND($G23<>"",$D23="API 1104"),U23,IF(AND($G23<>"",$D23="ASME IX"),VLOOKUP($G23,WPS!$D$1:$AZ$995,42,0),"")) -> API5L_X52 | AG23: =IF(G23="","",VLOOKUP(G23,WPS!$D$1:$AH$4735,2,0)) -> A | AH23: =IF(AE23="SMAW Mixte UP HILL/ Down hill","5G",IF(AE23="SMAW UP HILL MONTANT","5G",IF(AE23="SMAW Downhill","5G",IF(AE23="GMAW FCAW","1G",IF(AE23="GTAW","6G",IF(AE23="GTAW SMAW","6G","")))))) -> 5G | AI23: =IF(AE23="SMAW Mixte UP HILL/ Down hill","Manuel",IF(AE23="SMAW UP HILL MONTANT","Manuel",IF(AE23="GMAW FCAW","semi auto",IF(AE23="GTAW","Manuel",IF(AE23="GTAW SMAW","Manuel",IF(AE23="SMAW Downhill","Manuel","")))))) -> Manuel | AJ23: PIPE | AK23: =IF(AE23="SMAW Mixte UP HILL/ Down hill","UP HILL/ Down hill Montant+Descendant",IF(AE23="SMAW UP HILL MONTANT","UP HILL Montant",IF(AE23="GMAW FCAW","Rotation",IF(AE23="GTAW","UP HILL Montant",IF(AE23="SMAW Downhill","SMAW Downhill",IF(AE23="GTAW SMAW","UP HILL Montant","")))))) -> UP HILL Montant | AL23: =IF($G23="","",VLOOKUP($G23,WPS!$D$1:$AL$995,18,0)) -> N/A | AM23: =IF($G23="","",VLOOKUP($G23,WPS!$D$1:$AL$995,19,0)) -> Grp F N°1 | AN23: =IF($G23="","",VLOOKUP($G23,WPS!$D$1:$AL$995,20,0)) -> Grp F N°3 | AO23: =IF($G23="","",VLOOKUP($G23,WPS!$D$1:$AL$995,21,0)) -> A5.1 | AP23: =IF($G23="","",VLOOKUP($G23,WPS!$D$1:$AL$995,22,0)) -> A5.1 | AQ23: =IF($G23="","",VLOOKUP($G23,WPS!$D$1:$AL$995,23,0)) -> E 6010 | AR23: =IF($G23="","",VLOOKUP($G23,WPS!$D$1:$AL$995,24,0)) -> E 7018 | AS23: =IF(AH23="1G","F",IF(AH23="5G","V-H-O",IF(AH23="6G","ALL",""))) -> V-H-O | AT23: =IF($G23="","",VLOOKUP($G23,WPS!$D$1:$AL$995,29,0)) -> DC | AU23: =IF($G23="","",VLOOKUP($G23,WPS!$D$1:$AL$995,30,0)) -> (+) | AV23: =IF($G23="","",VLOOKUP($G23,WPS!$D$1:$AL$995,31,0)) -> (+) | AW23: =IF(AE23="SMAW Mixte UP HILL/ Down hill","SMAW :,With/Without SMAW : With",IF(AE23="SMAW UP HILL MONTANT","SMAW :With/Without SMAW : With",IF(AE23="GMAW FCAW","GMAW :With/Without FCAW : With",IF(AE23="GTAW","GTAW :With / Without",IF(AE23="GTAW SMAW","GTAW :With/Without SMAW : With",""))))) -> SMAW :With/Without SMAW : With | AX23: =IF($G23="","",VLOOKUP($G23,WPS!$D$1:$AL$995,15,0)) -> 100°C Min | AY23: =IF($G23="","",VLOOKUP($G23,WPS!$D$1:$AX$995,44,0)) -> ASME B31.3 édition 2020 | AZ23: =IFERROR(VLOOKUP(I23,Feuil1!$O$4:$P$34,2,0),"") -> 168.3 | BB23: =IFERROR(VLOOKUP(I23,Feuil1!$O$4:$P$32,2,0),"") -> 168.3 | BC23: =IF($G23="","",VLOOKUP($G23,WPS!$D$1:$AL$995,2,0)) -> A | BD23: =IF(M23='VT-PPL'!$Y$6,1,"") | BE23: =IF(BD23="","",COUNTIF(BD$2:$BD23,BD23)) | BF23: =IF(P23='RT-PPL'!$Q$6,1,"") | BG23: =IF(BF23="","",COUNTIF(BF$2:$BF23,BF23)) | BH23: =+IF(L23=HOMO!$K$4,1,"") | BI23: =IF(BH23="","",COUNTIF(BH$2:$BH23,BH23)) | BJ23: =IF(AND(K23="A",M23=Prog!$L$12),1,"") | BK23: =IF(BJ23="","",COUNTIF(BJ$2:$BJ23,BJ23)) | BL23: 22
A24: =F24&G24&I24 -> GHOUIALA SMAILTFT-II-PL-0416 | B24: =IF($G24="","",VLOOKUP($G24,WPS!$D$1:$AN$995,35,0)) -> TFT II / TFT SUD GAZ FIELD DEVELOPMENT | C24: =IF($G24="","",VLOOKUP($G24,WPS!$D$1:$AN$995,33,0)) -> API 1104 | D24: =IF($G24="","",VLOOKUP($G24,WPS!$D$1:$AN$995,34,0)) -> API 1104 | E24: WR-037 | F24: GHOUIALA SMAIL | G24: TFT-II-PL-04 | H24: API5L_X52 | I24: 16 | J24: 9.52 | K24: A | L24: 46243 | M24: VT-WQT-010 | N24: A | O24: 46244 | P24: RT-WQT-010 | Q24: 21063-G0-PPL-RFI-0108 | R24: 21063-G0-PPL-RFI-0108 | S24: WQT-019 | T24: 46245 | U24: =H24 -> API5L_X52 | V24: =IF($G24="","",VLOOKUP($G24,WPS!$D$1:$AL$995,17,0)) -> GMAW :With/Without Backing FCAW:Without Backing | W24: =IF($G24="","",VLOOKUP($G24,WPS!$D$1:$AL$995,25,0)) -> WF-5 | X24: =IF($G24="","",VLOOKUP($G24,WPS!$D$1:$AL$995,26,0)) -> WF-6e | Y24: =IF($G24="","",VLOOKUP($G24,WPS!$D$1:$AL$995,27,0)) -> A5.18 | Z24: =IF($G24="","",VLOOKUP($G24,WPS!$D$1:$AL$995,28,0)) -> A5.20 or A5.36 | AA24: =IF(AND(D24="API 1104",BB24<60.3),"Unlimited ",IF(AND(D24="API 1104",AND(BB24>=60.3,BB24<=323.85)),"≥ 2,3/8'' (60,3mm)",IF(AND(D24="API 1104",BB24>323.85),"> 12,750'' (323,9mm)",IF(AND(D24="ASME IX",BB24<60.3),CONCATENATE("≥ ",I23,"'' ","(",BB24,"mm)"),IF(AND(D24="ASME IX",BB24="60,3"),"≥ 1'' (25mm)",IF(AND(D24="ASME IX",AND(BB24>25,BB24<73)),"≥ 1'' (25mm)",IF(AND(D24="ASME IX",BB24>73),"> 2,7/8'' (73mm)",""))))))) -> > 12,750'' (323,9mm) | AB24: =IF(AND(D24="API 1104",BB24<60.3),"< 2,3/8'' 60,3mm",IF(AND(D24="API 1104",AND(BB24>=60.3,BB24<=323.85)),"≤ 12,750'' 323,9mm",IF(AND(D24="API 1104",BB24>323.85),"Unlimited",IF(AND(D24="ASME IX",BB24<25),"Unlimited",IF(AND(D24="ASME IX",AND(BB24>25,BB24<73)),"Unlimited",IF(AND(D24="ASME IX",BB24>73),"Unlimited","")))))) -> Unlimited | AC24: =IF(AND(D24="API 1104",J24<3.9)," SMAW <3,9 mm",IF(AND(D24="API 1104",AND(J24>=3.9,J24<19))," SMAW ≥ 3,9 mm",IF(AND(D24="API 1104",J24>=19),"SMAW >=19mm",IF(AND(D24="ASME IX",AE24="gtaw",J24<13),"GTAW ",IF(AND(D24="ASME IX",AE24="GTAW SMAW",J24<13),"GTAW ≤ 8 mm",IF(AND(D24="ASME IX",AE24="GmAW fcAW",J24<13),"GMAW ≤ 8 mm",IF(AND(D24="ASME IX",AE24="gtaw",J24>=13),CONCATENATE("≤ ",J24*2," mm"),IF(AND(D24="ASME IX",J24>=13,AE24="GTAW SMAW"),"GTAW ≤ 8mm",IF(AND(D24="ASME IX",J24>=13,AE24="GmAW fcAW"),"GMAW ≤ 8mm",""))))))))) -> SMAW ≥ 3,9 mm | AD24: =IF(AND(D24="API 1104",AE24="SMAW Mixte UP HILL/ Down hill",J24<3.9),CONCATENATE("≤ ",MAX(1.5*J24,3.9),"mm"),IF(AND(D24="API 1104",AE24="SMAW UP HILL MONTANT",J24<3.9),CONCATENATE("≤ ",MAX(1.5*J24,3.9),"mm"),IF(AND(D24="API 1104",AND(J24>=3.9,J24<19.05)),CONCATENATE("≤ ",MAX(1.5*J24,19.05),"mm"),IF(AND(D24="API 1104",J24>=19.05),"ALL",IF(AND(D24="ASME IX",AE24="SMAW UP HILL MONTANT",J24<17),CONCATENATE("≤ ",((J24)*2)," mm"),IF(AND(D24="ASME IX",J24>=17),CONCATENATE("Unlimited"),IF(AND(D24="ASME IX",AE24="SMAW Mixte UP HILL/ Down hill",J24<17),CONCATENATE("≤ ",((J24)*2)," mm"),IF(AND(D24="ASME IX",J24>=17),CONCATENATE(" SMAW Unlimited"),IF(AND(D24="ASME IX",AE24="GTAW",J24<=17),CONCATENATE( "≤ ",J24*2," mm"),IF(AND(D24="ASME IX",AE24="GTAW SMAW",J24<=17),CONCATENATE("SMAW ≤ ",((J24-4)*2)," mm"),IF(AND(D24="ASME IX",J24>=17,AE24="GTAW SMAW"),"SMAW Unlimited ",IF(AND(D24="ASME IX",AE24="GMAW FCAW",J24<=17),CONCATENATE("FCAW ≤ ",((J24-4)*2)," mm"),IF(AND(D24="ASME IX",J24>=17,AE24="GmAW fcAW"),"FCAW Unlimited ",""))))))))))))) -> ≤ 19,05mm | AE24: =IF(G24="","",VLOOKUP(G24,WPS!$D$1:$AH$4735,3,0)) -> GMAW FCAW | AF24: =IF(AND($G24<>"",$D24="API 1104"),U24,IF(AND($G24<>"",$D24="ASME IX"),VLOOKUP($G24,WPS!$D$1:$AZ$995,42,0),"")) -> API5L_X52 | AG24: =IF(G24="","",VLOOKUP(G24,WPS!$D$1:$AH$4735,2,0)) -> D | AH24: =IF(AE24="SMAW Mixte UP HILL/ Down hill","5G",IF(AE24="SMAW UP HILL MONTANT","5G",IF(AE24="SMAW Downhill","5G",IF(AE24="GMAW FCAW","1G",IF(AE24="GTAW","6G",IF(AE24="GTAW SMAW","6G","")))))) -> 1G | AI24: =IF(AE24="SMAW Mixte UP HILL/ Down hill","Manuel",IF(AE24="SMAW UP HILL MONTANT","Manuel",IF(AE24="GMAW FCAW","semi auto",IF(AE24="GTAW","Manuel",IF(AE24="GTAW SMAW","Manuel",IF(AE24="SMAW Downhill","Manuel","")))))) -> semi auto | AJ24: PIPE | AK24: =IF(AE24="SMAW Mixte UP HILL/ Down hill","UP HILL/ Down hill Montant+Descendant",IF(AE24="SMAW UP HILL MONTANT","UP HILL Montant",IF(AE24="GMAW FCAW","Rotation",IF(AE24="GTAW","UP HILL Montant",IF(AE24="SMAW Downhill","SMAW Downhill",IF(AE24="GTAW SMAW","UP HILL Montant","")))))) -> Rotation | AL24: =IF($G24="","",VLOOKUP($G24,WPS!$D$1:$AL$995,18,0)) -> 100%CO2(Root & Hot P) 80%Ar+20%Co2(F&C) | AM24: =IF($G24="","",VLOOKUP($G24,WPS!$D$1:$AL$995,19,0)) -> Grp F N°5 | AN24: =IF($G24="","",VLOOKUP($G24,WPS!$D$1:$AL$995,20,0)) -> Grp F N°7 | AO24: =IF($G24="","",VLOOKUP($G24,WPS!$D$1:$AL$995,21,0)) -> A5.18 | AP24: =IF($G24="","",VLOOKUP($G24,WPS!$D$1:$AL$995,22,0)) -> A5.20 | AQ24: =IF($G24="","",VLOOKUP($G24,WPS!$D$1:$AL$995,23,0)) -> ER 70 S-6 | AR24: =IF($G24="","",VLOOKUP($G24,WPS!$D$1:$AL$995,24,0)) -> E 71 T1 C | AS24: =IF(AH24="1G","F",IF(AH24="5G","V-H-O",IF(AH24="6G","ALL",""))) -> F | AT24: =IF($G24="","",VLOOKUP($G24,WPS!$D$1:$AL$995,29,0)) -> DC | AU24: =IF($G24="","",VLOOKUP($G24,WPS!$D$1:$AL$995,30,0)) -> (+) | AV24: =IF($G24="","",VLOOKUP($G24,WPS!$D$1:$AL$995,31,0)) -> (+) | AW24: =IF(AE24="SMAW Mixte UP HILL/ Down hill","SMAW :,With/Without SMAW : With",IF(AE24="SMAW UP HILL MONTANT","SMAW :With/Without SMAW : With",IF(AE24="GMAW FCAW","GMAW :With/Without FCAW : With",IF(AE24="GTAW","GTAW :With / Without",IF(AE24="GTAW SMAW","GTAW :With/Without SMAW : With",""))))) -> GMAW :With/Without FCAW : With | AX24: =IF($G24="","",VLOOKUP($G24,WPS!$D$1:$AL$995,15,0)) -> 50°C Min | AY24: =IF($G24="","",VLOOKUP($G24,WPS!$D$1:$AX$995,44,0)) -> ASME B31.3 édition 2020 | AZ24: =IFERROR(VLOOKUP(I24,Feuil1!$O$4:$P$34,2,0),"") -> 406.4 | BB24: =IFERROR(VLOOKUP(I24,Feuil1!$O$4:$P$32,2,0),"") -> 406.4 | BC24: =IF($G24="","",VLOOKUP($G24,WPS!$D$1:$AL$995,2,0)) -> D | BD24: =IF(M24='VT-PPL'!$Y$6,1,"") | BE24: =IF(BD24="","",COUNTIF(BD$2:$BD24,BD24)) | BF24: =IF(P24='RT-PPL'!$Q$6,1,"") | BG24: =IF(BF24="","",COUNTIF(BF$2:$BF24,BF24)) | BH24: =+IF(L24=HOMO!$K$4,1,"") | BI24: =IF(BH24="","",COUNTIF(BH$2:$BH24,BH24)) | BJ24: =IF(AND(K24="A",M24=Prog!$L$12),1,"") | BK24: =IF(BJ24="","",COUNTIF(BJ$2:$BJ24,BJ24)) | BL24: 23
A25: =F25&G25&I25 -> EL MOKHREFI FETHALLAH 1TFT-II-PL-0416 | B25: =IF($G25="","",VLOOKUP($G25,WPS!$D$1:$AN$995,35,0)) -> TFT II / TFT SUD GAZ FIELD DEVELOPMENT | C25: =IF($G25="","",VLOOKUP($G25,WPS!$D$1:$AN$995,33,0)) -> API 1104 | D25: =IF($G25="","",VLOOKUP($G25,WPS!$D$1:$AN$995,34,0)) -> API 1104 | E25: WR-038 | F25: EL MOKHREFI FETHALLAH 1 | G25: TFT-II-PL-04 | H25: API5L_X52 | I25: 16 | J25: 9.52 | K25: R | L25: 46243 | M25: VT-WQT-010 | Q25: 21063-G0-PPL-RFI-0108 | R25: 21063-G0-PPL-RFI-0108 | U25: =H25 -> API5L_X52 | V25: =IF($G25="","",VLOOKUP($G25,WPS!$D$1:$AL$995,17,0)) -> GMAW :With/Without Backing FCAW:Without Backing | W25: =IF($G25="","",VLOOKUP($G25,WPS!$D$1:$AL$995,25,0)) -> WF-5 | X25: =IF($G25="","",VLOOKUP($G25,WPS!$D$1:$AL$995,26,0)) -> WF-6e | Y25: =IF($G25="","",VLOOKUP($G25,WPS!$D$1:$AL$995,27,0)) -> A5.18 | Z25: =IF($G25="","",VLOOKUP($G25,WPS!$D$1:$AL$995,28,0)) -> A5.20 or A5.36 | AA25: =IF(AND(D25="API 1104",BB25<60.3),"Unlimited ",IF(AND(D25="API 1104",AND(BB25>=60.3,BB25<=323.85)),"≥ 2,3/8'' (60,3mm)",IF(AND(D25="API 1104",BB25>323.85),"> 12,750'' (323,9mm)",IF(AND(D25="ASME IX",BB25<60.3),CONCATENATE("≥ ",I24,"'' ","(",BB25,"mm)"),IF(AND(D25="ASME IX",BB25="60,3"),"≥ 1'' (25mm)",IF(AND(D25="ASME IX",AND(BB25>25,BB25<73)),"≥ 1'' (25mm)",IF(AND(D25="ASME IX",BB25>73),"> 2,7/8'' (73mm)",""))))))) -> > 12,750'' (323,9mm) | AB25: =IF(AND(D25="API 1104",BB25<60.3),"< 2,3/8'' 60,3mm",IF(AND(D25="API 1104",AND(BB25>=60.3,BB25<=323.85)),"≤ 12,750'' 323,9mm",IF(AND(D25="API 1104",BB25>323.85),"Unlimited",IF(AND(D25="ASME IX",BB25<25),"Unlimited",IF(AND(D25="ASME IX",AND(BB25>25,BB25<73)),"Unlimited",IF(AND(D25="ASME IX",BB25>73),"Unlimited","")))))) -> Unlimited | AC25: =IF(AND(D25="API 1104",J25<3.9)," SMAW <3,9 mm",IF(AND(D25="API 1104",AND(J25>=3.9,J25<19))," SMAW ≥ 3,9 mm",IF(AND(D25="API 1104",J25>=19),"SMAW >=19mm",IF(AND(D25="ASME IX",AE25="gtaw",J25<13),"GTAW ",IF(AND(D25="ASME IX",AE25="GTAW SMAW",J25<13),"GTAW ≤ 8 mm",IF(AND(D25="ASME IX",AE25="GmAW fcAW",J25<13),"GMAW ≤ 8 mm",IF(AND(D25="ASME IX",AE25="gtaw",J25>=13),CONCATENATE("≤ ",J25*2," mm"),IF(AND(D25="ASME IX",J25>=13,AE25="GTAW SMAW"),"GTAW ≤ 8mm",IF(AND(D25="ASME IX",J25>=13,AE25="GmAW fcAW"),"GMAW ≤ 8mm",""))))))))) -> SMAW ≥ 3,9 mm | AD25: =IF(AND(D25="API 1104",AE25="SMAW Mixte UP HILL/ Down hill",J25<3.9),CONCATENATE("≤ ",MAX(1.5*J25,3.9),"mm"),IF(AND(D25="API 1104",AE25="SMAW UP HILL MONTANT",J25<3.9),CONCATENATE("≤ ",MAX(1.5*J25,3.9),"mm"),IF(AND(D25="API 1104",AND(J25>=3.9,J25<19.05)),CONCATENATE("≤ ",MAX(1.5*J25,19.05),"mm"),IF(AND(D25="API 1104",J25>=19.05),"ALL",IF(AND(D25="ASME IX",AE25="SMAW UP HILL MONTANT",J25<17),CONCATENATE("≤ ",((J25)*2)," mm"),IF(AND(D25="ASME IX",J25>=17),CONCATENATE("Unlimited"),IF(AND(D25="ASME IX",AE25="SMAW Mixte UP HILL/ Down hill",J25<17),CONCATENATE("≤ ",((J25)*2)," mm"),IF(AND(D25="ASME IX",J25>=17),CONCATENATE(" SMAW Unlimited"),IF(AND(D25="ASME IX",AE25="GTAW",J25<=17),CONCATENATE( "≤ ",J25*2," mm"),IF(AND(D25="ASME IX",AE25="GTAW SMAW",J25<=17),CONCATENATE("SMAW ≤ ",((J25-4)*2)," mm"),IF(AND(D25="ASME IX",J25>=17,AE25="GTAW SMAW"),"SMAW Unlimited ",IF(AND(D25="ASME IX",AE25="GMAW FCAW",J25<=17),CONCATENATE("FCAW ≤ ",((J25-4)*2)," mm"),IF(AND(D25="ASME IX",J25>=17,AE25="GmAW fcAW"),"FCAW Unlimited ",""))))))))))))) -> ≤ 19,05mm | AE25: =IF(G25="","",VLOOKUP(G25,WPS!$D$1:$AH$4735,3,0)) -> GMAW FCAW | AF25: =IF(AND($G25<>"",$D25="API 1104"),U25,IF(AND($G25<>"",$D25="ASME IX"),VLOOKUP($G25,WPS!$D$1:$AZ$995,42,0),"")) -> API5L_X52 | AG25: =IF(G25="","",VLOOKUP(G25,WPS!$D$1:$AH$4735,2,0)) -> D | AH25: =IF(AE25="SMAW Mixte UP HILL/ Down hill","5G",IF(AE25="SMAW UP HILL MONTANT","5G",IF(AE25="SMAW Downhill","5G",IF(AE25="GMAW FCAW","1G",IF(AE25="GTAW","6G",IF(AE25="GTAW SMAW","6G","")))))) -> 1G | AI25: =IF(AE25="SMAW Mixte UP HILL/ Down hill","Manuel",IF(AE25="SMAW UP HILL MONTANT","Manuel",IF(AE25="GMAW FCAW","semi auto",IF(AE25="GTAW","Manuel",IF(AE25="GTAW SMAW","Manuel",IF(AE25="SMAW Downhill","Manuel","")))))) -> semi auto | AJ25: PIPE | AK25: =IF(AE25="SMAW Mixte UP HILL/ Down hill","UP HILL/ Down hill Montant+Descendant",IF(AE25="SMAW UP HILL MONTANT","UP HILL Montant",IF(AE25="GMAW FCAW","Rotation",IF(AE25="GTAW","UP HILL Montant",IF(AE25="SMAW Downhill","SMAW Downhill",IF(AE25="GTAW SMAW","UP HILL Montant","")))))) -> Rotation | AL25: =IF($G25="","",VLOOKUP($G25,WPS!$D$1:$AL$995,18,0)) -> 100%CO2(Root & Hot P) 80%Ar+20%Co2(F&C) | AM25: =IF($G25="","",VLOOKUP($G25,WPS!$D$1:$AL$995,19,0)) -> Grp F N°5 | AN25: =IF($G25="","",VLOOKUP($G25,WPS!$D$1:$AL$995,20,0)) -> Grp F N°7 | AO25: =IF($G25="","",VLOOKUP($G25,WPS!$D$1:$AL$995,21,0)) -> A5.18 | AP25: =IF($G25="","",VLOOKUP($G25,WPS!$D$1:$AL$995,22,0)) -> A5.20 | AQ25: =IF($G25="","",VLOOKUP($G25,WPS!$D$1:$AL$995,23,0)) -> ER 70 S-6 | AR25: =IF($G25="","",VLOOKUP($G25,WPS!$D$1:$AL$995,24,0)) -> E 71 T1 C | AS25: =IF(AH25="1G","F",IF(AH25="5G","V-H-O",IF(AH25="6G","ALL",""))) -> F | AT25: =IF($G25="","",VLOOKUP($G25,WPS!$D$1:$AL$995,29,0)) -> DC | AU25: =IF($G25="","",VLOOKUP($G25,WPS!$D$1:$AL$995,30,0)) -> (+) | AV25: =IF($G25="","",VLOOKUP($G25,WPS!$D$1:$AL$995,31,0)) -> (+) | AW25: =IF(AE25="SMAW Mixte UP HILL/ Down hill","SMAW :,With/Without SMAW : With",IF(AE25="SMAW UP HILL MONTANT","SMAW :With/Without SMAW : With",IF(AE25="GMAW FCAW","GMAW :With/Without FCAW : With",IF(AE25="GTAW","GTAW :With / Without",IF(AE25="GTAW SMAW","GTAW :With/Without SMAW : With",""))))) -> GMAW :With/Without FCAW : With | AX25: =IF($G25="","",VLOOKUP($G25,WPS!$D$1:$AL$995,15,0)) -> 50°C Min | AY25: =IF($G25="","",VLOOKUP($G25,WPS!$D$1:$AX$995,44,0)) -> ASME B31.3 édition 2020 | AZ25: =IFERROR(VLOOKUP(I25,Feuil1!$O$4:$P$34,2,0),"") -> 406.4 | BB25: =IFERROR(VLOOKUP(I25,Feuil1!$O$4:$P$32,2,0),"") -> 406.4 | BC25: =IF($G25="","",VLOOKUP($G25,WPS!$D$1:$AL$995,2,0)) -> D | BD25: =IF(M25='VT-PPL'!$Y$6,1,"") | BE25: =IF(BD25="","",COUNTIF(BD$2:$BD25,BD25)) | BF25: =IF(P25='RT-PPL'!$Q$6,1,"") | BG25: =IF(BF25="","",COUNTIF(BF$2:$BF25,BF25)) | BH25: =+IF(L25=HOMO!$K$4,1,"") | BI25: =IF(BH25="","",COUNTIF(BH$2:$BH25,BH25)) | BJ25: =IF(AND(K25="A",M25=Prog!$L$12),1,"") | BK25: =IF(BJ25="","",COUNTIF(BJ$2:$BJ25,BJ25)) | BL25: 24
A26: =F26&G26&I26 -> RACHEDI ABDELAH 01TFT-II-PL-0416 | B26: =IF($G26="","",VLOOKUP($G26,WPS!$D$1:$AN$995,35,0)) -> TFT II / TFT SUD GAZ FIELD DEVELOPMENT | C26: =IF($G26="","",VLOOKUP($G26,WPS!$D$1:$AN$995,33,0)) -> API 1104 | D26: =IF($G26="","",VLOOKUP($G26,WPS!$D$1:$AN$995,34,0)) -> API 1104 | E26: WR-039 | F26: RACHEDI ABDELAH 01 | G26: TFT-II-PL-04 | H26: API5L_X52 | I26: 16 | J26: 9.52 | K26: R | L26: 46243 | M26: VT-WQT-010 | Q26: 21063-G0-PPL-RFI-0108 | R26: 21063-G0-PPL-RFI-0108 | U26: =H26 -> API5L_X52 | V26: =IF($G26="","",VLOOKUP($G26,WPS!$D$1:$AL$995,17,0)) -> GMAW :With/Without Backing FCAW:Without Backing | W26: =IF($G26="","",VLOOKUP($G26,WPS!$D$1:$AL$995,25,0)) -> WF-5 | X26: =IF($G26="","",VLOOKUP($G26,WPS!$D$1:$AL$995,26,0)) -> WF-6e | Y26: =IF($G26="","",VLOOKUP($G26,WPS!$D$1:$AL$995,27,0)) -> A5.18 | Z26: =IF($G26="","",VLOOKUP($G26,WPS!$D$1:$AL$995,28,0)) -> A5.20 or A5.36 | AA26: =IF(AND(D26="API 1104",BB26<60.3),"Unlimited ",IF(AND(D26="API 1104",AND(BB26>=60.3,BB26<=323.85)),"≥ 2,3/8'' (60,3mm)",IF(AND(D26="API 1104",BB26>323.85),"> 12,750'' (323,9mm)",IF(AND(D26="ASME IX",BB26<60.3),CONCATENATE("≥ ",I25,"'' ","(",BB26,"mm)"),IF(AND(D26="ASME IX",BB26="60,3"),"≥ 1'' (25mm)",IF(AND(D26="ASME IX",AND(BB26>25,BB26<73)),"≥ 1'' (25mm)",IF(AND(D26="ASME IX",BB26>73),"> 2,7/8'' (73mm)",""))))))) -> > 12,750'' (323,9mm) | AB26: =IF(AND(D26="API 1104",BB26<60.3),"< 2,3/8'' 60,3mm",IF(AND(D26="API 1104",AND(BB26>=60.3,BB26<=323.85)),"≤ 12,750'' 323,9mm",IF(AND(D26="API 1104",BB26>323.85),"Unlimited",IF(AND(D26="ASME IX",BB26<25),"Unlimited",IF(AND(D26="ASME IX",AND(BB26>25,BB26<73)),"Unlimited",IF(AND(D26="ASME IX",BB26>73),"Unlimited","")))))) -> Unlimited | AC26: =IF(AND(D26="API 1104",J26<3.9)," SMAW <3,9 mm",IF(AND(D26="API 1104",AND(J26>=3.9,J26<19))," SMAW ≥ 3,9 mm",IF(AND(D26="API 1104",J26>=19),"SMAW >=19mm",IF(AND(D26="ASME IX",AE26="gtaw",J26<13),"GTAW ",IF(AND(D26="ASME IX",AE26="GTAW SMAW",J26<13),"GTAW ≤ 8 mm",IF(AND(D26="ASME IX",AE26="GmAW fcAW",J26<13),"GMAW ≤ 8 mm",IF(AND(D26="ASME IX",AE26="gtaw",J26>=13),CONCATENATE("≤ ",J26*2," mm"),IF(AND(D26="ASME IX",J26>=13,AE26="GTAW SMAW"),"GTAW ≤ 8mm",IF(AND(D26="ASME IX",J26>=13,AE26="GmAW fcAW"),"GMAW ≤ 8mm",""))))))))) -> SMAW ≥ 3,9 mm | AD26: =IF(AND(D26="API 1104",AE26="SMAW Mixte UP HILL/ Down hill",J26<3.9),CONCATENATE("≤ ",MAX(1.5*J26,3.9),"mm"),IF(AND(D26="API 1104",AE26="SMAW UP HILL MONTANT",J26<3.9),CONCATENATE("≤ ",MAX(1.5*J26,3.9),"mm"),IF(AND(D26="API 1104",AND(J26>=3.9,J26<19.05)),CONCATENATE("≤ ",MAX(1.5*J26,19.05),"mm"),IF(AND(D26="API 1104",J26>=19.05),"ALL",IF(AND(D26="ASME IX",AE26="SMAW UP HILL MONTANT",J26<17),CONCATENATE("≤ ",((J26)*2)," mm"),IF(AND(D26="ASME IX",J26>=17),CONCATENATE("Unlimited"),IF(AND(D26="ASME IX",AE26="SMAW Mixte UP HILL/ Down hill",J26<17),CONCATENATE("≤ ",((J26)*2)," mm"),IF(AND(D26="ASME IX",J26>=17),CONCATENATE(" SMAW Unlimited"),IF(AND(D26="ASME IX",AE26="GTAW",J26<=17),CONCATENATE( "≤ ",J26*2," mm"),IF(AND(D26="ASME IX",AE26="GTAW SMAW",J26<=17),CONCATENATE("SMAW ≤ ",((J26-4)*2)," mm"),IF(AND(D26="ASME IX",J26>=17,AE26="GTAW SMAW"),"SMAW Unlimited ",IF(AND(D26="ASME IX",AE26="GMAW FCAW",J26<=17),CONCATENATE("FCAW ≤ ",((J26-4)*2)," mm"),IF(AND(D26="ASME IX",J26>=17,AE26="GmAW fcAW"),"FCAW Unlimited ",""))))))))))))) -> ≤ 19,05mm | AE26: =IF(G26="","",VLOOKUP(G26,WPS!$D$1:$AH$4735,3,0)) -> GMAW FCAW | AF26: =IF(AND($G26<>"",$D26="API 1104"),U26,IF(AND($G26<>"",$D26="ASME IX"),VLOOKUP($G26,WPS!$D$1:$AZ$995,42,0),"")) -> API5L_X52 | AG26: =IF(G26="","",VLOOKUP(G26,WPS!$D$1:$AH$4735,2,0)) -> D | AH26: =IF(AE26="SMAW Mixte UP HILL/ Down hill","5G",IF(AE26="SMAW UP HILL MONTANT","5G",IF(AE26="SMAW Downhill","5G",IF(AE26="GMAW FCAW","1G",IF(AE26="GTAW","6G",IF(AE26="GTAW SMAW","6G","")))))) -> 1G | AI26: =IF(AE26="SMAW Mixte UP HILL/ Down hill","Manuel",IF(AE26="SMAW UP HILL MONTANT","Manuel",IF(AE26="GMAW FCAW","semi auto",IF(AE26="GTAW","Manuel",IF(AE26="GTAW SMAW","Manuel",IF(AE26="SMAW Downhill","Manuel","")))))) -> semi auto | AJ26: PIPE | AK26: =IF(AE26="SMAW Mixte UP HILL/ Down hill","UP HILL/ Down hill Montant+Descendant",IF(AE26="SMAW UP HILL MONTANT","UP HILL Montant",IF(AE26="GMAW FCAW","Rotation",IF(AE26="GTAW","UP HILL Montant",IF(AE26="SMAW Downhill","SMAW Downhill",IF(AE26="GTAW SMAW","UP HILL Montant","")))))) -> Rotation | AL26: =IF($G26="","",VLOOKUP($G26,WPS!$D$1:$AL$995,18,0)) -> 100%CO2(Root & Hot P) 80%Ar+20%Co2(F&C) | AM26: =IF($G26="","",VLOOKUP($G26,WPS!$D$1:$AL$995,19,0)) -> Grp F N°5 | AN26: =IF($G26="","",VLOOKUP($G26,WPS!$D$1:$AL$995,20,0)) -> Grp F N°7 | AO26: =IF($G26="","",VLOOKUP($G26,WPS!$D$1:$AL$995,21,0)) -> A5.18 | AP26: =IF($G26="","",VLOOKUP($G26,WPS!$D$1:$AL$995,22,0)) -> A5.20 | AQ26: =IF($G26="","",VLOOKUP($G26,WPS!$D$1:$AL$995,23,0)) -> ER 70 S-6 | AR26: =IF($G26="","",VLOOKUP($G26,WPS!$D$1:$AL$995,24,0)) -> E 71 T1 C | AS26: =IF(AH26="1G","F",IF(AH26="5G","V-H-O",IF(AH26="6G","ALL",""))) -> F | AT26: =IF($G26="","",VLOOKUP($G26,WPS!$D$1:$AL$995,29,0)) -> DC | AU26: =IF($G26="","",VLOOKUP($G26,WPS!$D$1:$AL$995,30,0)) -> (+) | AV26: =IF($G26="","",VLOOKUP($G26,WPS!$D$1:$AL$995,31,0)) -> (+) | AW26: =IF(AE26="SMAW Mixte UP HILL/ Down hill","SMAW :,With/Without SMAW : With",IF(AE26="SMAW UP HILL MONTANT","SMAW :With/Without SMAW : With",IF(AE26="GMAW FCAW","GMAW :With/Without FCAW : With",IF(AE26="GTAW","GTAW :With / Without",IF(AE26="GTAW SMAW","GTAW :With/Without SMAW : With",""))))) -> GMAW :With/Without FCAW : With | AX26: =IF($G26="","",VLOOKUP($G26,WPS!$D$1:$AL$995,15,0)) -> 50°C Min | AY26: =IF($G26="","",VLOOKUP($G26,WPS!$D$1:$AX$995,44,0)) -> ASME B31.3 édition 2020 | AZ26: =IFERROR(VLOOKUP(I26,Feuil1!$O$4:$P$34,2,0),"") -> 406.4 | BB26: =IFERROR(VLOOKUP(I26,Feuil1!$O$4:$P$32,2,0),"") -> 406.4 | BC26: =IF($G26="","",VLOOKUP($G26,WPS!$D$1:$AL$995,2,0)) -> D | BD26: =IF(M26='VT-PPL'!$Y$6,1,"") | BE26: =IF(BD26="","",COUNTIF(BD$2:$BD26,BD26)) | BF26: =IF(P26='RT-PPL'!$Q$6,1,"") | BG26: =IF(BF26="","",COUNTIF(BF$2:$BF26,BF26)) | BH26: =+IF(L26=HOMO!$K$4,1,"") | BI26: =IF(BH26="","",COUNTIF(BH$2:$BH26,BH26)) | BJ26: =IF(AND(K26="A",M26=Prog!$L$12),1,"") | BK26: =IF(BJ26="","",COUNTIF(BJ$2:$BJ26,BJ26)) | BL26: 25
A27: =F27&G27&I27 -> AMMERI MOHAMEDTFT-II-PL-0316 | B27: =IF($G27="","",VLOOKUP($G27,WPS!$D$1:$AN$995,35,0)) -> TFT II / TFT SUD GAZ FIELD DEVELOPMENT | C27: =IF($G27="","",VLOOKUP($G27,WPS!$D$1:$AN$995,33,0)) -> API 1104 | D27: =IF($G27="","",VLOOKUP($G27,WPS!$D$1:$AN$995,34,0)) -> API 1104 | E27: WR-030 | F27: AMMERI MOHAMED | G27: TFT-II-PL-03 | H27: API5L_X52 | I27: 16 | J27: 9.52 | K27: A | L27: 46245 | M27: VT-WQT-011 | N27: A | O27: 46246 | P27: RT-WQT-011 | Q27: 21063-G0-PPL-RFI-0109 | R27: 21063-G0-PPL-RFI-0109 | S27: WQT-020 | T27: 46246 | U27: =H27 -> API5L_X52 | V27: =IF($G27="","",VLOOKUP($G27,WPS!$D$1:$AL$995,17,0)) -> SMAW :With/Without Backing | W27: =IF($G27="","",VLOOKUP($G27,WPS!$D$1:$AL$995,25,0)) -> WF-1b | X27: =IF($G27="","",VLOOKUP($G27,WPS!$D$1:$AL$995,26,0)) -> WF-1b | Y27: =IF($G27="","",VLOOKUP($G27,WPS!$D$1:$AL$995,27,0)) -> A5.1or A5.5 | Z27: =IF($G27="","",VLOOKUP($G27,WPS!$D$1:$AL$995,28,0)) -> A5.1or A5.5 | AA27: =IF(AND(D27="API 1104",BB27<60.3),"Unlimited ",IF(AND(D27="API 1104",AND(BB27>=60.3,BB27<=323.85)),"≥ 2,3/8'' (60,3mm)",IF(AND(D27="API 1104",BB27>323.85),"> 12,750'' (323,9mm)",IF(AND(D27="ASME IX",BB27<60.3),CONCATENATE("≥ ",I26,"'' ","(",BB27,"mm)"),IF(AND(D27="ASME IX",BB27="60,3"),"≥ 1'' (25mm)",IF(AND(D27="ASME IX",AND(BB27>25,BB27<73)),"≥ 1'' (25mm)",IF(AND(D27="ASME IX",BB27>73),"> 2,7/8'' (73mm)",""))))))) -> > 12,750'' (323,9mm) | AB27: =IF(AND(D27="API 1104",BB27<60.3),"< 2,3/8'' 60,3mm",IF(AND(D27="API 1104",AND(BB27>=60.3,BB27<=323.85)),"≤ 12,750'' 323,9mm",IF(AND(D27="API 1104",BB27>323.85),"Unlimited",IF(AND(D27="ASME IX",BB27<25),"Unlimited",IF(AND(D27="ASME IX",AND(BB27>25,BB27<73)),"Unlimited",IF(AND(D27="ASME IX",BB27>73),"Unlimited","")))))) -> Unlimited | AC27: =IF(AND(D27="API 1104",J27<3.9)," SMAW <3,9 mm",IF(AND(D27="API 1104",AND(J27>=3.9,J27<19))," SMAW ≥ 3,9 mm",IF(AND(D27="API 1104",J27>=19),"SMAW >=19mm",IF(AND(D27="ASME IX",AE27="gtaw",J27<13),"GTAW ",IF(AND(D27="ASME IX",AE27="GTAW SMAW",J27<13),"GTAW ≤ 8 mm",IF(AND(D27="ASME IX",AE27="GmAW fcAW",J27<13),"GMAW ≤ 8 mm",IF(AND(D27="ASME IX",AE27="gtaw",J27>=13),CONCATENATE("≤ ",J27*2," mm"),IF(AND(D27="ASME IX",J27>=13,AE27="GTAW SMAW"),"GTAW ≤ 8mm",IF(AND(D27="ASME IX",J27>=13,AE27="GmAW fcAW"),"GMAW ≤ 8mm",""))))))))) -> SMAW ≥ 3,9 mm | AD27: =IF(AND(D27="API 1104",AE27="SMAW Mixte UP HILL/ Down hill",J27<3.9),CONCATENATE("≤ ",MAX(1.5*J27,3.9),"mm"),IF(AND(D27="API 1104",AE27="SMAW UP HILL MONTANT",J27<3.9),CONCATENATE("≤ ",MAX(1.5*J27,3.9),"mm"),IF(AND(D27="API 1104",AND(J27>=3.9,J27<19.05)),CONCATENATE("≤ ",MAX(1.5*J27,19.05),"mm"),IF(AND(D27="API 1104",J27>=19.05),"ALL",IF(AND(D27="ASME IX",AE27="SMAW UP HILL MONTANT",J27<17),CONCATENATE("≤ ",((J27)*2)," mm"),IF(AND(D27="ASME IX",J27>=17),CONCATENATE("Unlimited"),IF(AND(D27="ASME IX",AE27="SMAW Mixte UP HILL/ Down hill",J27<17),CONCATENATE("≤ ",((J27)*2)," mm"),IF(AND(D27="ASME IX",J27>=17),CONCATENATE(" SMAW Unlimited"),IF(AND(D27="ASME IX",AE27="GTAW",J27<=17),CONCATENATE( "≤ ",J27*2," mm"),IF(AND(D27="ASME IX",AE27="GTAW SMAW",J27<=17),CONCATENATE("SMAW ≤ ",((J27-4)*2)," mm"),IF(AND(D27="ASME IX",J27>=17,AE27="GTAW SMAW"),"SMAW Unlimited ",IF(AND(D27="ASME IX",AE27="GMAW FCAW",J27<=17),CONCATENATE("FCAW ≤ ",((J27-4)*2)," mm"),IF(AND(D27="ASME IX",J27>=17,AE27="GmAW fcAW"),"FCAW Unlimited ",""))))))))))))) -> ≤ 19,05mm | AE27: =IF(G27="","",VLOOKUP(G27,WPS!$D$1:$AH$4735,3,0)) -> SMAW Mixte UP HILL/ Down hill | AF27: =IF(AND($G27<>"",$D27="API 1104"),U27,IF(AND($G27<>"",$D27="ASME IX"),VLOOKUP($G27,WPS!$D$1:$AZ$995,42,0),"")) -> API5L_X52 | AG27: =IF(G27="","",VLOOKUP(G27,WPS!$D$1:$AH$4735,2,0)) -> D | AH27: =IF(AE27="SMAW Mixte UP HILL/ Down hill","5G",IF(AE27="SMAW UP HILL MONTANT","5G",IF(AE27="SMAW Downhill","5G",IF(AE27="GMAW FCAW","1G",IF(AE27="GTAW","6G",IF(AE27="GTAW SMAW","6G","")))))) -> 5G | AI27: =IF(AE27="SMAW Mixte UP HILL/ Down hill","Manuel",IF(AE27="SMAW UP HILL MONTANT","Manuel",IF(AE27="GMAW FCAW","semi auto",IF(AE27="GTAW","Manuel",IF(AE27="GTAW SMAW","Manuel",IF(AE27="SMAW Downhill","Manuel","")))))) -> Manuel | AJ27: PIPE | AK27: =IF(AE27="SMAW Mixte UP HILL/ Down hill","UP HILL/ Down hill Montant+Descendant",IF(AE27="SMAW UP HILL MONTANT","UP HILL Montant",IF(AE27="GMAW FCAW","Rotation",IF(AE27="GTAW","UP HILL Montant",IF(AE27="SMAW Downhill","SMAW Downhill",IF(AE27="GTAW SMAW","UP HILL Montant","")))))) -> UP HILL/ Down hill Montant+Descendant | AL27: =IF($G27="","",VLOOKUP($G27,WPS!$D$1:$AL$995,18,0)) -> N/A | AM27: =IF($G27="","",VLOOKUP($G27,WPS!$D$1:$AL$995,19,0)) -> Grp F N°1 | AN27: =IF($G27="","",VLOOKUP($G27,WPS!$D$1:$AL$995,20,0)) -> Grp F N°1 | AO27: =IF($G27="","",VLOOKUP($G27,WPS!$D$1:$AL$995,21,0)) -> A5.1 | AP27: =IF($G27="","",VLOOKUP($G27,WPS!$D$1:$AL$995,22,0)) -> A5.5 | AQ27: =IF($G27="","",VLOOKUP($G27,WPS!$D$1:$AL$995,23,0)) -> E 6010 | AR27: =IF($G27="","",VLOOKUP($G27,WPS!$D$1:$AL$995,24,0)) -> E 7010-P1 | AS27: =IF(AH27="1G","F",IF(AH27="5G","V-H-O",IF(AH27="6G","ALL",""))) -> V-H-O | AT27: =IF($G27="","",VLOOKUP($G27,WPS!$D$1:$AL$995,29,0)) -> DC | AU27: =IF($G27="","",VLOOKUP($G27,WPS!$D$1:$AL$995,30,0)) -> (+) | AV27: =IF($G27="","",VLOOKUP($G27,WPS!$D$1:$AL$995,31,0)) -> (+) | AW27: =IF(AE27="SMAW Mixte UP HILL/ Down hill","SMAW :,With/Without SMAW : With",IF(AE27="SMAW UP HILL MONTANT","SMAW :With/Without SMAW : With",IF(AE27="GMAW FCAW","GMAW :With/Without FCAW : With",IF(AE27="GTAW","GTAW :With / Without",IF(AE27="GTAW SMAW","GTAW :With/Without SMAW : With",""))))) -> SMAW :,With/Without SMAW : With | AX27: =IF($G27="","",VLOOKUP($G27,WPS!$D$1:$AL$995,15,0)) -> 50°C Min | AY27: =IF($G27="","",VLOOKUP($G27,WPS!$D$1:$AX$995,44,0)) -> ASME B31.3 édition 2020 | AZ27: =IFERROR(VLOOKUP(I27,Feuil1!$O$4:$P$34,2,0),"") -> 406.4 | BB27: =IFERROR(VLOOKUP(I27,Feuil1!$O$4:$P$32,2,0),"") -> 406.4 | BC27: =IF($G27="","",VLOOKUP($G27,WPS!$D$1:$AL$995,2,0)) -> D | BD27: =IF(M27='VT-PPL'!$Y$6,1,"") | BE27: =IF(BD27="","",COUNTIF(BD$2:$BD27,BD27)) | BF27: =IF(P27='RT-PPL'!$Q$6,1,"") | BG27: =IF(BF27="","",COUNTIF(BF$2:$BF27,BF27)) | BH27: =+IF(L27=HOMO!$K$4,1,"") | BI27: =IF(BH27="","",COUNTIF(BH$2:$BH27,BH27)) | BJ27: =IF(AND(K27="A",M27=Prog!$L$12),1,"") | BK27: =IF(BJ27="","",COUNTIF(BJ$2:$BJ27,BJ27)) | BL27: 26
A28: =F28&G28&I28 -> BEN MAISA MOHAMED 1TFT-II-PL-0316 | B28: =IF($G28="","",VLOOKUP($G28,WPS!$D$1:$AN$995,35,0)) -> TFT II / TFT SUD GAZ FIELD DEVELOPMENT | C28: =IF($G28="","",VLOOKUP($G28,WPS!$D$1:$AN$995,33,0)) -> API 1104 | D28: =IF($G28="","",VLOOKUP($G28,WPS!$D$1:$AN$995,34,0)) -> API 1104 | E28: WR-036 | F28: BEN MAISA MOHAMED 1 | G28: TFT-II-PL-03 | H28: API5L_X52 | I28: 16 | J28: 9.52 | K28: A | L28: 46245 | M28: VT-WQT-011 | N28: R | O28: 46246 | P28: RT-WQT-011 | Q28: 21063-G0-PPL-RFI-0109 | R28: 21063-G0-PPL-RFI-0109 | U28: =H28 -> API5L_X52 | V28: =IF($G28="","",VLOOKUP($G28,WPS!$D$1:$AL$995,17,0)) -> SMAW :With/Without Backing | W28: =IF($G28="","",VLOOKUP($G28,WPS!$D$1:$AL$995,25,0)) -> WF-1b | X28: =IF($G28="","",VLOOKUP($G28,WPS!$D$1:$AL$995,26,0)) -> WF-1b | Y28: =IF($G28="","",VLOOKUP($G28,WPS!$D$1:$AL$995,27,0)) -> A5.1or A5.5 | Z28: =IF($G28="","",VLOOKUP($G28,WPS!$D$1:$AL$995,28,0)) -> A5.1or A5.5 | AA28: =IF(AND(D28="API 1104",BB28<60.3),"Unlimited ",IF(AND(D28="API 1104",AND(BB28>=60.3,BB28<=323.85)),"≥ 2,3/8'' (60,3mm)",IF(AND(D28="API 1104",BB28>323.85),"> 12,750'' (323,9mm)",IF(AND(D28="ASME IX",BB28<60.3),CONCATENATE("≥ ",I27,"'' ","(",BB28,"mm)"),IF(AND(D28="ASME IX",BB28="60,3"),"≥ 1'' (25mm)",IF(AND(D28="ASME IX",AND(BB28>25,BB28<73)),"≥ 1'' (25mm)",IF(AND(D28="ASME IX",BB28>73),"> 2,7/8'' (73mm)",""))))))) -> > 12,750'' (323,9mm) | AB28: =IF(AND(D28="API 1104",BB28<60.3),"< 2,3/8'' 60,3mm",IF(AND(D28="API 1104",AND(BB28>=60.3,BB28<=323.85)),"≤ 12,750'' 323,9mm",IF(AND(D28="API 1104",BB28>323.85),"Unlimited",IF(AND(D28="ASME IX",BB28<25),"Unlimited",IF(AND(D28="ASME IX",AND(BB28>25,BB28<73)),"Unlimited",IF(AND(D28="ASME IX",BB28>73),"Unlimited","")))))) -> Unlimited | AC28: =IF(AND(D28="API 1104",J28<3.9)," SMAW <3,9 mm",IF(AND(D28="API 1104",AND(J28>=3.9,J28<19))," SMAW ≥ 3,9 mm",IF(AND(D28="API 1104",J28>=19),"SMAW >=19mm",IF(AND(D28="ASME IX",AE28="gtaw",J28<13),"GTAW ",IF(AND(D28="ASME IX",AE28="GTAW SMAW",J28<13),"GTAW ≤ 8 mm",IF(AND(D28="ASME IX",AE28="GmAW fcAW",J28<13),"GMAW ≤ 8 mm",IF(AND(D28="ASME IX",AE28="gtaw",J28>=13),CONCATENATE("≤ ",J28*2," mm"),IF(AND(D28="ASME IX",J28>=13,AE28="GTAW SMAW"),"GTAW ≤ 8mm",IF(AND(D28="ASME IX",J28>=13,AE28="GmAW fcAW"),"GMAW ≤ 8mm",""))))))))) -> SMAW ≥ 3,9 mm | AD28: =IF(AND(D28="API 1104",AE28="SMAW Mixte UP HILL/ Down hill",J28<3.9),CONCATENATE("≤ ",MAX(1.5*J28,3.9),"mm"),IF(AND(D28="API 1104",AE28="SMAW UP HILL MONTANT",J28<3.9),CONCATENATE("≤ ",MAX(1.5*J28,3.9),"mm"),IF(AND(D28="API 1104",AND(J28>=3.9,J28<19.05)),CONCATENATE("≤ ",MAX(1.5*J28,19.05),"mm"),IF(AND(D28="API 1104",J28>=19.05),"ALL",IF(AND(D28="ASME IX",AE28="SMAW UP HILL MONTANT",J28<17),CONCATENATE("≤ ",((J28)*2)," mm"),IF(AND(D28="ASME IX",J28>=17),CONCATENATE("Unlimited"),IF(AND(D28="ASME IX",AE28="SMAW Mixte UP HILL/ Down hill",J28<17),CONCATENATE("≤ ",((J28)*2)," mm"),IF(AND(D28="ASME IX",J28>=17),CONCATENATE(" SMAW Unlimited"),IF(AND(D28="ASME IX",AE28="GTAW",J28<=17),CONCATENATE( "≤ ",J28*2," mm"),IF(AND(D28="ASME IX",AE28="GTAW SMAW",J28<=17),CONCATENATE("SMAW ≤ ",((J28-4)*2)," mm"),IF(AND(D28="ASME IX",J28>=17,AE28="GTAW SMAW"),"SMAW Unlimited ",IF(AND(D28="ASME IX",AE28="GMAW FCAW",J28<=17),CONCATENATE("FCAW ≤ ",((J28-4)*2)," mm"),IF(AND(D28="ASME IX",J28>=17,AE28="GmAW fcAW"),"FCAW Unlimited ",""))))))))))))) -> ≤ 19,05mm | AE28: =IF(G28="","",VLOOKUP(G28,WPS!$D$1:$AH$4735,3,0)) -> SMAW Mixte UP HILL/ Down hill | AF28: =IF(AND($G28<>"",$D28="API 1104"),U28,IF(AND($G28<>"",$D28="ASME IX"),VLOOKUP($G28,WPS!$D$1:$AZ$995,42,0),"")) -> API5L_X52 | AG28: =IF(G28="","",VLOOKUP(G28,WPS!$D$1:$AH$4735,2,0)) -> D | AH28: =IF(AE28="SMAW Mixte UP HILL/ Down hill","5G",IF(AE28="SMAW UP HILL MONTANT","5G",IF(AE28="SMAW Downhill","5G",IF(AE28="GMAW FCAW","1G",IF(AE28="GTAW","6G",IF(AE28="GTAW SMAW","6G","")))))) -> 5G | AI28: =IF(AE28="SMAW Mixte UP HILL/ Down hill","Manuel",IF(AE28="SMAW UP HILL MONTANT","Manuel",IF(AE28="GMAW FCAW","semi auto",IF(AE28="GTAW","Manuel",IF(AE28="GTAW SMAW","Manuel",IF(AE28="SMAW Downhill","Manuel","")))))) -> Manuel | AJ28: PIPE | AK28: =IF(AE28="SMAW Mixte UP HILL/ Down hill","UP HILL/ Down hill Montant+Descendant",IF(AE28="SMAW UP HILL MONTANT","UP HILL Montant",IF(AE28="GMAW FCAW","Rotation",IF(AE28="GTAW","UP HILL Montant",IF(AE28="SMAW Downhill","SMAW Downhill",IF(AE28="GTAW SMAW","UP HILL Montant","")))))) -> UP HILL/ Down hill Montant+Descendant | AL28: =IF($G28="","",VLOOKUP($G28,WPS!$D$1:$AL$995,18,0)) -> N/A | AM28: =IF($G28="","",VLOOKUP($G28,WPS!$D$1:$AL$995,19,0)) -> Grp F N°1 | AN28: =IF($G28="","",VLOOKUP($G28,WPS!$D$1:$AL$995,20,0)) -> Grp F N°1 | AO28: =IF($G28="","",VLOOKUP($G28,WPS!$D$1:$AL$995,21,0)) -> A5.1 | AP28: =IF($G28="","",VLOOKUP($G28,WPS!$D$1:$AL$995,22,0)) -> A5.5 | AQ28: =IF($G28="","",VLOOKUP($G28,WPS!$D$1:$AL$995,23,0)) -> E 6010 | AR28: =IF($G28="","",VLOOKUP($G28,WPS!$D$1:$AL$995,24,0)) -> E 7010-P1 | AS28: =IF(AH28="1G","F",IF(AH28="5G","V-H-O",IF(AH28="6G","ALL",""))) -> V-H-O | AT28: =IF($G28="","",VLOOKUP($G28,WPS!$D$1:$AL$995,29,0)) -> DC | AU28: =IF($G28="","",VLOOKUP($G28,WPS!$D$1:$AL$995,30,0)) -> (+) | AV28: =IF($G28="","",VLOOKUP($G28,WPS!$D$1:$AL$995,31,0)) -> (+) | AW28: =IF(AE28="SMAW Mixte UP HILL/ Down hill","SMAW :,With/Without SMAW : With",IF(AE28="SMAW UP HILL MONTANT","SMAW :With/Without SMAW : With",IF(AE28="GMAW FCAW","GMAW :With/Without FCAW : With",IF(AE28="GTAW","GTAW :With / Without",IF(AE28="GTAW SMAW","GTAW :With/Without SMAW : With",""))))) -> SMAW :,With/Without SMAW : With | AX28: =IF($G28="","",VLOOKUP($G28,WPS!$D$1:$AL$995,15,0)) -> 50°C Min | AY28: =IF($G28="","",VLOOKUP($G28,WPS!$D$1:$AX$995,44,0)) -> ASME B31.3 édition 2020 | AZ28: =IFERROR(VLOOKUP(I28,Feuil1!$O$4:$P$34,2,0),"") -> 406.4 | BB28: =IFERROR(VLOOKUP(I28,Feuil1!$O$4:$P$32,2,0),"") -> 406.4 | BC28: =IF($G28="","",VLOOKUP($G28,WPS!$D$1:$AL$995,2,0)) -> D | BD28: =IF(M28='VT-PPL'!$Y$6,1,"") | BE28: =IF(BD28="","",COUNTIF(BD$2:$BD28,BD28)) | BF28: =IF(P28='RT-PPL'!$Q$6,1,"") | BG28: =IF(BF28="","",COUNTIF(BF$2:$BF28,BF28)) | BH28: =+IF(L28=HOMO!$K$4,1,"") | BI28: =IF(BH28="","",COUNTIF(BH$2:$BH28,BH28)) | BJ28: =IF(AND(K28="A",M28=Prog!$L$12),1,"") | BK28: =IF(BJ28="","",COUNTIF(BJ$2:$BJ28,BJ28)) | BL28: 27
A29: =F29&G29&I29 -> EL MOKHREFI FETHALLAH 2TFT-II-PL-0416 | B29: =IF($G29="","",VLOOKUP($G29,WPS!$D$1:$AN$995,35,0)) -> TFT II / TFT SUD GAZ FIELD DEVELOPMENT | C29: =IF($G29="","",VLOOKUP($G29,WPS!$D$1:$AN$995,33,0)) -> API 1104 | D29: =IF($G29="","",VLOOKUP($G29,WPS!$D$1:$AN$995,34,0)) -> API 1104 | E29: WR-038 | F29: EL MOKHREFI FETHALLAH 2 | G29: TFT-II-PL-04 | H29: API5L_X52 | I29: 16 | J29: 9.52 | K29: A | L29: 46245 | M29: VT-WQT-011 | N29: R | O29: 46246 | P29: RT-WQT-011 | Q29: 21063-G0-PPL-RFI-0109 | R29: 21063-G0-PPL-RFI-0109 | U29: =H29 -> API5L_X52 | V29: =IF($G29="","",VLOOKUP($G29,WPS!$D$1:$AL$995,17,0)) -> GMAW :With/Without Backing FCAW:Without Backing | W29: =IF($G29="","",VLOOKUP($G29,WPS!$D$1:$AL$995,25,0)) -> WF-5 | X29: =IF($G29="","",VLOOKUP($G29,WPS!$D$1:$AL$995,26,0)) -> WF-6e | Y29: =IF($G29="","",VLOOKUP($G29,WPS!$D$1:$AL$995,27,0)) -> A5.18 | Z29: =IF($G29="","",VLOOKUP($G29,WPS!$D$1:$AL$995,28,0)) -> A5.20 or A5.36 | AA29: =IF(AND(D29="API 1104",BB29<60.3),"Unlimited ",IF(AND(D29="API 1104",AND(BB29>=60.3,BB29<=323.85)),"≥ 2,3/8'' (60,3mm)",IF(AND(D29="API 1104",BB29>323.85),"> 12,750'' (323,9mm)",IF(AND(D29="ASME IX",BB29<60.3),CONCATENATE("≥ ",I28,"'' ","(",BB29,"mm)"),IF(AND(D29="ASME IX",BB29="60,3"),"≥ 1'' (25mm)",IF(AND(D29="ASME IX",AND(BB29>25,BB29<73)),"≥ 1'' (25mm)",IF(AND(D29="ASME IX",BB29>73),"> 2,7/8'' (73mm)",""))))))) -> > 12,750'' (323,9mm) | AB29: =IF(AND(D29="API 1104",BB29<60.3),"< 2,3/8'' 60,3mm",IF(AND(D29="API 1104",AND(BB29>=60.3,BB29<=323.85)),"≤ 12,750'' 323,9mm",IF(AND(D29="API 1104",BB29>323.85),"Unlimited",IF(AND(D29="ASME IX",BB29<25),"Unlimited",IF(AND(D29="ASME IX",AND(BB29>25,BB29<73)),"Unlimited",IF(AND(D29="ASME IX",BB29>73),"Unlimited","")))))) -> Unlimited | AC29: =IF(AND(D29="API 1104",J29<3.9)," SMAW <3,9 mm",IF(AND(D29="API 1104",AND(J29>=3.9,J29<19))," SMAW ≥ 3,9 mm",IF(AND(D29="API 1104",J29>=19),"SMAW >=19mm",IF(AND(D29="ASME IX",AE29="gtaw",J29<13),"GTAW ",IF(AND(D29="ASME IX",AE29="GTAW SMAW",J29<13),"GTAW ≤ 8 mm",IF(AND(D29="ASME IX",AE29="GmAW fcAW",J29<13),"GMAW ≤ 8 mm",IF(AND(D29="ASME IX",AE29="gtaw",J29>=13),CONCATENATE("≤ ",J29*2," mm"),IF(AND(D29="ASME IX",J29>=13,AE29="GTAW SMAW"),"GTAW ≤ 8mm",IF(AND(D29="ASME IX",J29>=13,AE29="GmAW fcAW"),"GMAW ≤ 8mm",""))))))))) -> SMAW ≥ 3,9 mm | AD29: =IF(AND(D29="API 1104",AE29="SMAW Mixte UP HILL/ Down hill",J29<3.9),CONCATENATE("≤ ",MAX(1.5*J29,3.9),"mm"),IF(AND(D29="API 1104",AE29="SMAW UP HILL MONTANT",J29<3.9),CONCATENATE("≤ ",MAX(1.5*J29,3.9),"mm"),IF(AND(D29="API 1104",AND(J29>=3.9,J29<19.05)),CONCATENATE("≤ ",MAX(1.5*J29,19.05),"mm"),IF(AND(D29="API 1104",J29>=19.05),"ALL",IF(AND(D29="ASME IX",AE29="SMAW UP HILL MONTANT",J29<17),CONCATENATE("≤ ",((J29)*2)," mm"),IF(AND(D29="ASME IX",J29>=17),CONCATENATE("Unlimited"),IF(AND(D29="ASME IX",AE29="SMAW Mixte UP HILL/ Down hill",J29<17),CONCATENATE("≤ ",((J29)*2)," mm"),IF(AND(D29="ASME IX",J29>=17),CONCATENATE(" SMAW Unlimited"),IF(AND(D29="ASME IX",AE29="GTAW",J29<=17),CONCATENATE( "≤ ",J29*2," mm"),IF(AND(D29="ASME IX",AE29="GTAW SMAW",J29<=17),CONCATENATE("SMAW ≤ ",((J29-4)*2)," mm"),IF(AND(D29="ASME IX",J29>=17,AE29="GTAW SMAW"),"SMAW Unlimited ",IF(AND(D29="ASME IX",AE29="GMAW FCAW",J29<=17),CONCATENATE("FCAW ≤ ",((J29-4)*2)," mm"),IF(AND(D29="ASME IX",J29>=17,AE29="GmAW fcAW"),"FCAW Unlimited ",""))))))))))))) -> ≤ 19,05mm | AE29: =IF(G29="","",VLOOKUP(G29,WPS!$D$1:$AH$4735,3,0)) -> GMAW FCAW | AF29: =IF(AND($G29<>"",$D29="API 1104"),U29,IF(AND($G29<>"",$D29="ASME IX"),VLOOKUP($G29,WPS!$D$1:$AZ$995,42,0),"")) -> API5L_X52 | AG29: =IF(G29="","",VLOOKUP(G29,WPS!$D$1:$AH$4735,2,0)) -> D | AH29: =IF(AE29="SMAW Mixte UP HILL/ Down hill","5G",IF(AE29="SMAW UP HILL MONTANT","5G",IF(AE29="SMAW Downhill","5G",IF(AE29="GMAW FCAW","1G",IF(AE29="GTAW","6G",IF(AE29="GTAW SMAW","6G","")))))) -> 1G | AI29: =IF(AE29="SMAW Mixte UP HILL/ Down hill","Manuel",IF(AE29="SMAW UP HILL MONTANT","Manuel",IF(AE29="GMAW FCAW","semi auto",IF(AE29="GTAW","Manuel",IF(AE29="GTAW SMAW","Manuel",IF(AE29="SMAW Downhill","Manuel","")))))) -> semi auto | AJ29: PIPE | AK29: =IF(AE29="SMAW Mixte UP HILL/ Down hill","UP HILL/ Down hill Montant+Descendant",IF(AE29="SMAW UP HILL MONTANT","UP HILL Montant",IF(AE29="GMAW FCAW","Rotation",IF(AE29="GTAW","UP HILL Montant",IF(AE29="SMAW Downhill","SMAW Downhill",IF(AE29="GTAW SMAW","UP HILL Montant","")))))) -> Rotation | AL29: =IF($G29="","",VLOOKUP($G29,WPS!$D$1:$AL$995,18,0)) -> 100%CO2(Root & Hot P) 80%Ar+20%Co2(F&C) | AM29: =IF($G29="","",VLOOKUP($G29,WPS!$D$1:$AL$995,19,0)) -> Grp F N°5 | AN29: =IF($G29="","",VLOOKUP($G29,WPS!$D$1:$AL$995,20,0)) -> Grp F N°7 | AO29: =IF($G29="","",VLOOKUP($G29,WPS!$D$1:$AL$995,21,0)) -> A5.18 | AP29: =IF($G29="","",VLOOKUP($G29,WPS!$D$1:$AL$995,22,0)) -> A5.20 | AQ29: =IF($G29="","",VLOOKUP($G29,WPS!$D$1:$AL$995,23,0)) -> ER 70 S-6 | AR29: =IF($G29="","",VLOOKUP($G29,WPS!$D$1:$AL$995,24,0)) -> E 71 T1 C | AS29: =IF(AH29="1G","F",IF(AH29="5G","V-H-O",IF(AH29="6G","ALL",""))) -> F | AT29: =IF($G29="","",VLOOKUP($G29,WPS!$D$1:$AL$995,29,0)) -> DC | AU29: =IF($G29="","",VLOOKUP($G29,WPS!$D$1:$AL$995,30,0)) -> (+) | AV29: =IF($G29="","",VLOOKUP($G29,WPS!$D$1:$AL$995,31,0)) -> (+) | AW29: =IF(AE29="SMAW Mixte UP HILL/ Down hill","SMAW :,With/Without SMAW : With",IF(AE29="SMAW UP HILL MONTANT","SMAW :With/Without SMAW : With",IF(AE29="GMAW FCAW","GMAW :With/Without FCAW : With",IF(AE29="GTAW","GTAW :With / Without",IF(AE29="GTAW SMAW","GTAW :With/Without SMAW : With",""))))) -> GMAW :With/Without FCAW : With | AX29: =IF($G29="","",VLOOKUP($G29,WPS!$D$1:$AL$995,15,0)) -> 50°C Min | AY29: =IF($G29="","",VLOOKUP($G29,WPS!$D$1:$AX$995,44,0)) -> ASME B31.3 édition 2020 | AZ29: =IFERROR(VLOOKUP(I29,Feuil1!$O$4:$P$34,2,0),"") -> 406.4 | BB29: =IFERROR(VLOOKUP(I29,Feuil1!$O$4:$P$32,2,0),"") -> 406.4 | BC29: =IF($G29="","",VLOOKUP($G29,WPS!$D$1:$AL$995,2,0)) -> D | BD29: =IF(M29='VT-PPL'!$Y$6,1,"") | BE29: =IF(BD29="","",COUNTIF(BD$2:$BD29,BD29)) | BF29: =IF(P29='RT-PPL'!$Q$6,1,"") | BG29: =IF(BF29="","",COUNTIF(BF$2:$BF29,BF29)) | BH29: =+IF(L29=HOMO!$K$4,1,"") | BI29: =IF(BH29="","",COUNTIF(BH$2:$BH29,BH29)) | BJ29: =IF(AND(K29="A",M29=Prog!$L$12),1,"") | BK29: =IF(BJ29="","",COUNTIF(BJ$2:$BJ29,BJ29)) | BL29: 28
A30: =F30&G30&I30 -> RACHEDI ABDELAH TFT-II-PL-0416 | B30: =IF($G30="","",VLOOKUP($G30,WPS!$D$1:$AN$995,35,0)) -> TFT II / TFT SUD GAZ FIELD DEVELOPMENT | C30: =IF($G30="","",VLOOKUP($G30,WPS!$D$1:$AN$995,33,0)) -> API 1104 | D30: =IF($G30="","",VLOOKUP($G30,WPS!$D$1:$AN$995,34,0)) -> API 1104 | E30: WR-039 | F30: RACHEDI ABDELAH | G30: TFT-II-PL-04 | H30: API5L_X52 | I30: 16 | J30: 9.52 | K30: A | L30: 46245 | M30: VT-WQT-011 | N30: A | O30: 46246 | P30: RT-WQT-011 | Q30: 21063-G0-PPL-RFI-0109 | R30: 21063-G0-PPL-RFI-0109 | S30: WQT-021 | T30: 46246 | U30: =H30 -> API5L_X52 | V30: =IF($G30="","",VLOOKUP($G30,WPS!$D$1:$AL$995,17,0)) -> GMAW :With/Without Backing FCAW:Without Backing | W30: =IF($G30="","",VLOOKUP($G30,WPS!$D$1:$AL$995,25,0)) -> WF-5 | X30: =IF($G30="","",VLOOKUP($G30,WPS!$D$1:$AL$995,26,0)) -> WF-6e | Y30: =IF($G30="","",VLOOKUP($G30,WPS!$D$1:$AL$995,27,0)) -> A5.18 | Z30: =IF($G30="","",VLOOKUP($G30,WPS!$D$1:$AL$995,28,0)) -> A5.20 or A5.36 | AA30: =IF(AND(D30="API 1104",BB30<60.3),"Unlimited ",IF(AND(D30="API 1104",AND(BB30>=60.3,BB30<=323.85)),"≥ 2,3/8'' (60,3mm)",IF(AND(D30="API 1104",BB30>323.85),"> 12,750'' (323,9mm)",IF(AND(D30="ASME IX",BB30<60.3),CONCATENATE("≥ ",I29,"'' ","(",BB30,"mm)"),IF(AND(D30="ASME IX",BB30="60,3"),"≥ 1'' (25mm)",IF(AND(D30="ASME IX",AND(BB30>25,BB30<73)),"≥ 1'' (25mm)",IF(AND(D30="ASME IX",BB30>73),"> 2,7/8'' (73mm)",""))))))) -> > 12,750'' (323,9mm) | AB30: =IF(AND(D30="API 1104",BB30<60.3),"< 2,3/8'' 60,3mm",IF(AND(D30="API 1104",AND(BB30>=60.3,BB30<=323.85)),"≤ 12,750'' 323,9mm",IF(AND(D30="API 1104",BB30>323.85),"Unlimited",IF(AND(D30="ASME IX",BB30<25),"Unlimited",IF(AND(D30="ASME IX",AND(BB30>25,BB30<73)),"Unlimited",IF(AND(D30="ASME IX",BB30>73),"Unlimited","")))))) -> Unlimited | AC30: =IF(AND(D30="API 1104",J30<3.9)," SMAW <3,9 mm",IF(AND(D30="API 1104",AND(J30>=3.9,J30<19))," SMAW ≥ 3,9 mm",IF(AND(D30="API 1104",J30>=19),"SMAW >=19mm",IF(AND(D30="ASME IX",AE30="gtaw",J30<13),"GTAW ",IF(AND(D30="ASME IX",AE30="GTAW SMAW",J30<13),"GTAW ≤ 8 mm",IF(AND(D30="ASME IX",AE30="GmAW fcAW",J30<13),"GMAW ≤ 8 mm",IF(AND(D30="ASME IX",AE30="gtaw",J30>=13),CONCATENATE("≤ ",J30*2," mm"),IF(AND(D30="ASME IX",J30>=13,AE30="GTAW SMAW"),"GTAW ≤ 8mm",IF(AND(D30="ASME IX",J30>=13,AE30="GmAW fcAW"),"GMAW ≤ 8mm",""))))))))) -> SMAW ≥ 3,9 mm | AD30: =IF(AND(D30="API 1104",AE30="SMAW Mixte UP HILL/ Down hill",J30<3.9),CONCATENATE("≤ ",MAX(1.5*J30,3.9),"mm"),IF(AND(D30="API 1104",AE30="SMAW UP HILL MONTANT",J30<3.9),CONCATENATE("≤ ",MAX(1.5*J30,3.9),"mm"),IF(AND(D30="API 1104",AND(J30>=3.9,J30<19.05)),CONCATENATE("≤ ",MAX(1.5*J30,19.05),"mm"),IF(AND(D30="API 1104",J30>=19.05),"ALL",IF(AND(D30="ASME IX",AE30="SMAW UP HILL MONTANT",J30<17),CONCATENATE("≤ ",((J30)*2)," mm"),IF(AND(D30="ASME IX",J30>=17),CONCATENATE("Unlimited"),IF(AND(D30="ASME IX",AE30="SMAW Mixte UP HILL/ Down hill",J30<17),CONCATENATE("≤ ",((J30)*2)," mm"),IF(AND(D30="ASME IX",J30>=17),CONCATENATE(" SMAW Unlimited"),IF(AND(D30="ASME IX",AE30="GTAW",J30<=17),CONCATENATE( "≤ ",J30*2," mm"),IF(AND(D30="ASME IX",AE30="GTAW SMAW",J30<=17),CONCATENATE("SMAW ≤ ",((J30-4)*2)," mm"),IF(AND(D30="ASME IX",J30>=17,AE30="GTAW SMAW"),"SMAW Unlimited ",IF(AND(D30="ASME IX",AE30="GMAW FCAW",J30<=17),CONCATENATE("FCAW ≤ ",((J30-4)*2)," mm"),IF(AND(D30="ASME IX",J30>=17,AE30="GmAW fcAW"),"FCAW Unlimited ",""))))))))))))) -> ≤ 19,05mm | AE30: =IF(G30="","",VLOOKUP(G30,WPS!$D$1:$AH$4735,3,0)) -> GMAW FCAW | AF30: =IF(AND($G30<>"",$D30="API 1104"),U30,IF(AND($G30<>"",$D30="ASME IX"),VLOOKUP($G30,WPS!$D$1:$AZ$995,42,0),"")) -> API5L_X52 | AG30: =IF(G30="","",VLOOKUP(G30,WPS!$D$1:$AH$4735,2,0)) -> D | AH30: =IF(AE30="SMAW Mixte UP HILL/ Down hill","5G",IF(AE30="SMAW UP HILL MONTANT","5G",IF(AE30="SMAW Downhill","5G",IF(AE30="GMAW FCAW","1G",IF(AE30="GTAW","6G",IF(AE30="GTAW SMAW","6G","")))))) -> 1G | AI30: =IF(AE30="SMAW Mixte UP HILL/ Down hill","Manuel",IF(AE30="SMAW UP HILL MONTANT","Manuel",IF(AE30="GMAW FCAW","semi auto",IF(AE30="GTAW","Manuel",IF(AE30="GTAW SMAW","Manuel",IF(AE30="SMAW Downhill","Manuel","")))))) -> semi auto | AJ30: PIPE | AK30: =IF(AE30="SMAW Mixte UP HILL/ Down hill","UP HILL/ Down hill Montant+Descendant",IF(AE30="SMAW UP HILL MONTANT","UP HILL Montant",IF(AE30="GMAW FCAW","Rotation",IF(AE30="GTAW","UP HILL Montant",IF(AE30="SMAW Downhill","SMAW Downhill",IF(AE30="GTAW SMAW","UP HILL Montant","")))))) -> Rotation | AL30: =IF($G30="","",VLOOKUP($G30,WPS!$D$1:$AL$995,18,0)) -> 100%CO2(Root & Hot P) 80%Ar+20%Co2(F&C) | AM30: =IF($G30="","",VLOOKUP($G30,WPS!$D$1:$AL$995,19,0)) -> Grp F N°5 | AN30: =IF($G30="","",VLOOKUP($G30,WPS!$D$1:$AL$995,20,0)) -> Grp F N°7 | AO30: =IF($G30="","",VLOOKUP($G30,WPS!$D$1:$AL$995,21,0)) -> A5.18 | AP30: =IF($G30="","",VLOOKUP($G30,WPS!$D$1:$AL$995,22,0)) -> A5.20 | AQ30: =IF($G30="","",VLOOKUP($G30,WPS!$D$1:$AL$995,23,0)) -> ER 70 S-6 | AR30: =IF($G30="","",VLOOKUP($G30,WPS!$D$1:$AL$995,24,0)) -> E 71 T1 C | AS30: =IF(AH30="1G","F",IF(AH30="5G","V-H-O",IF(AH30="6G","ALL",""))) -> F | AT30: =IF($G30="","",VLOOKUP($G30,WPS!$D$1:$AL$995,29,0)) -> DC | AU30: =IF($G30="","",VLOOKUP($G30,WPS!$D$1:$AL$995,30,0)) -> (+) | AV30: =IF($G30="","",VLOOKUP($G30,WPS!$D$1:$AL$995,31,0)) -> (+) | AW30: =IF(AE30="SMAW Mixte UP HILL/ Down hill","SMAW :,With/Without SMAW : With",IF(AE30="SMAW UP HILL MONTANT","SMAW :With/Without SMAW : With",IF(AE30="GMAW FCAW","GMAW :With/Without FCAW : With",IF(AE30="GTAW","GTAW :With / Without",IF(AE30="GTAW SMAW","GTAW :With/Without SMAW : With",""))))) -> GMAW :With/Without FCAW : With | AX30: =IF($G30="","",VLOOKUP($G30,WPS!$D$1:$AL$995,15,0)) -> 50°C Min | AY30: =IF($G30="","",VLOOKUP($G30,WPS!$D$1:$AX$995,44,0)) -> ASME B31.3 édition 2020 | AZ30: =IFERROR(VLOOKUP(I30,Feuil1!$O$4:$P$34,2,0),"") -> 406.4 | BB30: =IFERROR(VLOOKUP(I30,Feuil1!$O$4:$P$32,2,0),"") -> 406.4 | BC30: =IF($G30="","",VLOOKUP($G30,WPS!$D$1:$AL$995,2,0)) -> D | BD30: =IF(M30='VT-PPL'!$Y$6,1,"") | BE30: =IF(BD30="","",COUNTIF(BD$2:$BD30,BD30)) | BF30: =IF(P30='RT-PPL'!$Q$6,1,"") | BG30: =IF(BF30="","",COUNTIF(BF$2:$BF30,BF30)) | BH30: =+IF(L30=HOMO!$K$4,1,"") | BI30: =IF(BH30="","",COUNTIF(BH$2:$BH30,BH30)) | BJ30: =IF(AND(K30="A",M30=Prog!$L$12),1,"") | BK30: =IF(BJ30="","",COUNTIF(BJ$2:$BJ30,BJ30)) | BL30: 29
