Workbook

Sheet TABLEAU DE BORD
B2: TABLEAU DE BORD — SOUDAGE & CONTRÔLE QUALITÉ PIPELINE
B3: =PARAMÈTRES!$C$4&" • Affaire N° "&PARAMÈTRES!$C$5&" • Mis à jour le "&TEXT(TODAY(),"dd/mm/yyyy") -> Extension du réseau de collecte de GTFT (11 nouveaux puits) • Affaire N° 8546 • Mis à jour le 28/09/2026
B5: Ligne / Puits : | C5: TOUTES | E5: ◄ choisir une ligne pour filtrer tous les indicateurs | O5: =IF(C5="TOUTES","*",C5) -> *
B7: JOINTS SOUDÉS | D7: AVANCEMENT SOUDAGE | F7: JOINTS RADIOGRAPHIÉS | H7: JOINTS ACCEPTÉS | J7: EN ATTENTE RT | L7: TAUX DE RÉPARATION
B8: =COUNTIFS('CARNET DE SOUDURE'!$B$7:$B$1506,$O$5,'CARNET DE SOUDURE'!$R$7:$R$1506,"<>") -> 197 | D8: =IFERROR(COUNTIFS('CARNET DE SOUDURE'!$B$7:$B$1506,$O$5,'CARNET DE SOUDURE'!$R$7:$R$1506,"<>")/IF($C$5="TOUTES",SUM(PARAMÈTRES!$E$12:$E$19),SUMIF(PARAMÈTRES!$B$12:$B$19,$C$5,PARAMÈTRES!$E$12:$E$19)),0) -> 0.24502488 | F8: =COUNTIFS('CARNET DE SOUDURE'!$B$7:$B$1506,$O$5,'CARNET DE SOUDURE'!$X$7:$X$1506,"<>") -> 188 | H8: =COUNTIFS('CARNET DE SOUDURE'!$B$7:$B$1506,$O$5,'CARNET DE SOUDURE'!$AM$7:$AM$1506,"ACCEPTÉ") -> 188 | J8: =COUNTIFS('CARNET DE SOUDURE'!$B$7:$B$1506,$O$5,'CARNET DE SOUDURE'!$AM$7:$AM$1506,"À RADIOGRAPHIER")+COUNTIFS('CARNET DE SOUDURE'!$B$7:$B$1506,$O$5,'CARNET DE SOUDURE'!$AM$7:$AM$1506,"RÉPARÉ – À RADIOGRAPHIER")+COUNTIFS('CARNET DE SOUDURE'!$B$7:$B$1506,$O$5,'CARNET DE SOUDURE'!$AM$7:$AM$1506,"NX – RT À REFAIRE") -> 9 | L8: =IFERROR((COUNTIFS('CARNET DE SOUDURE'!$B$7:$B$1506,$O$5,'CARNET DE SOUDURE'!$X$7:$X$1506,"R")+COUNTIFS('CARNET DE SOUDURE'!$B$7:$B$1506,$O$5,'CARNET DE SOUDURE'!$X$7:$X$1506,"NT")+COUNTIFS('CARNET DE SOUDURE'!$B$7:$B$1506,$O$5,'CARNET DE SOUDURE'!$X$7:$X$1506,"CO"))/(COUNTIFS('CARNET DE SOUDURE'!$B$7:$B$1506,$O$5,'CARNET DE SOUDURE'!$X$7:$X$1506,"A")+(COUNTIFS('CARNET DE SOUDURE'!$B$7:$B$1506,$O$5,'CARNET DE SOUDURE'!$X$7:$X$1506,"R")+COUNTIFS('CARNET DE SOUDURE'!$B$7:$B$1506,$O$5,'CARNET DE SOUDURE'!$X$7:$X$1506,"NT")+COUNTIFS('CARNET DE SOUDURE'!$B$7:$B$1506,$O$5,'CARNET DE SOUDURE'!$X$7:$X$1506,"CO"))),0) -> 0.010695187
B10: ="sur "&TEXT(IF($C$5="TOUTES",SUM(PARAMÈTRES!$E$12:$E$19),SUMIF(PARAMÈTRES!$B$12:$B$19,$C$5,PARAMÈTRES!$E$12:$E$19)),"#,##0")&" estimés" -> sur 804 estimés | D10: ="Reste : "&TEXT(MAX(0,IF($C$5="TOUTES",SUM(PARAMÈTRES!$E$12:$E$19),SUMIF(PARAMÈTRES!$B$12:$B$19,$C$5,PARAMÈTRES!$E$12:$E$19))-COUNTIFS('CARNET DE SOUDURE'!$B$7:$B$1506,$O$5,'CARNET DE SOUDURE'!$R$7:$R$1506,"<>")),"#,##0")&" joints" -> Reste : 607 joints | F10: =TEXT(IFERROR(COUNTIFS('CARNET DE SOUDURE'!$B$7:$B$1506,$O$5,'CARNET DE SOUDURE'!$X$7:$X$1506,"<>")/COUNTIFS('CARNET DE SOUDURE'!$B$7:$B$1506,$O$5,'CARNET DE SOUDURE'!$R$7:$R$1506,"<>"),0),"0.0%")&" des joints soudés" -> 95.4% des joints soudés | H10: =TEXT(IFERROR(COUNTIFS('CARNET DE SOUDURE'!$B$7:$B$1506,$O$5,'CARNET DE SOUDURE'!$AM$7:$AM$1506,"ACCEPTÉ")/COUNTIFS('CARNET DE SOUDURE'!$B$7:$B$1506,$O$5,'CARNET DE SOUDURE'!$R$7:$R$1506,"<>"),0),"0.0%")&" des joints soudés" -> 95.4% des joints soudés | J10: ="voir PROGRAMME RT" -> voir PROGRAMME RT | L10: =TEXT((COUNTIFS('CARNET DE SOUDURE'!$B$7:$B$1506,$O$5,'CARNET DE SOUDURE'!$X$7:$X$1506,"R")+COUNTIFS('CARNET DE SOUDURE'!$B$7:$B$1506,$O$5,'CARNET DE SOUDURE'!$X$7:$X$1506,"NT")+COUNTIFS('CARNET DE SOUDURE'!$B$7:$B$1506,$O$5,'CARNET DE SOUDURE'!$X$7:$X$1506,"CO")),"0")&" rejet(s) au RT-01" -> 2 rejet(s) au RT-01
B12: À RÉPARER (R) | D12: COUPE (CO) | F12: NX – RT À REFAIRE | H12: RÉPARÉS → RT | J12: VT EN ATTENTE / REJETÉ | L12: À SOUDER (listés)
B13: =COUNTIFS('CARNET DE SOUDURE'!$B$7:$B$1506,$O$5,'CARNET DE SOUDURE'!$AM$7:$AM$1506,"À RÉPARER") -> 0 | D13: =COUNTIFS('CARNET DE SOUDURE'!$B$7:$B$1506,$O$5,'CARNET DE SOUDURE'!$AM$7:$AM$1506,"COUPE – À RESOUDER") -> 0 | F13: =COUNTIFS('CARNET DE SOUDURE'!$B$7:$B$1506,$O$5,'CARNET DE SOUDURE'!$AM$7:$AM$1506,"NX – RT À REFAIRE") -> 0 | H13: =COUNTIFS('CARNET DE SOUDURE'!$B$7:$B$1506,$O$5,'CARNET DE SOUDURE'!$AM$7:$AM$1506,"RÉPARÉ – À RADIOGRAPHIER") -> 0 | J13: =COUNTIFS('CARNET DE SOUDURE'!$B$7:$B$1506,$O$5,'CARNET DE SOUDURE'!$AM$7:$AM$1506,"VT EN ATTENTE")+COUNTIFS('CARNET DE SOUDURE'!$B$7:$B$1506,$O$5,'CARNET DE SOUDURE'!$AM$7:$AM$1506,"VT REJETÉ – À REPRENDRE") -> 0 | L13: =COUNTIFS('CARNET DE SOUDURE'!$B$7:$B$1506,$O$5,'CARNET DE SOUDURE'!$AM$7:$AM$1506,"À SOUDER") -> 608
B16: SITUATION PAR LIGNE
B17: Ligne | C17: Joints estimés | D17: Joints soudés | E17: Reste à souder | F17: % Soudage | G17: Radiographiés | H17: % RT | I17: Acceptés | J17: % Accepté | K17: En réparation | L17: Taux de réparation | M17: En attente RT
B18: =IF(PARAMÈTRES!$B$12="","",PARAMÈTRES!$B$12) -> ISB-302 | C18: =IF($B18="","",N(PARAMÈTRES!$E$12)) -> 200 | D18: =IF($B18="","",COUNTIFS('CARNET DE SOUDURE'!$B$7:$B$1506,$B18,'CARNET DE SOUDURE'!$R$7:$R$1506,"<>")) -> 0 | E18: =IF($B18="","",MAX(0,C18-D18)) -> 200 | F18: =IF($B18="","",IFERROR(D18/C18,0)) -> 0 | G18: =IF($B18="","",COUNTIFS('CARNET DE SOUDURE'!$B$7:$B$1506,$B18,'CARNET DE SOUDURE'!$X$7:$X$1506,"<>")) -> 0 | H18: =IF($B18="","",IFERROR(G18/D18,0)) -> 0 | I18: =IF($B18="","",COUNTIFS('CARNET DE SOUDURE'!$B$7:$B$1506,$B18,'CARNET DE SOUDURE'!$AM$7:$AM$1506,"ACCEPTÉ")) -> 0 | J18: =IF($B18="","",IFERROR(I18/D18,0)) -> 0 | K18: =IF($B18="","",COUNTIFS('CARNET DE SOUDURE'!$B$7:$B$1506,$B18,'CARNET DE SOUDURE'!$AM$7:$AM$1506,"À RÉPARER")+COUNTIFS('CARNET DE SOUDURE'!$B$7:$B$1506,$B18,'CARNET DE SOUDURE'!$AM$7:$AM$1506,"COUPE – À RESOUDER")+COUNTIFS('CARNET DE SOUDURE'!$B$7:$B$1506,$B18,'CARNET DE SOUDURE'!$AM$7:$AM$1506,"VT REJETÉ – À REPRENDRE")) -> 0 | L18: =IF($B18="","",IFERROR((COUNTIFS('CARNET DE SOUDURE'!$B$7:$B$1506,$B18,'CARNET DE SOUDURE'!$X$7:$X$1506,"R")+COUNTIFS('CARNET DE SOUDURE'!$B$7:$B$1506,$B18,'CARNET DE SOUDURE'!$X$7:$X$1506,"NT")+COUNTIFS('CARNET DE SOUDURE'!$B$7:$B$1506,$B18,'CARNET DE SOUDURE'!$X$7:$X$1506,"CO"))/(COUNTIFS('CARNET DE SOUDURE'!$B$7:$B$1506,$B18,'CARNET DE SOUDURE'!$X$7:$X$1506,"A")+(COUNTIFS('CARNET DE SOUDURE'!$B$7:$B$1506,$B18,'CARNET DE SOUDURE'!$X$7:$X$1506,"R")+COUNTIFS('CARNET DE SOUDURE'!$B$7:$B$1506,$B18,'CARNET DE SOUDURE'!$X$7:$X$1506,"NT")+COUNTIFS('CARNET DE SOUDURE'!$B$7:$B$1506,$B18,'CARNET DE SOUDURE'!$X$7:$X$1506,"CO"))),0)) -> 0 | M18: =IF($B18="","",COUNTIFS('CARNET DE SOUDURE'!$B$7:$B$1506,$B18,'CARNET DE SOUDURE'!$AM$7:$AM$1506,"À RADIOGRAPHIER")+COUNTIFS('CARNET DE SOUDURE'!$B$7:$B$1506,$B18,'CARNET DE SOUDURE'!$AM$7:$AM$1506,"RÉPARÉ – À RADIOGRAPHIER")+COUNTIFS('CARNET DE SOUDURE'!$B$7:$B$1506,$B18,'CARNET DE SOUDURE'!$AM$7:$AM$1506,"NX – RT À REFAIRE")) -> 0
B19: =IF(PARAMÈTRES!$B$13="","",PARAMÈTRES!$B$13) -> ISB-303 | C19: =IF($B19="","",N(PARAMÈTRES!$E$13)) -> 200 | D19: =IF($B19="","",COUNTIFS('CARNET DE SOUDURE'!$B$7:$B$1506,$B19,'CARNET DE SOUDURE'!$R$7:$R$1506,"<>")) -> 0 | E19: =IF($B19="","",MAX(0,C19-D19)) -> 200 | F19: =IF($B19="","",IFERROR(D19/C19,0)) -> 0 | G19: =IF($B19="","",COUNTIFS('CARNET DE SOUDURE'!$B$7:$B$1506,$B19,'CARNET DE SOUDURE'!$X$7:$X$1506,"<>")) -> 0 | H19: =IF($B19="","",IFERROR(G19/D19,0)) -> 0 | I19: =IF($B19="","",COUNTIFS('CARNET DE SOUDURE'!$B$7:$B$1506,$B19,'CARNET DE SOUDURE'!$AM$7:$AM$1506,"ACCEPTÉ")) -> 0 | J19: =IF($B19="","",IFERROR(I19/D19,0)) -> 0 | K19: =IF($B19="","",COUNTIFS('CARNET DE SOUDURE'!$B$7:$B$1506,$B19,'CARNET DE SOUDURE'!$AM$7:$AM$1506,"À RÉPARER")+COUNTIFS('CARNET DE SOUDURE'!$B$7:$B$1506,$B19,'CARNET DE SOUDURE'!$AM$7:$AM$1506,"COUPE – À RESOUDER")+COUNTIFS('CARNET DE SOUDURE'!$B$7:$B$1506,$B19,'CARNET DE SOUDURE'!$AM$7:$AM$1506,"VT REJETÉ – À REPRENDRE")) -> 0 | L19: =IF($B19="","",IFERROR((COUNTIFS('CARNET DE SOUDURE'!$B$7:$B$1506,$B19,'CARNET DE SOUDURE'!$X$7:$X$1506,"R")+COUNTIFS('CARNET DE SOUDURE'!$B$7:$B$1506,$B19,'CARNET DE SOUDURE'!$X$7:$X$1506,"NT")+COUNTIFS('CARNET DE SOUDURE'!$B$7:$B$1506,$B19,'CARNET DE SOUDURE'!$X$7:$X$1506,"CO"))/(COUNTIFS('CARNET DE SOUDURE'!$B$7:$B$1506,$B19,'CARNET DE SOUDURE'!$X$7:$X$1506,"A")+(COUNTIFS('CARNET DE SOUDURE'!$B$7:$B$1506,$B19,'CARNET DE SOUDURE'!$X$7:$X$1506,"R")+COUNTIFS('CARNET DE SOUDURE'!$B$7:$B$1506,$B19,'CARNET DE SOUDURE'!$X$7:$X$1506,"NT")+COUNTIFS('CARNET DE SOUDURE'!$B$7:$B$1506,$B19,'CARNET DE SOUDURE'!$X$7:$X$1506,"CO"))),0)) -> 0 | M19: =IF($B19="","",COUNTIFS('CARNET DE SOUDURE'!$B$7:$B$1506,$B19,'CARNET DE SOUDURE'!$AM$7:$AM$1506,"À RADIOGRAPHIER")+COUNTIFS('CARNET DE SOUDURE'!$B$7:$B$1506,$B19,'CARNET DE SOUDURE'!$AM$7:$AM$1506,"RÉPARÉ – À RADIOGRAPHIER")+COUNTIFS('CARNET DE SOUDURE'!$B$7:$B$1506,$B19,'CARNET DE SOUDURE'!$AM$7:$AM$1506,"NX – RT À REFAIRE")) -> 0
B20: =IF(PARAMÈTRES!$B$14="","",PARAMÈTRES!$B$14) -> ISB-304 | C20: =IF($B20="","",N(PARAMÈTRES!$E$14)) -> 200 | D20: =IF($B20="","",COUNTIFS('CARNET DE SOUDURE'!$B$7:$B$1506,$B20,'CARNET DE SOUDURE'!$R$7:$R$1506,"<>")) -> 0 | E20: =IF($B20="","",MAX(0,C20-D20)) -> 200 | F20: =IF($B20="","",IFERROR(D20/C20,0)) -> 0 | G20: =IF($B20="","",COUNTIFS('CARNET DE SOUDURE'!$B$7:$B$1506,$B20,'CARNET DE SOUDURE'!$X$7:$X$1506,"<>")) -> 0 | H20: =IF($B20="","",IFERROR(G20/D20,0)) -> 0 | I20: =IF($B20="","",COUNTIFS('CARNET DE SOUDURE'!$B$7:$B$1506,$B20,'CARNET DE SOUDURE'!$AM$7:$AM$1506,"ACCEPTÉ")) -> 0 | J20: =IF($B20="","",IFERROR(I20/D20,0)) -> 0 | K20: =IF($B20="","",COUNTIFS('CARNET DE SOUDURE'!$B$7:$B$1506,$B20,'CARNET DE SOUDURE'!$AM$7:$AM$1506,"À RÉPARER")+COUNTIFS('CARNET DE SOUDURE'!$B$7:$B$1506,$B20,'CARNET DE SOUDURE'!$AM$7:$AM$1506,"COUPE – À RESOUDER")+COUNTIFS('CARNET DE SOUDURE'!$B$7:$B$1506,$B20,'CARNET DE SOUDURE'!$AM$7:$AM$1506,"VT REJETÉ – À REPRENDRE")) -> 0 | L20: =IF($B20="","",IFERROR((COUNTIFS('CARNET DE SOUDURE'!$B$7:$B$1506,$B20,'CARNET DE SOUDURE'!$X$7:$X$1506,"R")+COUNTIFS('CARNET DE SOUDURE'!$B$7:$B$1506,$B20,'CARNET DE SOUDURE'!$X$7:$X$1506,"NT")+COUNTIFS('CARNET DE SOUDURE'!$B$7:$B$1506,$B20,'CARNET DE SOUDURE'!$X$7:$X$1506,"CO"))/(COUNTIFS('CARNET DE SOUDURE'!$B$7:$B$1506,$B20,'CARNET DE SOUDURE'!$X$7:$X$1506,"A")+(COUNTIFS('CARNET DE SOUDURE'!$B$7:$B$1506,$B20,'CARNET DE SOUDURE'!$X$7:$X$1506,"R")+COUNTIFS('CARNET DE SOUDURE'!$B$7:$B$1506,$B20,'CARNET DE SOUDURE'!$X$7:$X$1506,"NT")+COUNTIFS('CARNET DE SOUDURE'!$B$7:$B$1506,$B20,'CARNET DE SOUDURE'!$X$7:$X$1506,"CO"))),0)) -> 0 | M20: =IF($B20="","",COUNTIFS('CARNET DE SOUDURE'!$B$7:$B$1506,$B20,'CARNET DE SOUDURE'!$AM$7:$AM$1506,"À RADIOGRAPHIER")+COUNTIFS('CARNET DE SOUDURE'!$B$7:$B$1506,$B20,'CARNET DE SOUDURE'!$AM$7:$AM$1506,"RÉPARÉ – À RADIOGRAPHIER")+COUNTIFS('CARNET DE SOUDURE'!$B$7:$B$1506,$B20,'CARNET DE SOUDURE'!$AM$7:$AM$1506,"NX – RT À REFAIRE")) -> 0
B21: =IF(PARAMÈTRES!$B$15="","",PARAMÈTRES!$B$15) -> TFT 716 → TL7-MMFW2 | C21: =IF($B21="","",N(PARAMÈTRES!$E$15)) -> 204 | D21: =IF($B21="","",COUNTIFS('CARNET DE SOUDURE'!$B$7:$B$1506,$B21,'CARNET DE SOUDURE'!$R$7:$R$1506,"<>")) -> 197 | E21: =IF($B21="","",MAX(0,C21-D21)) -> 7 | F21: =IF($B21="","",IFERROR(D21/C21,0)) -> 0.96568627 | G21: =IF($B21="","",COUNTIFS('CARNET DE SOUDURE'!$B$7:$B$1506,$B21,'CARNET DE SOUDURE'!$X$7:$X$1506,"<>")) -> 188 | H21: =IF($B21="","",IFERROR(G21/D21,0)) -> 0.95431472 | I21: =IF($B21="","",COUNTIFS('CARNET DE SOUDURE'!$B$7:$B$1506,$B21,'CARNET DE SOUDURE'!$AM$7:$AM$1506,"ACCEPTÉ")) -> 188 | J21: =IF($B21="","",IFERROR(I21/D21,0)) -> 0.95431472 | K21: =IF($B21="","",COUNTIFS('CARNET DE SOUDURE'!$B$7:$B$1506,$B21,'CARNET DE SOUDURE'!$AM$7:$AM$1506,"À RÉPARER")+COUNTIFS('CARNET DE SOUDURE'!$B$7:$B$1506,$B21,'CARNET DE SOUDURE'!$AM$7:$AM$1506,"COUPE – À RESOUDER")+COUNTIFS('CARNET DE SOUDURE'!$B$7:$B$1506,$B21,'CARNET DE SOUDURE'!$AM$7:$AM$1506,"VT REJETÉ – À REPRENDRE")) -> 0 | L21: =IF($B21="","",IFERROR((COUNTIFS('CARNET DE SOUDURE'!$B$7:$B$1506,$B21,'CARNET DE SOUDURE'!$X$7:$X$1506,"R")+COUNTIFS('CARNET DE SOUDURE'!$B$7:$B$1506,$B21,'CARNET DE SOUDURE'!$X$7:$X$1506,"NT")+COUNTIFS('CARNET DE SOUDURE'!$B$7:$B$1506,$B21,'CARNET DE SOUDURE'!$X$7:$X$1506,"CO"))/(COUNTIFS('CARNET DE SOUDURE'!$B$7:$B$1506,$B21,'CARNET DE SOUDURE'!$X$7:$X$1506,"A")+(COUNTIFS('CARNET DE SOUDURE'!$B$7:$B$1506,$B21,'CARNET DE SOUDURE'!$X$7:$X$1506,"R")+COUNTIFS('CARNET DE SOUDURE'!$B$7:$B$1506,$B21,'CARNET DE SOUDURE'!$X$7:$X$1506,"NT")+COUNTIFS('CARNET DE SOUDURE'!$B$7:$B$1506,$B21,'CARNET DE SOUDURE'!$X$7:$X$1506,"CO"))),0)) -> 0.010695187 | M21: =IF($B21="","",COUNTIFS('CARNET DE SOUDURE'!$B$7:$B$1506,$B21,'CARNET DE SOUDURE'!$AM$7:$AM$1506,"À RADIOGRAPHIER")+COUNTIFS('CARNET DE SOUDURE'!$B$7:$B$1506,$B21,'CARNET DE SOUDURE'!$AM$7:$AM$1506,"RÉPARÉ – À RADIOGRAPHIER")+COUNTIFS('CARNET DE SOUDURE'!$B$7:$B$1506,$B21,'CARNET DE SOUDURE'!$AM$7:$AM$1506,"NX – RT À REFAIRE")) -> 9
B22: =IF(PARAMÈTRES!$B$16="","",PARAMÈTRES!$B$16) | C22: =IF($B22="","",N(PARAMÈTRES!$E$16)) | D22: =IF($B22="","",COUNTIFS('CARNET DE SOUDURE'!$B$7:$B$1506,$B22,'CARNET DE SOUDURE'!$R$7:$R$1506,"<>")) | E22: =IF($B22="","",MAX(0,C22-D22)) | F22: =IF($B22="","",IFERROR(D22/C22,0)) | G22: =IF($B22="","",COUNTIFS('CARNET DE SOUDURE'!$B$7:$B$1506,$B22,'CARNET DE SOUDURE'!$X$7:$X$1506,"<>")) | H22: =IF($B22="","",IFERROR(G22/D22,0)) | I22: =IF($B22="","",COUNTIFS('CARNET DE SOUDURE'!$B$7:$B$1506,$B22,'CARNET DE SOUDURE'!$AM$7:$AM$1506,"ACCEPTÉ")) | J22: =IF($B22="","",IFERROR(I22/D22,0)) | K22: =IF($B22="","",COUNTIFS('CARNET DE SOUDURE'!$B$7:$B$1506,$B22,'CARNET DE SOUDURE'!$AM$7:$AM$1506,"À RÉPARER")+COUNTIFS('CARNET DE SOUDURE'!$B$7:$B$1506,$B22,'CARNET DE SOUDURE'!$AM$7:$AM$1506,"COUPE – À RESOUDER")+COUNTIFS('CARNET DE SOUDURE'!$B$7:$B$1506,$B22,'CARNET DE SOUDURE'!$AM$7:$AM$1506,"VT REJETÉ – À REPRENDRE")) | L22: =IF($B22="","",IFERROR((COUNTIFS('CARNET DE SOUDURE'!$B$7:$B$1506,$B22,'CARNET DE SOUDURE'!$X$7:$X$1506,"R")+COUNTIFS('CARNET DE SOUDURE'!$B$7:$B$1506,$B22,'CARNET DE SOUDURE'!$X$7:$X$1506,"NT")+COUNTIFS('CARNET DE SOUDURE'!$B$7:$B$1506,$B22,'CARNET DE SOUDURE'!$X$7:$X$1506,"CO"))/(COUNTIFS('CARNET DE SOUDURE'!$B$7:$B$1506,$B22,'CARNET DE SOUDURE'!$X$7:$X$1506,"A")+(COUNTIFS('CARNET DE SOUDURE'!$B$7:$B$1506,$B22,'CARNET DE SOUDURE'!$X$7:$X$1506,"R")+COUNTIFS('CARNET DE SOUDURE'!$B$7:$B$1506,$B22,'CARNET DE SOUDURE'!$X$7:$X$1506,"NT")+COUNTIFS('CARNET DE SOUDURE'!$B$7:$B$1506,$B22,'CARNET DE SOUDURE'!$X$7:$X$1506,"CO"))),0)) | M22: =IF($B22="","",COUNTIFS('CARNET DE SOUDURE'!$B$7:$B$1506,$B22,'CARNET DE SOUDURE'!$AM$7:$AM$1506,"À RADIOGRAPHIER")+COUNTIFS('CARNET DE SOUDURE'!$B$7:$B$1506,$B22,'CARNET DE SOUDURE'!$AM$7:$AM$1506,"RÉPARÉ – À RADIOGRAPHIER")+COUNTIFS('CARNET DE SOUDURE'!$B$7:$B$1506,$B22,'CARNET DE SOUDURE'!$AM$7:$AM$1506,"NX – RT À REFAIRE"))
B23: =IF(PARAMÈTRES!$B$17="","",PARAMÈTRES!$B$17) | C23: =IF($B23="","",N(PARAMÈTRES!$E$17)) | D23: =IF($B23="","",COUNTIFS('CARNET DE SOUDURE'!$B$7:$B$1506,$B23,'CARNET DE SOUDURE'!$R$7:$R$1506,"<>")) | E23: =IF($B23="","",MAX(0,C23-D23)) | F23: =IF($B23="","",IFERROR(D23/C23,0)) | G23: =IF($B23="","",COUNTIFS('CARNET DE SOUDURE'!$B$7:$B$1506,$B23,'CARNET DE SOUDURE'!$X$7:$X$1506,"<>")) | H23: =IF($B23="","",IFERROR(G23/D23,0)) | I23: =IF($B23="","",COUNTIFS('CARNET DE SOUDURE'!$B$7:$B$1506,$B23,'CARNET DE SOUDURE'!$AM$7:$AM$1506,"ACCEPTÉ")) | J23: =IF($B23="","",IFERROR(I23/D23,0)) | K23: =IF($B23="","",COUNTIFS('CARNET DE SOUDURE'!$B$7:$B$1506,$B23,'CARNET DE SOUDURE'!$AM$7:$AM$1506,"À RÉPARER")+COUNTIFS('CARNET DE SOUDURE'!$B$7:$B$1506,$B23,'CARNET DE SOUDURE'!$AM$7:$AM$1506,"COUPE – À RESOUDER")+COUNTIFS('CARNET DE SOUDURE'!$B$7:$B$1506,$B23,'CARNET DE SOUDURE'!$AM$7:$AM$1506,"VT REJETÉ – À REPRENDRE")) | L23: =IF($B23="","",IFERROR((COUNTIFS('CARNET DE SOUDURE'!$B$7:$B$1506,$B23,'CARNET DE SOUDURE'!$X$7:$X$1506,"R")+COUNTIFS('CARNET DE SOUDURE'!$B$7:$B$1506,$B23,'CARNET DE SOUDURE'!$X$7:$X$1506,"NT")+COUNTIFS('CARNET DE SOUDURE'!$B$7:$B$1506,$B23,'CARNET DE SOUDURE'!$X$7:$X$1506,"CO"))/(COUNTIFS('CARNET DE SOUDURE'!$B$7:$B$1506,$B23,'CARNET DE SOUDURE'!$X$7:$X$1506,"A")+(COUNTIFS('CARNET DE SOUDURE'!$B$7:$B$1506,$B23,'CARNET DE SOUDURE'!$X$7:$X$1506,"R")+COUNTIFS('CARNET DE SOUDURE'!$B$7:$B$1506,$B23,'CARNET DE SOUDURE'!$X$7:$X$1506,"NT")+COUNTIFS('CARNET DE SOUDURE'!$B$7:$B$1506,$B23,'CARNET DE SOUDURE'!$X$7:$X$1506,"CO"))),0)) | M23: =IF($B23="","",COUNTIFS('CARNET DE SOUDURE'!$B$7:$B$1506,$B23,'CARNET DE SOUDURE'!$AM$7:$AM$1506,"À RADIOGRAPHIER")+COUNTIFS('CARNET DE SOUDURE'!$B$7:$B$1506,$B23,'CARNET DE SOUDURE'!$AM$7:$AM$1506,"RÉPARÉ – À RADIOGRAPHIER")+COUNTIFS('CARNET DE SOUDURE'!$B$7:$B$1506,$B23,'CARNET DE SOUDURE'!$AM$7:$AM$1506,"NX – RT À REFAIRE"))
B24: =IF(PARAMÈTRES!$B$18="","",PARAMÈTRES!$B$18) | C24: =IF($B24="","",N(PARAMÈTRES!$E$18)) | D24: =IF($B24="","",COUNTIFS('CARNET DE SOUDURE'!$B$7:$B$1506,$B24,'CARNET DE SOUDURE'!$R$7:$R$1506,"<>")) | E24: =IF($B24="","",MAX(0,C24-D24)) | F24: =IF($B24="","",IFERROR(D24/C24,0)) | G24: =IF($B24="","",COUNTIFS('CARNET DE SOUDURE'!$B$7:$B$1506,$B24,'CARNET DE SOUDURE'!$X$7:$X$1506,"<>")) | H24: =IF($B24="","",IFERROR(G24/D24,0)) | I24: =IF($B24="","",COUNTIFS('CARNET DE SOUDURE'!$B$7:$B$1506,$B24,'CARNET DE SOUDURE'!$AM$7:$AM$1506,"ACCEPTÉ")) | J24: =IF($B24="","",IFERROR(I24/D24,0)) | K24: =IF($B24="","",COUNTIFS('CARNET DE SOUDURE'!$B$7:$B$1506,$B24,'CARNET DE SOUDURE'!$AM$7:$AM$1506,"À RÉPARER")+COUNTIFS('CARNET DE SOUDURE'!$B$7:$B$1506,$B24,'CARNET DE SOUDURE'!$AM$7:$AM$1506,"COUPE – À RESOUDER")+COUNTIFS('CARNET DE SOUDURE'!$B$7:$B$1506,$B24,'CARNET DE SOUDURE'!$AM$7:$AM$1506,"VT REJETÉ – À REPRENDRE")) | L24: =IF($B24="","",IFERROR((COUNTIFS('CARNET DE SOUDURE'!$B$7:$B$1506,$B24,'CARNET DE SOUDURE'!$X$7:$X$1506,"R")+COUNTIFS('CARNET DE SOUDURE'!$B$7:$B$1506,$B24,'CARNET DE SOUDURE'!$X$7:$X$1506,"NT")+COUNTIFS('CARNET DE SOUDURE'!$B$7:$B$1506,$B24,'CARNET DE SOUDURE'!$X$7:$X$1506,"CO"))/(COUNTIFS('CARNET DE SOUDURE'!$B$7:$B$1506,$B24,'CARNET DE SOUDURE'!$X$7:$X$1506,"A")+(COUNTIFS('CARNET DE SOUDURE'!$B$7:$B$1506,$B24,'CARNET DE SOUDURE'!$X$7:$X$1506,"R")+COUNTIFS('CARNET DE SOUDURE'!$B$7:$B$1506,$B24,'CARNET DE SOUDURE'!$X$7:$X$1506,"NT")+COUNTIFS('CARNET DE SOUDURE'!$B$7:$B$1506,$B24,'CARNET DE SOUDURE'!$X$7:$X$1506,"CO"))),0)) | M24: =IF($B24="","",COUNTIFS('CARNET DE SOUDURE'!$B$7:$B$1506,$B24,'CARNET DE SOUDURE'!$AM$7:$AM$1506,"À RADIOGRAPHIER")+COUNTIFS('CARNET DE SOUDURE'!$B$7:$B$1506,$B24,'CARNET DE SOUDURE'!$AM$7:$AM$1506,"RÉPARÉ – À RADIOGRAPHIER")+COUNTIFS('CARNET DE SOUDURE'!$B$7:$B$1506,$B24,'CARNET DE SOUDURE'!$AM$7:$AM$1506,"NX – RT À REFAIRE"))
B25: =IF(PARAMÈTRES!$B$19="","",PARAMÈTRES!$B$19) | C25: =IF($B25="","",N(PARAMÈTRES!$E$19)) | D25: =IF($B25="","",COUNTIFS('CARNET DE SOUDURE'!$B$7:$B$1506,$B25,'CARNET DE SOUDURE'!$R$7:$R$1506,"<>")) | E25: =IF($B25="","",MAX(0,C25-D25)) | F25: =IF($B25="","",IFERROR(D25/C25,0)) | G25: =IF($B25="","",COUNTIFS('CARNET DE SOUDURE'!$B$7:$B$1506,$B25,'CARNET DE SOUDURE'!$X$7:$X$1506,"<>")) | H25: =IF($B25="","",IFERROR(G25/D25,0)) | I25: =IF($B25="","",COUNTIFS('CARNET DE SOUDURE'!$B$7:$B$1506,$B25,'CARNET DE SOUDURE'!$AM$7:$AM$1506,"ACCEPTÉ")) | J25: =IF($B25="","",IFERROR(I25/D25,0)) | K25: =IF($B25="","",COUNTIFS('CARNET DE SOUDURE'!$B$7:$B$1506,$B25,'CARNET DE SOUDURE'!$AM$7:$AM$1506,"À RÉPARER")+COUNTIFS('CARNET DE SOUDURE'!$B$7:$B$1506,$B25,'CARNET DE SOUDURE'!$AM$7:$AM$1506,"COUPE – À RESOUDER")+COUNTIFS('CARNET DE SOUDURE'!$B$7:$B$1506,$B25,'CARNET DE SOUDURE'!$AM$7:$AM$1506,"VT REJETÉ – À REPRENDRE")) | L25: =IF($B25="","",IFERROR((COUNTIFS('CARNET DE SOUDURE'!$B$7:$B$1506,$B25,'CARNET DE SOUDURE'!$X$7:$X$1506,"R")+COUNTIFS('CARNET DE SOUDURE'!$B$7:$B$1506,$B25,'CARNET DE SOUDURE'!$X$7:$X$1506,"NT")+COUNTIFS('CARNET DE SOUDURE'!$B$7:$B$1506,$B25,'CARNET DE SOUDURE'!$X$7:$X$1506,"CO"))/(COUNTIFS('CARNET DE SOUDURE'!$B$7:$B$1506,$B25,'CARNET DE SOUDURE'!$X$7:$X$1506,"A")+(COUNTIFS('CARNET DE SOUDURE'!$B$7:$B$1506,$B25,'CARNET DE SOUDURE'!$X$7:$X$1506,"R")+COUNTIFS('CARNET DE SOUDURE'!$B$7:$B$1506,$B25,'CARNET DE SOUDURE'!$X$7:$X$1506,"NT")+COUNTIFS('CARNET DE SOUDURE'!$B$7:$B$1506,$B25,'CARNET DE SOUDURE'!$X$7:$X$1506,"CO"))),0)) | M25: =IF($B25="","",COUNTIFS('CARNET DE SOUDURE'!$B$7:$B$1506,$B25,'CARNET DE SOUDURE'!$AM$7:$AM$1506,"À RADIOGRAPHIER")+COUNTIFS('CARNET DE SOUDURE'!$B$7:$B$1506,$B25,'CARNET DE SOUDURE'!$AM$7:$AM$1506,"RÉPARÉ – À RADIOGRAPHIER")+COUNTIFS('CARNET DE SOUDURE'!$B$7:$B$1506,$B25,'CARNET DE SOUDURE'!$AM$7:$AM$1506,"NX – RT À REFAIRE"))
B26: TOTAL | C26: =SUM(C18:C25) -> 804 | D26: =SUM(D18:D25) -> 197 | E26: =SUM(E18:E25) -> 607 | F26: =IFERROR(D26/C26,0) -> 0.24502488 | G26: =SUM(G18:G25) -> 188 | H26: =IFERROR(G26/D26,0) -> 0.95431472 | I26: =SUM(I18:I25) -> 188 | J26: =IFERROR(I26/D26,0) -> 0.95431472 | K26: =SUM(K18:K25) -> 0 | L26: =IFERROR((COUNTIF('CARNET DE SOUDURE'!$X$7:$X$1506,"R")+COUNTIF('CARNET DE SOUDURE'!$X$7:$X$1506,"NT")+COUNTIF('CARNET DE SOUDURE'!$X$7:$X$1506,"CO"))/(COUNTIF('CARNET DE SOUDURE'!$X$7:$X$1506,"A")+COUNTIF('CARNET DE SOUDURE'!$X$7:$X$1506,"R")+COUNTIF('CARNET DE SOUDURE'!$X$7:$X$1506,"NT")+COUNTIF('CARNET DE SOUDURE'!$X$7:$X$1506,"CO")),0) -> 0.010695187 | M26: =SUM(M18:M25) -> 9
J28: Statut | L28: Joints | M28: %
J29: ACCEPTÉ | L29: =COUNTIFS('CARNET DE SOUDURE'!$B$7:$B$1506,$O$5,'CARNET DE SOUDURE'!$AM$7:$AM$1506,"ACCEPTÉ") -> 188 | M29: =IFERROR(L29/SUM($L$29:$L$37),0) -> 0.23354037
J30: À RADIOGRAPHIER | L30: =COUNTIFS('CARNET DE SOUDURE'!$B$7:$B$1506,$O$5,'CARNET DE SOUDURE'!$AM$7:$AM$1506,"À RADIOGRAPHIER") -> 9 | M30: =IFERROR(L30/SUM($L$29:$L$37),0) -> 0.011180124
J31: RÉPARÉ – À RADIOGRAPHIER | L31: =COUNTIFS('CARNET DE SOUDURE'!$B$7:$B$1506,$O$5,'CARNET DE SOUDURE'!$AM$7:$AM$1506,"RÉPARÉ – À RADIOGRAPHIER") -> 0 | M31: =IFERROR(L31/SUM($L$29:$L$37),0) -> 0
J32: NX – RT À REFAIRE | L32: =COUNTIFS('CARNET DE SOUDURE'!$B$7:$B$1506,$O$5,'CARNET DE SOUDURE'!$AM$7:$AM$1506,"NX – RT À REFAIRE") -> 0 | M32: =IFERROR(L32/SUM($L$29:$L$37),0) -> 0
J33: À RÉPARER | L33: =COUNTIFS('CARNET DE SOUDURE'!$B$7:$B$1506,$O$5,'CARNET DE SOUDURE'!$AM$7:$AM$1506,"À RÉPARER") -> 0 | M33: =IFERROR(L33/SUM($L$29:$L$37),0) -> 0
J34: COUPE – À RESOUDER | L34: =COUNTIFS('CARNET DE SOUDURE'!$B$7:$B$1506,$O$5,'CARNET DE SOUDURE'!$AM$7:$AM$1506,"COUPE – À RESOUDER") -> 0 | M34: =IFERROR(L34/SUM($L$29:$L$37),0) -> 0
J35: VT REJETÉ – À REPRENDRE | L35: =COUNTIFS('CARNET DE SOUDURE'!$B$7:$B$1506,$O$5,'CARNET DE SOUDURE'!$AM$7:$AM$1506,"VT REJETÉ – À REPRENDRE") -> 0 | M35: =IFERROR(L35/SUM($L$29:$L$37),0) -> 0
J36: VT EN ATTENTE | L36: =COUNTIFS('CARNET DE SOUDURE'!$B$7:$B$1506,$O$5,'CARNET DE SOUDURE'!$AM$7:$AM$1506,"VT EN ATTENTE") -> 0 | M36: =IFERROR(L36/SUM($L$29:$L$37),0) -> 0
J37: À SOUDER | L37: =COUNTIFS('CARNET DE SOUDURE'!$B$7:$B$1506,$O$5,'CARNET DE SOUDURE'!$AM$7:$AM$1506,"À SOUDER") -> 608 | M37: =IFERROR(L37/SUM($L$29:$L$37),0) -> 0.7552795
B55: PERFORMANCE DES SOUDEURS (toutes lignes)
B56: WR | C56: Nom | E56: Joints soudés | F56: Radiographiés | G56: Rejetés | H56: Taux de réparation | I56: Évaluation
B57: =SOUDEURS!B6 -> WR-01 | C57: =IF(SOUDEURS!C6="","",SOUDEURS!C6) -> BRAHIMI Boumediene | E57: =SOUDEURS!F6 -> 0 | F57: =SOUDEURS!G6 -> 0 | G57: =SOUDEURS!H6 -> 0 | H57: =SOUDEURS!I6 -> 0 | I57: =SOUDEURS!K6 -> —
B58: =SOUDEURS!B7 -> WR-02 | C58: =IF(SOUDEURS!C7="","",SOUDEURS!C7) -> MEHANGUEF Med Amine | E58: =SOUDEURS!F7 -> 86 | F58: =SOUDEURS!G7 -> 80 | G58: =SOUDEURS!H7 -> 1 | H58: =SOUDEURS!I7 -> 0.0125 | I58: =SOUDEURS!K7 -> Excellent
B59: =SOUDEURS!B8 -> WR-03 | C59: =IF(SOUDEURS!C8="","",SOUDEURS!C8) -> BEN KREDDA Mohammed Amine | E59: =SOUDEURS!F8 -> 0 | F59: =SOUDEURS!G8 -> 0 | G59: =SOUDEURS!H8 -> 0 | H59: =SOUDEURS!I8 -> 0 | I59: =SOUDEURS!K8 -> —
B60: =SOUDEURS!B9 -> WR-04 | C60: =IF(SOUDEURS!C9="","",SOUDEURS!C9) -> DEHKEL Ammar | E60: =SOUDEURS!F9 -> 0 | F60: =SOUDEURS!G9 -> 0 | G60: =SOUDEURS!H9 -> 0 | H60: =SOUDEURS!I9 -> 0 | I60: =SOUDEURS!K9 -> —
B61: =SOUDEURS!B10 -> WR-05 | C61: =IF(SOUDEURS!C10="","",SOUDEURS!C10) -> KHOCHNI Sofiane | E61: =SOUDEURS!F10 -> 169 | F61: =SOUDEURS!G10 -> 168 | G61: =SOUDEURS!H10 -> 2 | H61: =SOUDEURS!I10 -> 0.011904762 | I61: =SOUDEURS!K10 -> Excellent
B62: =SOUDEURS!B11 -> WR-06 | C62: =IF(SOUDEURS!C11="","",SOUDEURS!C11) -> ACHOUR Walid | E62: =SOUDEURS!F11 -> 62 | F62: =SOUDEURS!G11 -> 61 | G62: =SOUDEURS!H11 -> 1 | H62: =SOUDEURS!I11 -> 0.016393443 | I62: =SOUDEURS!K11 -> Excellent
B63: =SOUDEURS!B12 -> WR-07 | C63: =IF(SOUDEURS!C12="","",SOUDEURS!C12) | E63: =SOUDEURS!F12 -> 0 | F63: =SOUDEURS!G12 -> 0 | G63: =SOUDEURS!H12 -> 0 | H63: =SOUDEURS!I12 -> 0 | I63: =SOUDEURS!K12 -> —
B64: =SOUDEURS!B13 -> WR-08 | C64: =IF(SOUDEURS!C13="","",SOUDEURS!C13) | E64: =SOUDEURS!F13 -> 0 | F64: =SOUDEURS!G13 -> 0 | G64: =SOUDEURS!H13 -> 0 | H64: =SOUDEURS!I13 -> 0 | I64: =SOUDEURS!K13 -> —
B65: =SOUDEURS!B14 -> WR-09 | C65: =IF(SOUDEURS!C14="","",SOUDEURS!C14) -> LALA Lazhar | E65: =SOUDEURS!F14 -> 14 | F65: =SOUDEURS!G14 -> 10 | G65: =SOUDEURS!H14 -> 0 | H65: =SOUDEURS!I14 -> 0 | I65: =SOUDEURS!K14 -> Excellent
B66: =SOUDEURS!B15 -> WR-10 | C66: =IF(SOUDEURS!C15="","",SOUDEURS!C15) -> BOUTAIBA Nour Eddine | E66: =SOUDEURS!F15 -> 39 | F66: =SOUDEURS!G15 -> 39 | G66: =SOUDEURS!H15 -> 0 | H66: =SOUDEURS!I15 -> 0 | I66: =SOUDEURS!K15 -> Excellent
B67: =SOUDEURS!B16 -> WR-11 | C67: =IF(SOUDEURS!C16="","",SOUDEURS!C16) -> HAMOUCHE Zahir | E67: =SOUDEURS!F16 -> 0 | F67: =SOUDEURS!G16 -> 0 | G67: =SOUDEURS!H16 -> 0 | H67: =SOUDEURS!I16 -> 0 | I67: =SOUDEURS!K16 -> —
B68: =SOUDEURS!B17 -> WR-12 | C68: =IF(SOUDEURS!C17="","",SOUDEURS!C17) | E68: =SOUDEURS!F17 -> 0 | F68: =SOUDEURS!G17 -> 0 | G68: =SOUDEURS!H17 -> 0 | H68: =SOUDEURS!I17 -> 0 | I68: =SOUDEURS!K17 -> —
... B71: =SOUDEURS!B20 -> WR-15 | C71: =IF(SOUDEURS!C20="","",SOUDEURS!C20) | E71: =SOUDEURS!F20 -> 0 | F71: =SOUDEURS!G20 -> 0 | G71: =SOUDEURS!H20 -> 0 | H71: =SOUDEURS!I20 -> 0 | I71: =SOUDEURS!K20 -> —

Sheet CARNET DE SOUDURE
A1: CARNET DE SOUDURE — PIPELINE
A2: =PARAMÈTRES!$C$4&" • Affaire N° "&PARAMÈTRES!$C$5&" • Saisir uniquement les colonnes en bleu — les colonnes N°, Nb RT, Dernier RT, STATUT et Attente sont automatiques" -> Extension du réseau de collecte de GTFT (11 nouveaux puits) • Affaire N° 8546 • Saisir uniquement les colonnes en bleu — les colonnes N°, Nb RT, Dernier RT, STATUT et Attente sont automatiques
B3: Joints : | C3: =COUNTA(E7:E1506) -> 805 | E3: Soudés : | F3: =COUNT(R7:R1506) -> 197 | I3: Acceptés : | J3: =COUNTIF(AM7:AM1506,"ACCEPTÉ") -> 188 | M3: À radiographier : | P3: =SUMPRODUCT((AM7:AM1506="À RADIOGRAPHIER")+(AM7:AM1506="RÉPARÉ – À RADIOGRAPHIER")+(AM7:AM1506="NX – RT À REFAIRE")) -> 9 | S3: À réparer : | V3: =SUMPRODUCT((AM7:AM1506="À RÉPARER")+(AM7:AM1506="COUPE – À RESOUDER")+(AM7:AM1506="VT REJETÉ – À REPRENDRE")) -> 0
A5: IDENTIFICATION DU JOINT | O5: SOUDAGE | S5: CONTRÔLE VISUEL (VT) | V5: RADIOGRAPHIE RT-01 | Y5: RÉPARATION 1 → VT → RT | AD5: RÉPARATION 2 → VT → RT | AI5: PROGRAMME & SUIVI
A6: N° | B6: Ligne | C6: Tronçon | D6: PK | E6: N° Joint | F6: Zone | G6: Ø | H6: Ép. (mm) | I6: Nuance | J6: WPS | K6: Tube 1 | L6: Coulée 1 | M6: Tube 2 | N6: Coulée 2 | O6: WR 1ère passe | P6: WR 2ème passe | Q6: WR B+F | R6: Date soudage | S6: VT Date | T6: VT PV N° | U6: VT Rés. | V6: RT1 Date | W6: RT1 PV N° | X6: RT1 Rés. | Y6: R1 WR | Z6: R1 VT Rés. | AA6: R1 RT Date | AB6: R1 RT PV N° | AC6: R1 RT Rés. | AD6: R2 WR | AE6: R2 VT Rés. | AF6: R2 RT Date | AG6: R2 RT PV N° | AH6: R2 RT Rés. | AI6: RT programmé le | AJ6: Remarques | AK6: Nb RT | AL6: Dernier RT | AM6: STATUT | AN6: Attente (j) | AO6: hRT | AP6: hRTn | AQ6: hREP | AR6: hREPn
A7: =IF(E7="","",ROW()-6) -> 1 | B7: TFT 716 → TL7-MMFW2 | D7: 0.00 | E7: JN°001 | F7: A | G7: 6" | H7: 11 | L7: =IF(K7="","",IFERROR(INDEX(BARDAGE!$C$7:$C$1506,MATCH(K7,BARDAGE!$B$7:$B$1506,0)),"? hors registre")) | N7: =IF(M7="","",IFERROR(INDEX(BARDAGE!$C$7:$C$1506,MATCH(M7,BARDAGE!$B$7:$B$1506,0)),"? hors registre")) | AK7: =IF(E7="","",(X7<>"")+(AC7<>"")+(AH7<>"")) -> 0 | AL7: =IF(AH7<>"",AH7,IF(AC7<>"",AC7,IF(X7<>"",X7,""))) | AM7: =IF(E7="","",IF(R7="","À SOUDER",IF(U7="","VT EN ATTENTE",IF(U7="R","VT REJETÉ – À REPRENDRE",IF(AL7="","À RADIOGRAPHIER",IF(AL7="A","ACCEPTÉ",IF(AL7="NX","NX – RT À REFAIRE",IF(IF(AK7=1,Z7,IF(AK7=2,AE7,""))="A","RÉPARÉ – À RADIOGRAPHIER",IF(IF(AK7=1,Z7,IF(AK7=2,AE7,""))="R","VT REJETÉ – À REPRENDRE",IF(OR(AL7="CO",AL7="NT"),"COUPE – À RESOUDER","À RÉPARER")))))))))) -> À SOUDER | AN7: =IF(AND(ISNUMBER(R7),OR(AM7="À RADIOGRAPHIER",AM7="RÉPARÉ – À RADIOGRAPHIER",AM7="NX – RT À REFAIRE",AM7="À RÉPARER",AM7="COUPE – À RESOUDER",AM7="VT REJETÉ – À REPRENDRE")),MAX(0,'PROGRAMME RT'!$C$4-R7),"") | AO7: =IF(AND(OR(AM7="À RADIOGRAPHIER",AM7="RÉPARÉ – À RADIOGRAPHIER",AM7="NX – RT À REFAIRE"),OR('PROGRAMME RT'!$D$5="TOUTES",B7='PROGRAMME RT'!$D$5)),1,0) -> 0 | AP7: =IF(AO7=1,SUM(AO$7:AO7),"") | AQ7: =IF(AND(OR(X7="R",X7="NX",X7="NT",X7="CO"),OR('JOINTS DE RÉPARATION'!$D$5="TOUTES",B7='JOINTS DE RÉPARATION'!$D$5),OR('JOINTS DE RÉPARATION'!$L$4="TOUS",AM7<>"ACCEPTÉ")),1,0) -> 0 | AR7: =IF(AQ7=1,SUM(AQ$7:AQ7),"")
A8: =IF(E8="","",ROW()-6) -> 2 | B8: TFT 716 → TL7-MMFW2 | D8: 0.00 | E8: JN°002 | F8: A | G8: 6" | H8: 11 | L8: =IF(K8="","",IFERROR(INDEX(BARDAGE!$C$7:$C$1506,MATCH(K8,BARDAGE!$B$7:$B$1506,0)),"? hors registre")) | N8: =IF(M8="","",IFERROR(INDEX(BARDAGE!$C$7:$C$1506,MATCH(M8,BARDAGE!$B$7:$B$1506,0)),"? hors registre")) | AK8: =IF(E8="","",(X8<>"")+(AC8<>"")+(AH8<>"")) -> 0 | AL8: =IF(AH8<>"",AH8,IF(AC8<>"",AC8,IF(X8<>"",X8,""))) | AM8: =IF(E8="","",IF(R8="","À SOUDER",IF(U8="","VT EN ATTENTE",IF(U8="R","VT REJETÉ – À REPRENDRE",IF(AL8="","À RADIOGRAPHIER",IF(AL8="A","ACCEPTÉ",IF(AL8="NX","NX – RT À REFAIRE",IF(IF(AK8=1,Z8,IF(AK8=2,AE8,""))="A","RÉPARÉ – À RADIOGRAPHIER",IF(IF(AK8=1,Z8,IF(AK8=2,AE8,""))="R","VT REJETÉ – À REPRENDRE",IF(OR(AL8="CO",AL8="NT"),"COUPE – À RESOUDER","À RÉPARER")))))))))) -> À SOUDER | AN8: =IF(AND(ISNUMBER(R8),OR(AM8="À RADIOGRAPHIER",AM8="RÉPARÉ – À RADIOGRAPHIER",AM8="NX – RT À REFAIRE",AM8="À RÉPARER",AM8="COUPE – À RESOUDER",AM8="VT REJETÉ – À REPRENDRE")),MAX(0,'PROGRAMME RT'!$C$4-R8),"") | AO8: =IF(AND(OR(AM8="À RADIOGRAPHIER",AM8="RÉPARÉ – À RADIOGRAPHIER",AM8="NX – RT À REFAIRE"),OR('PROGRAMME RT'!$D$5="TOUTES",B8='PROGRAMME RT'!$D$5)),1,0) -> 0 | AP8: =IF(AO8=1,SUM(AO$7:AO8),"") | AQ8: =IF(AND(OR(X8="R",X8="NX",X8="NT",X8="CO"),OR('JOINTS DE RÉPARATION'!$D$5="TOUTES",B8='JOINTS DE RÉPARATION'!$D$5),OR('JOINTS DE RÉPARATION'!$L$4="TOUS",AM8<>"ACCEPTÉ")),1,0) -> 0 | AR8: =IF(AQ8=1,SUM(AQ$7:AQ8),"")
A9: =IF(E9="","",ROW()-6) -> 3 | B9: TFT 716 → TL7-MMFW2 | D9: 0.00 | E9: JN°003 | F9: A | G9: 6" | H9: 11 | L9: =IF(K9="","",IFERROR(INDEX(BARDAGE!$C$7:$C$1506,MATCH(K9,BARDAGE!$B$7:$B$1506,0)),"? hors registre")) | N9: =IF(M9="","",IFERROR(INDEX(BARDAGE!$C$7:$C$1506,MATCH(M9,BARDAGE!$B$7:$B$1506,0)),"? hors registre")) | AK9: =IF(E9="","",(X9<>"")+(AC9<>"")+(AH9<>"")) -> 0 | AL9: =IF(AH9<>"",AH9,IF(AC9<>"",AC9,IF(X9<>"",X9,""))) | AM9: =IF(E9="","",IF(R9="","À SOUDER",IF(U9="","VT EN ATTENTE",IF(U9="R","VT REJETÉ – À REPRENDRE",IF(AL9="","À RADIOGRAPHIER",IF(AL9="A","ACCEPTÉ",IF(AL9="NX","NX – RT À REFAIRE",IF(IF(AK9=1,Z9,IF(AK9=2,AE9,""))="A","RÉPARÉ – À RADIOGRAPHIER",IF(IF(AK9=1,Z9,IF(AK9=2,AE9,""))="R","VT REJETÉ – À REPRENDRE",IF(OR(AL9="CO",AL9="NT"),"COUPE – À RESOUDER","À RÉPARER")))))))))) -> À SOUDER | AN9: =IF(AND(ISNUMBER(R9),OR(AM9="À RADIOGRAPHIER",AM9="RÉPARÉ – À RADIOGRAPHIER",AM9="NX – RT À REFAIRE",AM9="À RÉPARER",AM9="COUPE – À RESOUDER",AM9="VT REJETÉ – À REPRENDRE")),MAX(0,'PROGRAMME RT'!$C$4-R9),"") | AO9: =IF(AND(OR(AM9="À RADIOGRAPHIER",AM9="RÉPARÉ – À RADIOGRAPHIER",AM9="NX – RT À REFAIRE"),OR('PROGRAMME RT'!$D$5="TOUTES",B9='PROGRAMME RT'!$D$5)),1,0) -> 0 | AP9: =IF(AO9=1,SUM(AO$7:AO9),"") | AQ9: =IF(AND(OR(X9="R",X9="NX",X9="NT",X9="CO"),OR('JOINTS DE RÉPARATION'!$D$5="TOUTES",B9='JOINTS DE RÉPARATION'!$D$5),OR('JOINTS DE RÉPARATION'!$L$4="TOUS",AM9<>"ACCEPTÉ")),1,0) -> 0 | AR9: =IF(AQ9=1,SUM(AQ$7:AQ9),"")
A10: =IF(E10="","",ROW()-6) -> 4 | B10: TFT 716 → TL7-MMFW2 | D10: 0.00 | E10: JN°004 | F10: A | G10: 6" | H10: 11 | L10: =IF(K10="","",IFERROR(INDEX(BARDAGE!$C$7:$C$1506,MATCH(K10,BARDAGE!$B$7:$B$1506,0)),"? hors registre")) | N10: =IF(M10="","",IFERROR(INDEX(BARDAGE!$C$7:$C$1506,MATCH(M10,BARDAGE!$B$7:$B$1506,0)),"? hors registre")) | AK10: =IF(E10="","",(X10<>"")+(AC10<>"")+(AH10<>"")) -> 0 | AL10: =IF(AH10<>"",AH10,IF(AC10<>"",AC10,IF(X10<>"",X10,""))) | AM10: =IF(E10="","",IF(R10="","À SOUDER",IF(U10="","VT EN ATTENTE",IF(U10="R","VT REJETÉ – À REPRENDRE",IF(AL10="","À RADIOGRAPHIER",IF(AL10="A","ACCEPTÉ",IF(AL10="NX","NX – RT À REFAIRE",IF(IF(AK10=1,Z10,IF(AK10=2,AE10,""))="A","RÉPARÉ – À RADIOGRAPHIER",IF(IF(AK10=1,Z10,IF(AK10=2,AE10,""))="R","VT REJETÉ – À REPRENDRE",IF(OR(AL10="CO",AL10="NT"),"COUPE – À RESOUDER","À RÉPARER")))))))))) -> À SOUDER | AN10: =IF(AND(ISNUMBER(R10),OR(AM10="À RADIOGRAPHIER",AM10="RÉPARÉ – À RADIOGRAPHIER",AM10="NX – RT À REFAIRE",AM10="À RÉPARER",AM10="COUPE – À RESOUDER",AM10="VT REJETÉ – À REPRENDRE")),MAX(0,'PROGRAMME RT'!$C$4-R10),"") | AO10: =IF(AND(OR(AM10="À RADIOGRAPHIER",AM10="RÉPARÉ – À RADIOGRAPHIER",AM10="NX – RT À REFAIRE"),OR('PROGRAMME RT'!$D$5="TOUTES",B10='PROGRAMME RT'!$D$5)),1,0) -> 0 | AP10: =IF(AO10=1,SUM(AO$7:AO10),"") | AQ10: =IF(AND(OR(X10="R",X10="NX",X10="NT",X10="CO"),OR('JOINTS DE RÉPARATION'!$D$5="TOUTES",B10='JOINTS DE RÉPARATION'!$D$5),OR('JOINTS DE RÉPARATION'!$L$4="TOUS",AM10<>"ACCEPTÉ")),1,0) -> 0 | AR10: =IF(AQ10=1,SUM(AQ$7:AQ10),"")
A11: =IF(E11="","",ROW()-6) -> 5 | B11: TFT 716 → TL7-MMFW2 | D11: 0.00 | E11: JN°005 | F11: A | G11: 6" | H11: 11 | L11: =IF(K11="","",IFERROR(INDEX(BARDAGE!$C$7:$C$1506,MATCH(K11,BARDAGE!$B$7:$B$1506,0)),"? hors registre")) | M11: Z70235 | N11: =IF(M11="","",IFERROR(INDEX(BARDAGE!$C$7:$C$1506,MATCH(M11,BARDAGE!$B$7:$B$1506,0)),"? hors registre")) -> 24803579 | AK11: =IF(E11="","",(X11<>"")+(AC11<>"")+(AH11<>"")) -> 0 | AL11: =IF(AH11<>"",AH11,IF(AC11<>"",AC11,IF(X11<>"",X11,""))) | AM11: =IF(E11="","",IF(R11="","À SOUDER",IF(U11="","VT EN ATTENTE",IF(U11="R","VT REJETÉ – À REPRENDRE",IF(AL11="","À RADIOGRAPHIER",IF(AL11="A","ACCEPTÉ",IF(AL11="NX","NX – RT À REFAIRE",IF(IF(AK11=1,Z11,IF(AK11=2,AE11,""))="A","RÉPARÉ – À RADIOGRAPHIER",IF(IF(AK11=1,Z11,IF(AK11=2,AE11,""))="R","VT REJETÉ – À REPRENDRE",IF(OR(AL11="CO",AL11="NT"),"COUPE – À RESOUDER","À RÉPARER")))))))))) -> À SOUDER | AN11: =IF(AND(ISNUMBER(R11),OR(AM11="À RADIOGRAPHIER",AM11="RÉPARÉ – À RADIOGRAPHIER",AM11="NX – RT À REFAIRE",AM11="À RÉPARER",AM11="COUPE – À RESOUDER",AM11="VT REJETÉ – À REPRENDRE")),MAX(0,'PROGRAMME RT'!$C$4-R11),"") | AO11: =IF(AND(OR(AM11="À RADIOGRAPHIER",AM11="RÉPARÉ – À RADIOGRAPHIER",AM11="NX – RT À REFAIRE"),OR('PROGRAMME RT'!$D$5="TOUTES",B11='PROGRAMME RT'!$D$5)),1,0) -> 0 | AP11: =IF(AO11=1,SUM(AO$7:AO11),"") | AQ11: =IF(AND(OR(X11="R",X11="NX",X11="NT",X11="CO"),OR('JOINTS DE RÉPARATION'!$D$5="TOUTES",B11='JOINTS DE RÉPARATION'!$D$5),OR('JOINTS DE RÉPARATION'!$L$4="TOUS",AM11<>"ACCEPTÉ")),1,0) -> 0 | AR11: =IF(AQ11=1,SUM(AQ$7:AQ11),"")
A12: =IF(E12="","",ROW()-6) -> 6 | B12: TFT 716 → TL7-MMFW2 | C12: 08 | D12: 0.00 | E12: JN°006 | F12: A | G12: 6" | H12: 11 | I12: API 5L_X60 | J12: TFT-PPL-06 | K12: Z70235 | L12: =IF(K12="","",IFERROR(INDEX(BARDAGE!$C$7:$C$1506,MATCH(K12,BARDAGE!$B$7:$B$1506,0)),"? hors registre")) -> 24803579 | M12: Z69902 | N12: =IF(M12="","",IFERROR(INDEX(BARDAGE!$C$7:$C$1506,MATCH(M12,BARDAGE!$B$7:$B$1506,0)),"? hors registre")) -> 24803579 | O12: WR-09 | P12: WR-09 | Q12: WR-09 | R12: 45915 | S12: 45915 | T12: VT-027 | U12: A | V12: 45917 | W12: L-RT-17 | X12: A | AK12: =IF(E12="","",(X12<>"")+(AC12<>"")+(AH12<>"")) -> 1 | AL12: =IF(AH12<>"",AH12,IF(AC12<>"",AC12,IF(X12<>"",X12,""))) -> A | AM12: =IF(E12="","",IF(R12="","À SOUDER",IF(U12="","VT EN ATTENTE",IF(U12="R","VT REJETÉ – À REPRENDRE",IF(AL12="","À RADIOGRAPHIER",IF(AL12="A","ACCEPTÉ",IF(AL12="NX","NX – RT À REFAIRE",IF(IF(AK12=1,Z12,IF(AK12=2,AE12,""))="A","RÉPARÉ – À RADIOGRAPHIER",IF(IF(AK12=1,Z12,IF(AK12=2,AE12,""))="R","VT REJETÉ – À REPRENDRE",IF(OR(AL12="CO",AL12="NT"),"COUPE – À RESOUDER","À RÉPARER")))))))))) -> ACCEPTÉ | AN12: =IF(AND(ISNUMBER(R12),OR(AM12="À RADIOGRAPHIER",AM12="RÉPARÉ – À RADIOGRAPHIER",AM12="NX – RT À REFAIRE",AM12="À RÉPARER",AM12="COUPE – À RESOUDER",AM12="VT REJETÉ – À REPRENDRE")),MAX(0,'PROGRAMME RT'!$C$4-R12),"") | AO12: =IF(AND(OR(AM12="À RADIOGRAPHIER",AM12="RÉPARÉ – À RADIOGRAPHIER",AM12="NX – RT À REFAIRE"),OR('PROGRAMME RT'!$D$5="TOUTES",B12='PROGRAMME RT'!$D$5)),1,0) -> 0 | AP12: =IF(AO12=1,SUM(AO$7:AO12),"") | AQ12: =IF(AND(OR(X12="R",X12="NX",X12="NT",X12="CO"),OR('JOINTS DE RÉPARATION'!$D$5="TOUTES",B12='JOINTS DE RÉPARATION'!$D$5),OR('JOINTS DE RÉPARATION'!$L$4="TOUS",AM12<>"ACCEPTÉ")),1,0) -> 0 | AR12: =IF(AQ12=1,SUM(AQ$7:AQ12),"")
A13: =IF(E13="","",ROW()-6) -> 7 | B13: TFT 716 → TL7-MMFW2 | C13: 08 | D13: 0.00 | E13: JN°007 | F13: A | G13: 6" | H13: 11 | I13: API 5L_X60 | J13: TFT-PPL-06 | K13: Z69902 | L13: =IF(K13="","",IFERROR(INDEX(BARDAGE!$C$7:$C$1506,MATCH(K13,BARDAGE!$B$7:$B$1506,0)),"? hors registre")) -> 24803579 | M13: Z71206 | N13: =IF(M13="","",IFERROR(INDEX(BARDAGE!$C$7:$C$1506,MATCH(M13,BARDAGE!$B$7:$B$1506,0)),"? hors registre")) -> 24703645 | O13: WR-09 | P13: WR-09 | Q13: WR-09 | R13: 45914 | S13: 45914 | T13: VT-026 | U13: A | V13: 45917 | W13: L-RT-17 | X13: A | AK13: =IF(E13="","",(X13<>"")+(AC13<>"")+(AH13<>"")) -> 1 | AL13: =IF(AH13<>"",AH13,IF(AC13<>"",AC13,IF(X13<>"",X13,""))) -> A | AM13: =IF(E13="","",IF(R13="","À SOUDER",IF(U13="","VT EN ATTENTE",IF(U13="R","VT REJETÉ – À REPRENDRE",IF(AL13="","À RADIOGRAPHIER",IF(AL13="A","ACCEPTÉ",IF(AL13="NX","NX – RT À REFAIRE",IF(IF(AK13=1,Z13,IF(AK13=2,AE13,""))="A","RÉPARÉ – À RADIOGRAPHIER",IF(IF(AK13=1,Z13,IF(AK13=2,AE13,""))="R","VT REJETÉ – À REPRENDRE",IF(OR(AL13="CO",AL13="NT"),"COUPE – À RESOUDER","À RÉPARER")))))))))) -> ACCEPTÉ | AN13: =IF(AND(ISNUMBER(R13),OR(AM13="À RADIOGRAPHIER",AM13="RÉPARÉ – À RADIOGRAPHIER",AM13="NX – RT À REFAIRE",AM13="À RÉPARER",AM13="COUPE – À RESOUDER",AM13="VT REJETÉ – À REPRENDRE")),MAX(0,'PROGRAMME RT'!$C$4-R13),"") | AO13: =IF(AND(OR(AM13="À RADIOGRAPHIER",AM13="RÉPARÉ – À RADIOGRAPHIER",AM13="NX – RT À REFAIRE"),OR('PROGRAMME RT'!$D$5="TOUTES",B13='PROGRAMME RT'!$D$5)),1,0) -> 0 | AP13: =IF(AO13=1,SUM(AO$7:AO13),"") | AQ13: =IF(AND(OR(X13="R",X13="NX",X13="NT",X13="CO"),OR('JOINTS DE RÉPARATION'!$D$5="TOUTES",B13='JOINTS DE RÉPARATION'!$D$5),OR('JOINTS DE RÉPARATION'!$L$4="TOUS",AM13<>"ACCEPTÉ")),1,0) -> 0 | AR13: =IF(AQ13=1,SUM(AQ$7:AQ13),"")
A14: =IF(E14="","",ROW()-6) -> 8 | B14: TFT 716 → TL7-MMFW2 | C14: 08 | D14: 0.00 | E14: JN°008 | F14: A | G14: 6" | H14: 11 | I14: API 5L_X60 | J14: TFT-PPL-06 | K14: Z71206 | L14: =IF(K14="","",IFERROR(INDEX(BARDAGE!$C$7:$C$1506,MATCH(K14,BARDAGE!$B$7:$B$1506,0)),"? hors registre")) -> 24703645 | M14: Z71179 | N14: =IF(M14="","",IFERROR(INDEX(BARDAGE!$C$7:$C$1506,MATCH(M14,BARDAGE!$B$7:$B$1506,0)),"? hors registre")) -> 852404002201 | O14: WR-02 | P14: WR-02 | Q14: WR-02 | R14: 45914 | S14: 45914 | T14: VT-026 | U14: A | V14: 45917 | W14: L-RT-17 | X14: A | AK14: =IF(E14="","",(X14<>"")+(AC14<>"")+(AH14<>"")) -> 1 | AL14: =IF(AH14<>"",AH14,IF(AC14<>"",AC14,IF(X14<>"",X14,""))) -> A | AM14: =IF(E14="","",IF(R14="","À SOUDER",IF(U14="","VT EN ATTENTE",IF(U14="R","VT REJETÉ – À REPRENDRE",IF(AL14="","À RADIOGRAPHIER",IF(AL14="A","ACCEPTÉ",IF(AL14="NX","NX – RT À REFAIRE",IF(IF(AK14=1,Z14,IF(AK14=2,AE14,""))="A","RÉPARÉ – À RADIOGRAPHIER",IF(IF(AK14=1,Z14,IF(AK14=2,AE14,""))="R","VT REJETÉ – À REPRENDRE",IF(OR(AL14="CO",AL14="NT"),"COUPE – À RESOUDER","À RÉPARER")))))))))) -> ACCEPTÉ | AN14: =IF(AND(ISNUMBER(R14),OR(AM14="À RADIOGRAPHIER",AM14="RÉPARÉ – À RADIOGRAPHIER",AM14="NX – RT À REFAIRE",AM14="À RÉPARER",AM14="COUPE – À RESOUDER",AM14="VT REJETÉ – À REPRENDRE")),MAX(0,'PROGRAMME RT'!$C$4-R14),"") | AO14: =IF(AND(OR(AM14="À RADIOGRAPHIER",AM14="RÉPARÉ – À RADIOGRAPHIER",AM14="NX – RT À REFAIRE"),OR('PROGRAMME RT'!$D$5="TOUTES",B14='PROGRAMME RT'!$D$5)),1,0) -> 0 | AP14: =IF(AO14=1,SUM(AO$7:AO14),"") | AQ14: =IF(AND(OR(X14="R",X14="NX",X14="NT",X14="CO"),OR('JOINTS DE RÉPARATION'!$D$5="TOUTES",B14='JOINTS DE RÉPARATION'!$D$5),OR('JOINTS DE RÉPARATION'!$L$4="TOUS",AM14<>"ACCEPTÉ")),1,0) -> 0 | AR14: =IF(AQ14=1,SUM(AQ$7:AQ14),"")
A15: =IF(E15="","",ROW()-6) -> 9 | B15: TFT 716 → TL7-MMFW2 | C15: 08 | D15: 0.00 | E15: JN°009 | F15: A | G15: 6" | H15: 11 | I15: API 5L_X60 | J15: TFT-PPL-06 | K15: Z71179 | L15: =IF(K15="","",IFERROR(INDEX(BARDAGE!$C$7:$C$1506,MATCH(K15,BARDAGE!$B$7:$B$1506,0)),"? hors registre")) -> 852404002201 | M15: Z68652 | N15: =IF(M15="","",IFERROR(INDEX(BARDAGE!$C$7:$C$1506,MATCH(M15,BARDAGE!$B$7:$B$1506,0)),"? hors registre")) -> 852404000882 | O15: WR-09 | P15: WR-09 | Q15: WR-09 | R15: 45908 | S15: 45908 | T15: VT-021 | U15: A | V15: 45915 | W15: L-RT-16 | X15: A | AK15: =IF(E15="","",(X15<>"")+(AC15<>"")+(AH15<>"")) -> 1 | AL15: =IF(AH15<>"",AH15,IF(AC15<>"",AC15,IF(X15<>"",X15,""))) -> A | AM15: =IF(E15="","",IF(R15="","À SOUDER",IF(U15="","VT EN ATTENTE",IF(U15="R","VT REJETÉ – À REPRENDRE",IF(AL15="","À RADIOGRAPHIER",IF(AL15="A","ACCEPTÉ",IF(AL15="NX","NX – RT À REFAIRE",IF(IF(AK15=1,Z15,IF(AK15=2,AE15,""))="A","RÉPARÉ – À RADIOGRAPHIER",IF(IF(AK15=1,Z15,IF(AK15=2,AE15,""))="R","VT REJETÉ – À REPRENDRE",IF(OR(AL15="CO",AL15="NT"),"COUPE – À RESOUDER","À RÉPARER")))))))))) -> ACCEPTÉ | AN15: =IF(AND(ISNUMBER(R15),OR(AM15="À RADIOGRAPHIER",AM15="RÉPARÉ – À RADIOGRAPHIER",AM15="NX – RT À REFAIRE",AM15="À RÉPARER",AM15="COUPE – À RESOUDER",AM15="VT REJETÉ – À REPRENDRE")),MAX(0,'PROGRAMME RT'!$C$4-R15),"") | AO15: =IF(AND(OR(AM15="À RADIOGRAPHIER",AM15="RÉPARÉ – À RADIOGRAPHIER",AM15="NX – RT À REFAIRE"),OR('PROGRAMME RT'!$D$5="TOUTES",B15='PROGRAMME RT'!$D$5)),1,0) -> 0 | AP15: =IF(AO15=1,SUM(AO$7:AO15),"") | AQ15: =IF(AND(OR(X15="R",X15="NX",X15="NT",X15="CO"),OR('JOINTS DE RÉPARATION'!$D$5="TOUTES",B15='JOINTS DE RÉPARATION'!$D$5),OR('JOINTS DE RÉPARATION'!$L$4="TOUS",AM15<>"ACCEPTÉ")),1,0) -> 0 | AR15: =IF(AQ15=1,SUM(AQ$7:AQ15),"")
A16: =IF(E16="","",ROW()-6) -> 10 | B16: TFT 716 → TL7-MMFW2 | C16: 01 | D16: 0.00 | E16: JN°010 | F16: A | G16: 6" | H16: 11 | I16: API 5L_X60 | J16: TFT-PPL-05 | K16: Z68652 | L16: =IF(K16="","",IFERROR(INDEX(BARDAGE!$C$7:$C$1506,MATCH(K16,BARDAGE!$B$7:$B$1506,0)),"? hors registre")) -> 852404000882 | M16: Z68654 | N16: =IF(M16="","",IFERROR(INDEX(BARDAGE!$C$7:$C$1506,MATCH(M16,BARDAGE!$B$7:$B$1506,0)),"? hors registre")) -> 852404000882 | O16: WR-02 | P16: WR-02 | Q16: WR-06 | R16: 45891 | S16: 45891 | T16: VT-016 | U16: A | V16: 45893 | W16: L-RT-08 | X16: A | AK16: =IF(E16="","",(X16<>"")+(AC16<>"")+(AH16<>"")) -> 1 | AL16: =IF(AH16<>"",AH16,IF(AC16<>"",AC16,IF(X16<>"",X16,""))) -> A | AM16: =IF(E16="","",IF(R16="","À SOUDER",IF(U16="","VT EN ATTENTE",IF(U16="R","VT REJETÉ – À REPRENDRE",IF(AL16="","À RADIOGRAPHIER",IF(AL16="A","ACCEPTÉ",IF(AL16="NX","NX – RT À REFAIRE",IF(IF(AK16=1,Z16,IF(AK16=2,AE16,""))="A","RÉPARÉ – À RADIOGRAPHIER",IF(IF(AK16=1,Z16,IF(AK16=2,AE16,""))="R","VT REJETÉ – À REPRENDRE",IF(OR(AL16="CO",AL16="NT"),"COUPE – À RESOUDER","À RÉPARER")))))))))) -> ACCEPTÉ | AN16: =IF(AND(ISNUMBER(R16),OR(AM16="À RADIOGRAPHIER",AM16="RÉPARÉ – À RADIOGRAPHIER",AM16="NX – RT À REFAIRE",AM16="À RÉPARER",AM16="COUPE – À RESOUDER",AM16="VT REJETÉ – À REPRENDRE")),MAX(0,'PROGRAMME RT'!$C$4-R16),"") | AO16: =IF(AND(OR(AM16="À RADIOGRAPHIER",AM16="RÉPARÉ – À RADIOGRAPHIER",AM16="NX – RT À REFAIRE"),OR('PROGRAMME RT'!$D$5="TOUTES",B16='PROGRAMME RT'!$D$5)),1,0) -> 0 | AP16: =IF(AO16=1,SUM(AO$7:AO16),"") | AQ16: =IF(AND(OR(X16="R",X16="NX",X16="NT",X16="CO"),OR('JOINTS DE RÉPARATION'!$D$5="TOUTES",B16='JOINTS DE RÉPARATION'!$D$5),OR('JOINTS DE RÉPARATION'!$L$4="TOUS",AM16<>"ACCEPTÉ")),1,0) -> 0 | AR16: =IF(AQ16=1,SUM(AQ$7:AQ16),"")
A17: =IF(E17="","",ROW()-6) -> 11 | B17: TFT 716 → TL7-MMFW2 | C17: 01 | D17: 0.00 | E17: JN°011 | F17: A | G17: 6" | H17: 11 | I17: API 5L_X60 | J17: TFT-PPL-05 | K17: Z68654 | L17: =IF(K17="","",IFERROR(INDEX(BARDAGE!$C$7:$C$1506,MATCH(K17,BARDAGE!$B$7:$B$1506,0)),"? hors registre")) -> 852404000882 | M17: Z73371 | N17: =IF(M17="","",IFERROR(INDEX(BARDAGE!$C$7:$C$1506,MATCH(M17,BARDAGE!$B$7:$B$1506,0)),"? hors registre")) -> 852405000610 | O17: WR-02 | P17: WR-02 | Q17: WR-06 | R17: 45891 | S17: 45891 | T17: VT-016 | U17: A | V17: 45893 | W17: L-RT-08 | X17: A | AK17: =IF(E17="","",(X17<>"")+(AC17<>"")+(AH17<>"")) -> 1 | AL17: =IF(AH17<>"",AH17,IF(AC17<>"",AC17,IF(X17<>"",X17,""))) -> A | AM17: =IF(E17="","",IF(R17="","À SOUDER",IF(U17="","VT EN ATTENTE",IF(U17="R","VT REJETÉ – À REPRENDRE",IF(AL17="","À RADIOGRAPHIER",IF(AL17="A","ACCEPTÉ",IF(AL17="NX","NX – RT À REFAIRE",IF(IF(AK17=1,Z17,IF(AK17=2,AE17,""))="A","RÉPARÉ – À RADIOGRAPHIER",IF(IF(AK17=1,Z17,IF(AK17=2,AE17,""))="R","VT REJETÉ – À REPRENDRE",IF(OR(AL17="CO",AL17="NT"),"COUPE – À RESOUDER","À RÉPARER")))))))))) -> ACCEPTÉ | AN17: =IF(AND(ISNUMBER(R17),OR(AM17="À RADIOGRAPHIER",AM17="RÉPARÉ – À RADIOGRAPHIER",AM17="NX – RT À REFAIRE",AM17="À RÉPARER",AM17="COUPE – À RESOUDER",AM17="VT REJETÉ – À REPRENDRE")),MAX(0,'PROGRAMME RT'!$C$4-R17),"") | AO17: =IF(AND(OR(AM17="À RADIOGRAPHIER",AM17="RÉPARÉ – À RADIOGRAPHIER",AM17="NX – RT À REFAIRE"),OR('PROGRAMME RT'!$D$5="TOUTES",B17='PROGRAMME RT'!$D$5)),1,0) -> 0 | AP17: =IF(AO17=1,SUM(AO$7:AO17),"") | AQ17: =IF(AND(OR(X17="R",X17="NX",X17="NT",X17="CO"),OR('JOINTS DE RÉPARATION'!$D$5="TOUTES",B17='JOINTS DE RÉPARATION'!$D$5),OR('JOINTS DE RÉPARATION'!$L$4="TOUS",AM17<>"ACCEPTÉ")),1,0) -> 0 | AR17: =IF(AQ17=1,SUM(AQ$7:AQ17),"")
A18: =IF(E18="","",ROW()-6) -> 12 | B18: TFT 716 → TL7-MMFW2 | C18: 01 | D18: 0.00 | E18: JN°012 | F18: A | G18: 6" | H18: 11 | I18: API 5L_X60 | J18: TFT-PPL-05 | K18: Z73371 | L18: =IF(K18="","",IFERROR(INDEX(BARDAGE!$C$7:$C$1506,MATCH(K18,BARDAGE!$B$7:$B$1506,0)),"? hors registre")) -> 852405000610 | M18: Z70844 | N18: =IF(M18="","",IFERROR(INDEX(BARDAGE!$C$7:$C$1506,MATCH(M18,BARDAGE!$B$7:$B$1506,0)),"? hors registre")) -> 852404002201 | O18: WR-05 | P18: WR-05 | Q18: WR-06 | R18: 45891 | S18: 45891 | T18: VT-016 | U18: A | V18: 45893 | W18: L-RT-08 | X18: A | AK18: =IF(E18="","",(X18<>"")+(AC18<>"")+(AH18<>"")) -> 1 | AL18: =IF(AH18<>"",AH18,IF(AC18<>"",AC18,IF(X18<>"",X18,""))) -> A | AM18: =IF(E18="","",IF(R18="","À SOUDER",IF(U18="","VT EN ATTENTE",IF(U18="R","VT REJETÉ – À REPRENDRE",IF(AL18="","À RADIOGRAPHIER",IF(AL18="A","ACCEPTÉ",IF(AL18="NX","NX – RT À REFAIRE",IF(IF(AK18=1,Z18,IF(AK18=2,AE18,""))="A","RÉPARÉ – À RADIOGRAPHIER",IF(IF(AK18=1,Z18,IF(AK18=2,AE18,""))="R","VT REJETÉ – À REPRENDRE",IF(OR(AL18="CO",AL18="NT"),"COUPE – À RESOUDER","À RÉPARER")))))))))) -> ACCEPTÉ | AN18: =IF(AND(ISNUMBER(R18),OR(AM18="À RADIOGRAPHIER",AM18="RÉPARÉ – À RADIOGRAPHIER",AM18="NX – RT À REFAIRE",AM18="À RÉPARER",AM18="COUPE – À RESOUDER",AM18="VT REJETÉ – À REPRENDRE")),MAX(0,'PROGRAMME RT'!$C$4-R18),"") | AO18: =IF(AND(OR(AM18="À RADIOGRAPHIER",AM18="RÉPARÉ – À RADIOGRAPHIER",AM18="NX – RT À REFAIRE"),OR('PROGRAMME RT'!$D$5="TOUTES",B18='PROGRAMME RT'!$D$5)),1,0) -> 0 | AP18: =IF(AO18=1,SUM(AO$7:AO18),"") | AQ18: =IF(AND(OR(X18="R",X18="NX",X18="NT",X18="CO"),OR('JOINTS DE RÉPARATION'!$D$5="TOUTES",B18='JOINTS DE RÉPARATION'!$D$5),OR('JOINTS DE RÉPARATION'!$L$4="TOUS",AM18<>"ACCEPTÉ")),1,0) -> 0 | AR18: =IF(AQ18=1,SUM(AQ$7:AQ18),"")
A19: =IF(E19="","",ROW()-6) -> 13 | B19: TFT 716 → TL7-MMFW2 | C19: 01 | D19: 0.00 | E19: JN°013 | F19: A | G19: 6" | H19: 11 | I19: API 5L_X60 | J19: TFT-PPL-05 | K19: Z70844 | L19: =IF(K19="","",IFERROR(INDEX(BARDAGE!$C$7:$C$1506,MATCH(K19,BARDAGE!$B$7:$B$1506,0)),"? hors registre")) -> 852404002201 | M19: Z73375 | N19: =IF(M19="","",IFERROR(INDEX(BARDAGE!$C$7:$C$1506,MATCH(M19,BARDAGE!$B$7:$B$1506,0)),"? hors registre")) -> 852405000610 | O19: WR-05 | P19: WR-05 | Q19: WR-02 | R19: 45891 | S19: 45891 | T19: VT-016 | U19: A | V19: 45893 | W19: L-RT-08 | X19: A | AK19: =IF(E19="","",(X19<>"")+(AC19<>"")+(AH19<>"")) -> 1 | AL19: =IF(AH19<>"",AH19,IF(AC19<>"",AC19,IF(X19<>"",X19,""))) -> A | AM19: =IF(E19="","",IF(R19="","À SOUDER",IF(U19="","VT EN ATTENTE",IF(U19="R","VT REJETÉ – À REPRENDRE",IF(AL19="","À RADIOGRAPHIER",IF(AL19="A","ACCEPTÉ",IF(AL19="NX","NX – RT À REFAIRE",IF(IF(AK19=1,Z19,IF(AK19=2,AE19,""))="A","RÉPARÉ – À RADIOGRAPHIER",IF(IF(AK19=1,Z19,IF(AK19=2,AE19,""))="R","VT REJETÉ – À REPRENDRE",IF(OR(AL19="CO",AL19="NT"),"COUPE – À RESOUDER","À RÉPARER")))))))))) -> ACCEPTÉ | AN19: =IF(AND(ISNUMBER(R19),OR(AM19="À RADIOGRAPHIER",AM19="RÉPARÉ – À RADIOGRAPHIER",AM19="NX – RT À REFAIRE",AM19="À RÉPARER",AM19="COUPE – À RESOUDER",AM19="VT REJETÉ – À REPRENDRE")),MAX(0,'PROGRAMME RT'!$C$4-R19),"") | AO19: =IF(AND(OR(AM19="À RADIOGRAPHIER",AM19="RÉPARÉ – À RADIOGRAPHIER",AM19="NX – RT À REFAIRE"),OR('PROGRAMME RT'!$D$5="TOUTES",B19='PROGRAMME RT'!$D$5)),1,0) -> 0 | AP19: =IF(AO19=1,SUM(AO$7:AO19),"") | AQ19: =IF(AND(OR(X19="R",X19="NX",X19="NT",X19="CO"),OR('JOINTS DE RÉPARATION'!$D$5="TOUTES",B19='JOINTS DE RÉPARATION'!$D$5),OR('JOINTS DE RÉPARATION'!$L$4="TOUS",AM19<>"ACCEPTÉ")),1,0) -> 0 | AR19: =IF(AQ19=1,SUM(AQ$7:AQ19),"")
A20: =IF(E20="","",ROW()-6) -> 14 | B20: TFT 716 → TL7-MMFW2 | C20: 01 | D20: 0.00 | E20: JN°014 | F20: A | G20: 6" | H20: 11 | I20: API 5L_X60 | J20: TFT-PPL-05 | K20: Z73375 | L20: =IF(K20="","",IFERROR(INDEX(BARDAGE!$C$7:$C$1506,MATCH(K20,BARDAGE!$B$7:$B$1506,0)),"? hors registre")) -> 852405000610 | M20: Z68653 | N20: =IF(M20="","",IFERROR(INDEX(BARDAGE!$C$7:$C$1506,MATCH(M20,BARDAGE!$B$7:$B$1506,0)),"? hors registre")) -> 852404000882 | O20: WR-05 | P20: WR-05 | Q20: WR-02 | R20: 45876 | S20: 45876 | T20: VT-001 | U20: A | V20: 45888 | W20: L-RT-02 | X20: A | AK20: =IF(E20="","",(X20<>"")+(AC20<>"")+(AH20<>"")) -> 1 | AL20: =IF(AH20<>"",AH20,IF(AC20<>"",AC20,IF(X20<>"",X20,""))) -> A | AM20: =IF(E20="","",IF(R20="","À SOUDER",IF(U20="","VT EN ATTENTE",IF(U20="R","VT REJETÉ – À REPRENDRE",IF(AL20="","À RADIOGRAPHIER",IF(AL20="A","ACCEPTÉ",IF(AL20="NX","NX – RT À REFAIRE",IF(IF(AK20=1,Z20,IF(AK20=2,AE20,""))="A","RÉPARÉ – À RADIOGRAPHIER",IF(IF(AK20=1,Z20,IF(AK20=2,AE20,""))="R","VT REJETÉ – À REPRENDRE",IF(OR(AL20="CO",AL20="NT"),"COUPE – À RESOUDER","À RÉPARER")))))))))) -> ACCEPTÉ | AN20: =IF(AND(ISNUMBER(R20),OR(AM20="À RADIOGRAPHIER",AM20="RÉPARÉ – À RADIOGRAPHIER",AM20="NX – RT À REFAIRE",AM20="À RÉPARER",AM20="COUPE – À RESOUDER",AM20="VT REJETÉ – À REPRENDRE")),MAX(0,'PROGRAMME RT'!$C$4-R20),"") | AO20: =IF(AND(OR(AM20="À RADIOGRAPHIER",AM20="RÉPARÉ – À RADIOGRAPHIER",AM20="NX – RT À REFAIRE"),OR('PROGRAMME RT'!$D$5="TOUTES",B20='PROGRAMME RT'!$D$5)),1,0) -> 0 | AP20: =IF(AO20=1,SUM(AO$7:AO20),"") | AQ20: =IF(AND(OR(X20="R",X20="NX",X20="NT",X20="CO"),OR('JOINTS DE RÉPARATION'!$D$5="TOUTES",B20='JOINTS DE RÉPARATION'!$D$5),OR('JOINTS DE RÉPARATION'!$L$4="TOUS",AM20<>"ACCEPTÉ")),1,0) -> 0 | AR20: =IF(AQ20=1,SUM(AQ$7:AQ20),"")
A21: =IF(E21="","",ROW()-6) -> 15 | B21: TFT 716 → TL7-MMFW2 | C21: 01 | D21: 0.00 | E21: JN°015 | F21: A | G21: 6" | H21: 11 | I21: API 5L_X60 | J21: TFT-PPL-05 | K21: Z68653 | L21: =IF(K21="","",IFERROR(INDEX(BARDAGE!$C$7:$C$1506,MATCH(K21,BARDAGE!$B$7:$B$1506,0)),"? hors registre")) -> 852404000882 | M21: Z73592 | N21: =IF(M21="","",IFERROR(INDEX(BARDAGE!$C$7:$C$1506,MATCH(M21,BARDAGE!$B$7:$B$1506,0)),"? hors registre")) -> 852405000564 | O21: WR-05 | P21: WR-05 | Q21: WR-02 | R21: 45876 | S21: 45876 | T21: VT-001 | U21: A | V21: 45888 | W21: L-RT-02 | X21: A | AK21: =IF(E21="","",(X21<>"")+(AC21<>"")+(AH21<>"")) -> 1 | AL21: =IF(AH21<>"",AH21,IF(AC21<>"",AC21,IF(X21<>"",X21,""))) -> A | AM21: =IF(E21="","",IF(R21="","À SOUDER",IF(U21="","VT EN ATTENTE",IF(U21="R","VT REJETÉ – À REPRENDRE",IF(AL21="","À RADIOGRAPHIER",IF(AL21="A","ACCEPTÉ",IF(AL21="NX","NX – RT À REFAIRE",IF(IF(AK21=1,Z21,IF(AK21=2,AE21,""))="A","RÉPARÉ – À RADIOGRAPHIER",IF(IF(AK21=1,Z21,IF(AK21=2,AE21,""))="R","VT REJETÉ – À REPRENDRE",IF(OR(AL21="CO",AL21="NT"),"COUPE – À RESOUDER","À RÉPARER")))))))))) -> ACCEPTÉ | AN21: =IF(AND(ISNUMBER(R21),OR(AM21="À RADIOGRAPHIER",AM21="RÉPARÉ – À RADIOGRAPHIER",AM21="NX – RT À REFAIRE",AM21="À RÉPARER",AM21="COUPE – À RESOUDER",AM21="VT REJETÉ – À REPRENDRE")),MAX(0,'PROGRAMME RT'!$C$4-R21),"") | AO21: =IF(AND(OR(AM21="À RADIOGRAPHIER",AM21="RÉPARÉ – À RADIOGRAPHIER",AM21="NX – RT À REFAIRE"),OR('PROGRAMME RT'!$D$5="TOUTES",B21='PROGRAMME RT'!$D$5)),1,0) -> 0 | AP21: =IF(AO21=1,SUM(AO$7:AO21),"") | AQ21: =IF(AND(OR(X21="R",X21="NX",X21="NT",X21="CO"),OR('JOINTS DE RÉPARATION'!$D$5="TOUTES",B21='JOINTS DE RÉPARATION'!$D$5),OR('JOINTS DE RÉPARATION'!$L$4="TOUS",AM21<>"ACCEPTÉ")),1,0) -> 0 | AR21: =IF(AQ21=1,SUM(AQ$7:AQ21),"")
A22: =IF(E22="","",ROW()-6) -> 16 | B22: TFT 716 → TL7-MMFW2 | C22: 01 | D22: 0.00 | E22: JN°016 | F22: D | G22: 6" | H22: 11 | I22: API 5L_X60 | J22: TFT-PPL-05 | K22: Z73592 | L22: =IF(K22="","",IFERROR(INDEX(BARDAGE!$C$7:$C$1506,MATCH(K22,BARDAGE!$B$7:$B$1506,0)),"? hors registre")) -> 852405000564 | M22: Z73593 | N22: =IF(M22="","",IFERROR(INDEX(BARDAGE!$C$7:$C$1506,MATCH(M22,BARDAGE!$B$7:$B$1506,0)),"? hors registre")) -> 852405000564 | O22: WR-05 | P22: WR-05 | Q22: WR-02 | R22: 45876 | S22: 45876 | T22: VT-001 | U22: A | V22: 45888 | W22: L-RT-02 | X22: A | AK22: =IF(E22="","",(X22<>"")+(AC22<>"")+(AH22<>"")) -> 1 | AL22: =IF(AH22<>"",AH22,IF(AC22<>"",AC22,IF(X22<>"",X22,""))) -> A | AM22: =IF(E22="","",IF(R22="","À SOUDER",IF(U22="","VT EN ATTENTE",IF(U22="R","VT REJETÉ – À REPRENDRE",IF(AL22="","À RADIOGRAPHIER",IF(AL22="A","ACCEPTÉ",IF(AL22="NX","NX – RT À REFAIRE",IF(IF(AK22=1,Z22,IF(AK22=2,AE22,""))="A","RÉPARÉ – À RADIOGRAPHIER",IF(IF(AK22=1,Z22,IF(AK22=2,AE22,""))="R","VT REJETÉ – À REPRENDRE",IF(OR(AL22="CO",AL22="NT"),"COUPE – À RESOUDER","À RÉPARER")))))))))) -> ACCEPTÉ | AN22: =IF(AND(ISNUMBER(R22),OR(AM22="À RADIOGRAPHIER",AM22="RÉPARÉ – À RADIOGRAPHIER",AM22="NX – RT À REFAIRE",AM22="À RÉPARER",AM22="COUPE – À RESOUDER",AM22="VT REJETÉ – À REPRENDRE")),MAX(0,'PROGRAMME RT'!$C$4-R22),"") | AO22: =IF(AND(OR(AM22="À RADIOGRAPHIER",AM22="RÉPARÉ – À RADIOGRAPHIER",AM22="NX – RT À REFAIRE"),OR('PROGRAMME RT'!$D$5="TOUTES",B22='PROGRAMME RT'!$D$5)),1,0) -> 0 | AP22: =IF(AO22=1,SUM(AO$7:AO22),"") | AQ22: =IF(AND(OR(X22="R",X22="NX",X22="NT",X22="CO"),OR('JOINTS DE RÉPARATION'!$D$5="TOUTES",B22='JOINTS DE RÉPARATION'!$D$5),OR('JOINTS DE RÉPARATION'!$L$4="TOUS",AM22<>"ACCEPTÉ")),1,0) -> 0 | AR22: =IF(AQ22=1,SUM(AQ$7:AQ22),"")
A23: =IF(E23="","",ROW()-6) -> 17 | B23: TFT 716 → TL7-MMFW2 | C23: 01 | D23: 0.00 | E23: JN°017 | F23: D | G23: 6" | H23: 11 | I23: API 5L_X60 | J23: TFT-PPL-05 | K23: Z73593 | L23: =IF(K23="","",IFERROR(INDEX(BARDAGE!$C$7:$C$1506,MATCH(K23,BARDAGE!$B$7:$B$1506,0)),"? hors registre")) -> 852405000564 | M23: Z71179 | N23: =IF(M23="","",IFERROR(INDEX(BARDAGE!$C$7:$C$1506,MATCH(M23,BARDAGE!$B$7:$B$1506,0)),"? hors registre")) -> 852404002201 | O23: WR-05 | P23: WR-05 | Q23: WR-02 | R23: 45876 | S23: 45876 | T23: VT-001 | U23: A | V23: 45888 | W23: L-RT-02 | X23: A | AK23: =IF(E23="","",(X23<>"")+(AC23<>"")+(AH23<>"")) -> 1 | AL23: =IF(AH23<>"",AH23,IF(AC23<>"",AC23,IF(X23<>"",X23,""))) -> A | AM23: =IF(E23="","",IF(R23="","À SOUDER",IF(U23="","VT EN ATTENTE",IF(U23="R","VT REJETÉ – À REPRENDRE",IF(AL23="","À RADIOGRAPHIER",IF(AL23="A","ACCEPTÉ",IF(AL23="NX","NX – RT À REFAIRE",IF(IF(AK23=1,Z23,IF(AK23=2,AE23,""))="A","RÉPARÉ – À RADIOGRAPHIER",IF(IF(AK23=1,Z23,IF(AK23=2,AE23,""))="R","VT REJETÉ – À REPRENDRE",IF(OR(AL23="CO",AL23="NT"),"COUPE – À RESOUDER","À RÉPARER")))))))))) -> ACCEPTÉ | AN23: =IF(AND(ISNUMBER(R23),OR(AM23="À RADIOGRAPHIER",AM23="RÉPARÉ – À RADIOGRAPHIER",AM23="NX – RT À REFAIRE",AM23="À RÉPARER",AM23="COUPE – À RESOUDER",AM23="VT REJETÉ – À REPRENDRE")),MAX(0,'PROGRAMME RT'!$C$4-R23),"") | AO23: =IF(AND(OR(AM23="À RADIOGRAPHIER",AM23="RÉPARÉ – À RADIOGRAPHIER",AM23="NX – RT À REFAIRE"),OR('PROGRAMME RT'!$D$5="TOUTES",B23='PROGRAMME RT'!$D$5)),1,0) -> 0 | AP23: =IF(AO23=1,SUM(AO$7:AO23),"") | AQ23: =IF(AND(OR(X23="R",X23="NX",X23="NT",X23="CO"),OR('JOINTS DE RÉPARATION'!$D$5="TOUTES",B23='JOINTS DE RÉPARATION'!$D$5),OR('JOINTS DE RÉPARATION'!$L$4="TOUS",AM23<>"ACCEPTÉ")),1,0) -> 0 | AR23: =IF(AQ23=1,SUM(AQ$7:AQ23),"")
... A51: =IF(E51="","",ROW()-6) -> 45 | B51: TFT 716 → TL7-MMFW2 | C51: 03 | D51: 0.00 | E51: JN°044 | F51: D | G51: 6" | H51: 11 | I51: API 5L_X60 | J51: TFT-PPL-05 | K51: Z71080 | L51: =IF(K51="","",IFERROR(INDEX(BARDAGE!$C$7:$C$1506,MATCH(K51,BARDAGE!$B$7:$B$1506,0)),"? hors registre")) -> 24703643 | M51: Z70792 | N51: =IF(M51="","",IFERROR(INDEX(BARDAGE!$C$7:$C$1506,MATCH(M51,BARDAGE!$B$7:$B$1506,0)),"? hors registre")) -> 24803600 | O51: WR-05 | P51: WR-05 | Q51: WR-06 | R51: 45878 | S51: 45878 | T51: VT-003 | U51: A | V51: 45889 | W51: L-RT-03 | X51: A | AK51: =IF(E51="","",(X51<>"")+(AC51<>"")+(AH51<>"")) -> 1 | AL51: =IF(AH51<>"",AH51,IF(AC51<>"",AC51,IF(X51<>"",X51,""))) -> A | AM51: =IF(E51="","",IF(R51="","À SOUDER",IF(U51="","VT EN ATTENTE",IF(U51="R","VT REJETÉ – À REPRENDRE",IF(AL51="","À RADIOGRAPHIER",IF(AL51="A","ACCEPTÉ",IF(AL51="NX","NX – RT À REFAIRE",IF(IF(AK51=1,Z51,IF(AK51=2,AE51,""))="A","RÉPARÉ – À RADIOGRAPHIER",IF(IF(AK51=1,Z51,IF(AK51=2,AE51,""))="R","VT REJETÉ – À REPRENDRE",IF(OR(AL51="CO",AL51="NT"),"COUPE – À RESOUDER","À RÉPARER")))))))))) -> ACCEPTÉ | AN51: =IF(AND(ISNUMBER(R51),OR(AM51="À RADIOGRAPHIER",AM51="RÉPARÉ – À RADIOGRAPHIER",AM51="NX – RT À REFAIRE",AM51="À RÉPARER",AM51="COUPE – À RESOUDER",AM51="VT REJETÉ – À REPRENDRE")),MAX(0,'PROGRAMME RT'!$C$4-R51),"") | AO51: =IF(AND(OR(AM51="À RADIOGRAPHIER",AM51="RÉPARÉ – À RADIOGRAPHIER",AM51="NX – RT À REFAIRE"),OR('PROGRAMME RT'!$D$5="TOUTES",B51='PROGRAMME RT'!$D$5)),1,0) -> 0 | AP51: =IF(AO51=1,SUM(AO$7:AO51),"") | AQ51: =IF(AND(OR(X51="R",X51="NX",X51="NT",X51="CO"),OR('JOINTS DE RÉPARATION'!$D$5="TOUTES",B51='JOINTS DE RÉPARATION'!$D$5),OR('JOINTS DE RÉPARATION'!$L$4="TOUS",AM51<>"ACCEPTÉ")),1,0) -> 0 | AR51: =IF(AQ51=1,SUM(AQ$7:AQ51),"")
A52: =IF(E52="","",ROW()-6) -> 46 | B52: TFT 716 → TL7-MMFW2 | D52: 0.00 | E52: JN°045Racc | F52: D | G52: 6" | H52: 11 | I52: API 5L_X60 | J52: TFT-PPL-06 | K52: Z70792 | L52: =IF(K52="","",IFERROR(INDEX(BARDAGE!$C$7:$C$1506,MATCH(K52,BARDAGE!$B$7:$B$1506,0)),"? hors registre")) -> 24803600 | M52: Z69291 | N52: =IF(M52="","",IFERROR(INDEX(BARDAGE!$C$7:$C$1506,MATCH(M52,BARDAGE!$B$7:$B$1506,0)),"? hors registre")) -> 24803596 | O52: WR-09 | P52: WR-09 | Q52: WR-09 | R52: 45909 | S52: 45909 | T52: VT-022 | U52: A | AK52: =IF(E52="","",(X52<>"")+(AC52<>"")+(AH52<>"")) -> 0 | AL52: =IF(AH52<>"",AH52,IF(AC52<>"",AC52,IF(X52<>"",X52,""))) | AM52: =IF(E52="","",IF(R52="","À SOUDER",IF(U52="","VT EN ATTENTE",IF(U52="R","VT REJETÉ – À REPRENDRE",IF(AL52="","À RADIOGRAPHIER",IF(AL52="A","ACCEPTÉ",IF(AL52="NX","NX – RT À REFAIRE",IF(IF(AK52=1,Z52,IF(AK52=2,AE52,""))="A","RÉPARÉ – À RADIOGRAPHIER",IF(IF(AK52=1,Z52,IF(AK52=2,AE52,""))="R","VT REJETÉ – À REPRENDRE",IF(OR(AL52="CO",AL52="NT"),"COUPE – À RESOUDER","À RÉPARER")))))))))) -> À RADIOGRAPHIER | AN52: =IF(AND(ISNUMBER(R52),OR(AM52="À RADIOGRAPHIER",AM52="RÉPARÉ – À RADIOGRAPHIER",AM52="NX – RT À REFAIRE",AM52="À RÉPARER",AM52="COUPE – À RESOUDER",AM52="VT REJETÉ – À REPRENDRE")),MAX(0,'PROGRAMME RT'!$C$4-R52),"") -> 384 | AO52: =IF(AND(OR(AM52="À RADIOGRAPHIER",AM52="RÉPARÉ – À RADIOGRAPHIER",AM52="NX – RT À REFAIRE"),OR('PROGRAMME RT'!$D$5="TOUTES",B52='PROGRAMME RT'!$D$5)),1,0) -> 1 | AP52: =IF(AO52=1,SUM(AO$7:AO52),"") -> 1 | AQ52: =IF(AND(OR(X52="R",X52="NX",X52="NT",X52="CO"),OR('JOINTS DE RÉPARATION'!$D$5="TOUTES",B52='JOINTS DE RÉPARATION'!$D$5),OR('JOINTS DE RÉPARATION'!$L$4="TOUS",AM52<>"ACCEPTÉ")),1,0) -> 0 | AR52: =IF(AQ52=1,SUM(AQ$7:AQ52),"")
A53: =IF(E53="","",ROW()-6) -> 47 | B53: TFT 716 → TL7-MMFW2 | D53: 0.00 | E53: JN°046 | F53: D | G53: 6" | H53: 11 | I53: API 5L_X60 | J53: TFT-PPL-06 | K53: Z69291 | L53: =IF(K53="","",IFERROR(INDEX(BARDAGE!$C$7:$C$1506,MATCH(K53,BARDAGE!$B$7:$B$1506,0)),"? hors registre")) -> 24803596 | M53: Z71208 | N53: =IF(M53="","",IFERROR(INDEX(BARDAGE!$C$7:$C$1506,MATCH(M53,BARDAGE!$B$7:$B$1506,0)),"? hors registre")) -> 24703645 | O53: WR-02 | P53: WR-02 | Q53: WR-02 | R53: 45909 | S53: 45909 | T53: VT-022 | U53: A | V53: 45915 | W53: L-RT-16 | X53: A | AK53: =IF(E53="","",(X53<>"")+(AC53<>"")+(AH53<>"")) -> 1 | AL53: =IF(AH53<>"",AH53,IF(AC53<>"",AC53,IF(X53<>"",X53,""))) -> A | AM53: =IF(E53="","",IF(R53="","À SOUDER",IF(U53="","VT EN ATTENTE",IF(U53="R","VT REJETÉ – À REPRENDRE",IF(AL53="","À RADIOGRAPHIER",IF(AL53="A","ACCEPTÉ",IF(AL53="NX","NX – RT À REFAIRE",IF(IF(AK53=1,Z53,IF(AK53=2,AE53,""))="A","RÉPARÉ – À RADIOGRAPHIER",IF(IF(AK53=1,Z53,IF(AK53=2,AE53,""))="R","VT REJETÉ – À REPRENDRE",IF(OR(AL53="CO",AL53="NT"),"COUPE – À RESOUDER","À RÉPARER")))))))))) -> ACCEPTÉ | AN53: =IF(AND(ISNUMBER(R53),OR(AM53="À RADIOGRAPHIER",AM53="RÉPARÉ – À RADIOGRAPHIER",AM53="NX – RT À REFAIRE",AM53="À RÉPARER",AM53="COUPE – À RESOUDER",AM53="VT REJETÉ – À REPRENDRE")),MAX(0,'PROGRAMME RT'!$C$4-R53),"") | AO53: =IF(AND(OR(AM53="À RADIOGRAPHIER",AM53="RÉPARÉ – À RADIOGRAPHIER",AM53="NX – RT À REFAIRE"),OR('PROGRAMME RT'!$D$5="TOUTES",B53='PROGRAMME RT'!$D$5)),1,0) -> 0 | AP53: =IF(AO53=1,SUM(AO$7:AO53),"") | AQ53: =IF(AND(OR(X53="R",X53="NX",X53="NT",X53="CO"),OR('JOINTS DE RÉPARATION'!$D$5="TOUTES",B53='JOINTS DE RÉPARATION'!$D$5),OR('JOINTS DE RÉPARATION'!$L$4="TOUS",AM53<>"ACCEPTÉ")),1,0) -> 0 | AR53: =IF(AQ53=1,SUM(AQ$7:AQ53),"")
A54: =IF(E54="","",ROW()-6) -> 48 | B54: TFT 716 → TL7-MMFW2 | D54: 0.00 | E54: JN°047 | F54: D | G54: 6" | H54: 11 | I54: API 5L_X60 | J54: TFT-PPL-06 | K54: Z71208 | L54: =IF(K54="","",IFERROR(INDEX(BARDAGE!$C$7:$C$1506,MATCH(K54,BARDAGE!$B$7:$B$1506,0)),"? hors registre")) -> 24703645 | M54: Z70794 | N54: =IF(M54="","",IFERROR(INDEX(BARDAGE!$C$7:$C$1506,MATCH(M54,BARDAGE!$B$7:$B$1506,0)),"? hors registre")) -> 24803600 | O54: WR-05 | P54: WR-05 | Q54: WR-05 | R54: 45909 | S54: 45909 | T54: VT-022 | U54: A | V54: 45915 | W54: L-RT-16 | X54: A | AK54: =IF(E54="","",(X54<>"")+(AC54<>"")+(AH54<>"")) -> 1 | AL54: =IF(AH54<>"",AH54,IF(AC54<>"",AC54,IF(X54<>"",X54,""))) -> A | AM54: =IF(E54="","",IF(R54="","À SOUDER",IF(U54="","VT EN ATTENTE",IF(U54="R","VT REJETÉ – À REPRENDRE",IF(AL54="","À RADIOGRAPHIER",IF(AL54="A","ACCEPTÉ",IF(AL54="NX","NX – RT À REFAIRE",IF(IF(AK54=1,Z54,IF(AK54=2,AE54,""))="A","RÉPARÉ – À RADIOGRAPHIER",IF(IF(AK54=1,Z54,IF(AK54=2,AE54,""))="R","VT REJETÉ – À REPRENDRE",IF(OR(AL54="CO",AL54="NT"),"COUPE – À RESOUDER","À RÉPARER")))))))))) -> ACCEPTÉ | AN54: =IF(AND(ISNUMBER(R54),OR(AM54="À RADIOGRAPHIER",AM54="RÉPARÉ – À RADIOGRAPHIER",AM54="NX – RT À REFAIRE",AM54="À RÉPARER",AM54="COUPE – À RESOUDER",AM54="VT REJETÉ – À REPRENDRE")),MAX(0,'PROGRAMME RT'!$C$4-R54),"") | AO54: =IF(AND(OR(AM54="À RADIOGRAPHIER",AM54="RÉPARÉ – À RADIOGRAPHIER",AM54="NX – RT À REFAIRE"),OR('PROGRAMME RT'!$D$5="TOUTES",B54='PROGRAMME RT'!$D$5)),1,0) -> 0 | AP54: =IF(AO54=1,SUM(AO$7:AO54),"") | AQ54: =IF(AND(OR(X54="R",X54="NX",X54="NT",X54="CO"),OR('JOINTS DE RÉPARATION'!$D$5="TOUTES",B54='JOINTS DE RÉPARATION'!$D$5),OR('JOINTS DE RÉPARATION'!$L$4="TOUS",AM54<>"ACCEPTÉ")),1,0) -> 0 | AR54: =IF(AQ54=1,SUM(AQ$7:AQ54),"")
A55: =IF(E55="","",ROW()-6) -> 49 | B55: TFT 716 → TL7-MMFW2 | D55: 0.000 | E55: JN°048 | K55: ANNULEE | L55: =IF(K55="","",IFERROR(INDEX(BARDAGE!$C$7:$C$1506,MATCH(K55,BARDAGE!$B$7:$B$1506,0)),"? hors registre")) -> ? hors registre | N55: =IF(M55="","",IFERROR(INDEX(BARDAGE!$C$7:$C$1506,MATCH(M55,BARDAGE!$B$7:$B$1506,0)),"? hors registre")) | S55: 45909 | T55: VT-022 | AK55: =IF(E55="","",(X55<>"")+(AC55<>"")+(AH55<>"")) -> 0 | AL55: =IF(AH55<>"",AH55,IF(AC55<>"",AC55,IF(X55<>"",X55,""))) | AM55: =IF(E55="","",IF(R55="","À SOUDER",IF(U55="","VT EN ATTENTE",IF(U55="R","VT REJETÉ – À REPRENDRE",IF(AL55="","À RADIOGRAPHIER",IF(AL55="A","ACCEPTÉ",IF(AL55="NX","NX – RT À REFAIRE",IF(IF(AK55=1,Z55,IF(AK55=2,AE55,""))="A","RÉPARÉ – À RADIOGRAPHIER",IF(IF(AK55=1,Z55,IF(AK55=2,AE55,""))="R","VT REJETÉ – À REPRENDRE",IF(OR(AL55="CO",AL55="NT"),"COUPE – À RESOUDER","À RÉPARER")))))))))) -> À SOUDER | AN55: =IF(AND(ISNUMBER(R55),OR(AM55="À RADIOGRAPHIER",AM55="RÉPARÉ – À RADIOGRAPHIER",AM55="NX – RT À REFAIRE",AM55="À RÉPARER",AM55="COUPE – À RESOUDER",AM55="VT REJETÉ – À REPRENDRE")),MAX(0,'PROGRAMME RT'!$C$4-R55),"") | AO55: =IF(AND(OR(AM55="À RADIOGRAPHIER",AM55="RÉPARÉ – À RADIOGRAPHIER",AM55="NX – RT À REFAIRE"),OR('PROGRAMME RT'!$D$5="TOUTES",B55='PROGRAMME RT'!$D$5)),1,0) -> 0 | AP55: =IF(AO55=1,SUM(AO$7:AO55),"") | AQ55: =IF(AND(OR(X55="R",X55="NX",X55="NT",X55="CO"),OR('JOINTS DE RÉPARATION'!$D$5="TOUTES",B55='JOINTS DE RÉPARATION'!$D$5),OR('JOINTS DE RÉPARATION'!$L$4="TOUS",AM55<>"ACCEPTÉ")),1,0) -> 0 | AR55: =IF(AQ55=1,SUM(AQ$7:AQ55),"")
A56: =IF(E56="","",ROW()-6) -> 50 | B56: TFT 716 → TL7-MMFW2 | C56: 04 | D56: 0.00 | E56: JN°049 | F56: D | G56: 6" | H56: 11 | I56: API 5L_X60 | J56: TFT-PPL-05 | K56: Z70794 | L56: =IF(K56="","",IFERROR(INDEX(BARDAGE!$C$7:$C$1506,MATCH(K56,BARDAGE!$B$7:$B$1506,0)),"? hors registre")) -> 24803600 | M56: Z72199 | N56: =IF(M56="","",IFERROR(INDEX(BARDAGE!$C$7:$C$1506,MATCH(M56,BARDAGE!$B$7:$B$1506,0)),"? hors registre")) -> 24703636 | O56: WR-05 | P56: WR-05 | Q56: WR-06 | R56: 45878 | S56: 45878 | T56: VT-003 | U56: A | V56: 45889 | W56: L-RT-03 | X56: A | AK56: =IF(E56="","",(X56<>"")+(AC56<>"")+(AH56<>"")) -> 1 | AL56: =IF(AH56<>"",AH56,IF(AC56<>"",AC56,IF(X56<>"",X56,""))) -> A | AM56: =IF(E56="","",IF(R56="","À SOUDER",IF(U56="","VT EN ATTENTE",IF(U56="R","VT REJETÉ – À REPRENDRE",IF(AL56="","À RADIOGRAPHIER",IF(AL56="A","ACCEPTÉ",IF(AL56="NX","NX – RT À REFAIRE",IF(IF(AK56=1,Z56,IF(AK56=2,AE56,""))="A","RÉPARÉ – À RADIOGRAPHIER",IF(IF(AK56=1,Z56,IF(AK56=2,AE56,""))="R","VT REJETÉ – À REPRENDRE",IF(OR(AL56="CO",AL56="NT"),"COUPE – À RESOUDER","À RÉPARER")))))))))) -> ACCEPTÉ | AN56: =IF(AND(ISNUMBER(R56),OR(AM56="À RADIOGRAPHIER",AM56="RÉPARÉ – À RADIOGRAPHIER",AM56="NX – RT À REFAIRE",AM56="À RÉPARER",AM56="COUPE – À RESOUDER",AM56="VT REJETÉ – À REPRENDRE")),MAX(0,'PROGRAMME RT'!$C$4-R56),"") | AO56: =IF(AND(OR(AM56="À RADIOGRAPHIER",AM56="RÉPARÉ – À RADIOGRAPHIER",AM56="NX – RT À REFAIRE"),OR('PROGRAMME RT'!$D$5="TOUTES",B56='PROGRAMME RT'!$D$5)),1,0) -> 0 | AP56: =IF(AO56=1,SUM(AO$7:AO56),"") | AQ56: =IF(AND(OR(X56="R",X56="NX",X56="NT",X56="CO"),OR('JOINTS DE RÉPARATION'!$D$5="TOUTES",B56='JOINTS DE RÉPARATION'!$D$5),OR('JOINTS DE RÉPARATION'!$L$4="TOUS",AM56<>"ACCEPTÉ")),1,0) -> 0 | AR56: =IF(AQ56=1,SUM(AQ$7:AQ56),"")
A57: =IF(E57="","",ROW()-6) -> 51 | B57: TFT 716 → TL7-MMFW2 | C57: 04 | D57: 0.00 | E57: JN°050 | F57: D | G57: 6" | H57: 11 | I57: API 5L_X60 | J57: TFT-PPL-05 | K57: Z72199 | L57: =IF(K57="","",IFERROR(INDEX(BARDAGE!$C$7:$C$1506,MATCH(K57,BARDAGE!$B$7:$B$1506,0)),"? hors registre")) -> 24703636 | M57: Z72197 | N57: =IF(M57="","",IFERROR(INDEX(BARDAGE!$C$7:$C$1506,MATCH(M57,BARDAGE!$B$7:$B$1506,0)),"? hors registre")) -> 24703636 | O57: WR-05 | P57: WR-05 | Q57: WR-02 | R57: 45878 | S57: 45878 | T57: VT-003 | U57: A | V57: 45889 | W57: L-RT-03 | X57: A | AK57: =IF(E57="","",(X57<>"")+(AC57<>"")+(AH57<>"")) -> 1 | AL57: =IF(AH57<>"",AH57,IF(AC57<>"",AC57,IF(X57<>"",X57,""))) -> A | AM57: =IF(E57="","",IF(R57="","À SOUDER",IF(U57="","VT EN ATTENTE",IF(U57="R","VT REJETÉ – À REPRENDRE",IF(AL57="","À RADIOGRAPHIER",IF(AL57="A","ACCEPTÉ",IF(AL57="NX","NX – RT À REFAIRE",IF(IF(AK57=1,Z57,IF(AK57=2,AE57,""))="A","RÉPARÉ – À RADIOGRAPHIER",IF(IF(AK57=1,Z57,IF(AK57=2,AE57,""))="R","VT REJETÉ – À REPRENDRE",IF(OR(AL57="CO",AL57="NT"),"COUPE – À RESOUDER","À RÉPARER")))))))))) -> ACCEPTÉ | AN57: =IF(AND(ISNUMBER(R57),OR(AM57="À RADIOGRAPHIER",AM57="RÉPARÉ – À RADIOGRAPHIER",AM57="NX – RT À REFAIRE",AM57="À RÉPARER",AM57="COUPE – À RESOUDER",AM57="VT REJETÉ – À REPRENDRE")),MAX(0,'PROGRAMME RT'!$C$4-R57),"") | AO57: =IF(AND(OR(AM57="À RADIOGRAPHIER",AM57="RÉPARÉ – À RADIOGRAPHIER",AM57="NX – RT À REFAIRE"),OR('PROGRAMME RT'!$D$5="TOUTES",B57='PROGRAMME RT'!$D$5)),1,0) -> 0 | AP57: =IF(AO57=1,SUM(AO$7:AO57),"") | AQ57: =IF(AND(OR(X57="R",X57="NX",X57="NT",X57="CO"),OR('JOINTS DE RÉPARATION'!$D$5="TOUTES",B57='JOINTS DE RÉPARATION'!$D$5),OR('JOINTS DE RÉPARATION'!$L$4="TOUS",AM57<>"ACCEPTÉ")),1,0) -> 0 | AR57: =IF(AQ57=1,SUM(AQ$7:AQ57),"")
A58: =IF(E58="","",ROW()-6) -> 52 | B58: TFT 716 → TL7-MMFW2 | C58: 04 | D58: 0.00 | E58: JN°051 | F58: D | G58: 6" | H58: 11 | I58: API 5L_X60 | J58: TFT-PPL-05 | K58: Z72197 | L58: =IF(K58="","",IFERROR(INDEX(BARDAGE!$C$7:$C$1506,MATCH(K58,BARDAGE!$B$7:$B$1506,0)),"? hors registre")) -> 24703636 | M58: Z70552 | N58: =IF(M58="","",IFERROR(INDEX(BARDAGE!$C$7:$C$1506,MATCH(M58,BARDAGE!$B$7:$B$1506,0)),"? hors registre")) -> 24703643 | O58: WR-05 | P58: WR-05 | Q58: WR-02 | R58: 45878 | S58: 45878 | T58: VT-003 | U58: A | V58: 45889 | W58: L-RT-03 | X58: A | AK58: =IF(E58="","",(X58<>"")+(AC58<>"")+(AH58<>"")) -> 1 | AL58: =IF(AH58<>"",AH58,IF(AC58<>"",AC58,IF(X58<>"",X58,""))) -> A | AM58: =IF(E58="","",IF(R58="","À SOUDER",IF(U58="","VT EN ATTENTE",IF(U58="R","VT REJETÉ – À REPRENDRE",IF(AL58="","À RADIOGRAPHIER",IF(AL58="A","ACCEPTÉ",IF(AL58="NX","NX – RT À REFAIRE",IF(IF(AK58=1,Z58,IF(AK58=2,AE58,""))="A","RÉPARÉ – À RADIOGRAPHIER",IF(IF(AK58=1,Z58,IF(AK58=2,AE58,""))="R","VT REJETÉ – À REPRENDRE",IF(OR(AL58="CO",AL58="NT"),"COUPE – À RESOUDER","À RÉPARER")))))))))) -> ACCEPTÉ | AN58: =IF(AND(ISNUMBER(R58),OR(AM58="À RADIOGRAPHIER",AM58="RÉPARÉ – À RADIOGRAPHIER",AM58="NX – RT À REFAIRE",AM58="À RÉPARER",AM58="COUPE – À RESOUDER",AM58="VT REJETÉ – À REPRENDRE")),MAX(0,'PROGRAMME RT'!$C$4-R58),"") | AO58: =IF(AND(OR(AM58="À RADIOGRAPHIER",AM58="RÉPARÉ – À RADIOGRAPHIER",AM58="NX – RT À REFAIRE"),OR('PROGRAMME RT'!$D$5="TOUTES",B58='PROGRAMME RT'!$D$5)),1,0) -> 0 | AP58: =IF(AO58=1,SUM(AO$7:AO58),"") | AQ58: =IF(AND(OR(X58="R",X58="NX",X58="NT",X58="CO"),OR('JOINTS DE RÉPARATION'!$D$5="TOUTES",B58='JOINTS DE RÉPARATION'!$D$5),OR('JOINTS DE RÉPARATION'!$L$4="TOUS",AM58<>"ACCEPTÉ")),1,0) -> 0 | AR58: =IF(AQ58=1,SUM(AQ$7:AQ58),"")
A59: =IF(E59="","",ROW()-6) -> 53 | B59: TFT 716 → TL7-MMFW2 | C59: 04 | D59: 0.00 | E59: JN°052 | F59: D | G59: 6" | H59: 11 | I59: API 5L_X60 | J59: TFT-PPL-05 | K59: Z70552 | L59: =IF(K59="","",IFERROR(INDEX(BARDAGE!$C$7:$C$1506,MATCH(K59,BARDAGE!$B$7:$B$1506,0)),"? hors registre")) -> 24703643 | M59: Z71134 | N59: =IF(M59="","",IFERROR(INDEX(BARDAGE!$C$7:$C$1506,MATCH(M59,BARDAGE!$B$7:$B$1506,0)),"? hors registre")) -> 24803598 | O59: WR-05 | P59: WR-05 | Q59: WR-06 | R59: 45878 | S59: 45878 | T59: VT-003 | U59: A | V59: 45889 | W59: L-RT-03 | X59: A | AK59: =IF(E59="","",(X59<>"")+(AC59<>"")+(AH59<>"")) -> 1 | AL59: =IF(AH59<>"",AH59,IF(AC59<>"",AC59,IF(X59<>"",X59,""))) -> A | AM59: =IF(E59="","",IF(R59="","À SOUDER",IF(U59="","VT EN ATTENTE",IF(U59="R","VT REJETÉ – À REPRENDRE",IF(AL59="","À RADIOGRAPHIER",IF(AL59="A","ACCEPTÉ",IF(AL59="NX","NX – RT À REFAIRE",IF(IF(AK59=1,Z59,IF(AK59=2,AE59,""))="A","RÉPARÉ – À RADIOGRAPHIER",IF(IF(AK59=1,Z59,IF(AK59=2,AE59,""))="R","VT REJETÉ – À REPRENDRE",IF(OR(AL59="CO",AL59="NT"),"COUPE – À RESOUDER","À RÉPARER")))))))))) -> ACCEPTÉ | AN59: =IF(AND(ISNUMBER(R59),OR(AM59="À RADIOGRAPHIER",AM59="RÉPARÉ – À RADIOGRAPHIER",AM59="NX – RT À REFAIRE",AM59="À RÉPARER",AM59="COUPE – À RESOUDER",AM59="VT REJETÉ – À REPRENDRE")),MAX(0,'PROGRAMME RT'!$C$4-R59),"") | AO59: =IF(AND(OR(AM59="À RADIOGRAPHIER",AM59="RÉPARÉ – À RADIOGRAPHIER",AM59="NX – RT À REFAIRE"),OR('PROGRAMME RT'!$D$5="TOUTES",B59='PROGRAMME RT'!$D$5)),1,0) -> 0 | AP59: =IF(AO59=1,SUM(AO$7:AO59),"") | AQ59: =IF(AND(OR(X59="R",X59="NX",X59="NT",X59="CO"),OR('JOINTS DE RÉPARATION'!$D$5="TOUTES",B59='JOINTS DE RÉPARATION'!$D$5),OR('JOINTS DE RÉPARATION'!$L$4="TOUS",AM59<>"ACCEPTÉ")),1,0) -> 0 | AR59: =IF(AQ59=1,SUM(AQ$7:AQ59),"")
A60: =IF(E60="","",ROW()-6) -> 54 | B60: TFT 716 → TL7-MMFW2 | C60: 04 | D60: 0.00 | E60: JN°053 | F60: D | G60: 6" | H60: 11 | I60: API 5L_X60 | J60: TFT-PPL-05 | K60: Z71134 | L60: =IF(K60="","",IFERROR(INDEX(BARDAGE!$C$7:$C$1506,MATCH(K60,BARDAGE!$B$7:$B$1506,0)),"? hors registre")) -> 24803598 | M60: Z72646 | N60: =IF(M60="","",IFERROR(INDEX(BARDAGE!$C$7:$C$1506,MATCH(M60,BARDAGE!$B$7:$B$1506,0)),"? hors registre")) -> 852405000415 | O60: WR-05 | P60: WR-05 | Q60: WR-02 | R60: 45879 | S60: 45879 | T60: VT-004 | U60: A | V60: 45889 | W60: L-RT-03 | X60: A | AK60: =IF(E60="","",(X60<>"")+(AC60<>"")+(AH60<>"")) -> 1 | AL60: =IF(AH60<>"",AH60,IF(AC60<>"",AC60,IF(X60<>"",X60,""))) -> A | AM60: =IF(E60="","",IF(R60="","À SOUDER",IF(U60="","VT EN ATTENTE",IF(U60="R","VT REJETÉ – À REPRENDRE",IF(AL60="","À RADIOGRAPHIER",IF(AL60="A","ACCEPTÉ",IF(AL60="NX","NX – RT À REFAIRE",IF(IF(AK60=1,Z60,IF(AK60=2,AE60,""))="A","RÉPARÉ – À RADIOGRAPHIER",IF(IF(AK60=1,Z60,IF(AK60=2,AE60,""))="R","VT REJETÉ – À REPRENDRE",IF(OR(AL60="CO",AL60="NT"),"COUPE – À RESOUDER","À RÉPARER")))))))))) -> ACCEPTÉ | AN60: =IF(AND(ISNUMBER(R60),OR(AM60="À RADIOGRAPHIER",AM60="RÉPARÉ – À RADIOGRAPHIER",AM60="NX – RT À REFAIRE",AM60="À RÉPARER",AM60="COUPE – À RESOUDER",AM60="VT REJETÉ – À REPRENDRE")),MAX(0,'PROGRAMME RT'!$C$4-R60),"") | AO60: =IF(AND(OR(AM60="À RADIOGRAPHIER",AM60="RÉPARÉ – À RADIOGRAPHIER",AM60="NX – RT À REFAIRE"),OR('PROGRAMME RT'!$D$5="TOUTES",B60='PROGRAMME RT'!$D$5)),1,0) -> 0 | AP60: =IF(AO60=1,SUM(AO$7:AO60),"") | AQ60: =IF(AND(OR(X60="R",X60="NX",X60="NT",X60="CO"),OR('JOINTS DE RÉPARATION'!$D$5="TOUTES",B60='JOINTS DE RÉPARATION'!$D$5),OR('JOINTS DE RÉPARATION'!$L$4="TOUS",AM60<>"ACCEPTÉ")),1,0) -> 0 | AR60: =IF(AQ60=1,SUM(AQ$7:AQ60),"")
A61: =IF(E61="","",ROW()-6) -> 55 | B61: TFT 716 → TL7-MMFW2 | C61: 04 | D61: 0.00 | E61: JN°054 | F61: D | G61: 6" | H61: 11 | I61: API 5L_X60 | J61: TFT-PPL-05 | K61: Z72646 | L61: =IF(K61="","",IFERROR(INDEX(BARDAGE!$C$7:$C$1506,MATCH(K61,BARDAGE!$B$7:$B$1506,0)),"? hors registre")) -> 852405000415 | M61: Z70793 | N61: =IF(M61="","",IFERROR(INDEX(BARDAGE!$C$7:$C$1506,MATCH(M61,BARDAGE!$B$7:$B$1506,0)),"? hors registre")) -> 24803600 | O61: WR-05 | P61: WR-05 | Q61: WR-06 | R61: 45879 | S61: 45879 | T61: VT-004 | U61: A | V61: 45889 | W61: L-RT-03 | X61: A | AK61: =IF(E61="","",(X61<>"")+(AC61<>"")+(AH61<>"")) -> 1 | AL61: =IF(AH61<>"",AH61,IF(AC61<>"",AC61,IF(X61<>"",X61,""))) -> A | AM61: =IF(E61="","",IF(R61="","À SOUDER",IF(U61="","VT EN ATTENTE",IF(U61="R","VT REJETÉ – À REPRENDRE",IF(AL61="","À RADIOGRAPHIER",IF(AL61="A","ACCEPTÉ",IF(AL61="NX","NX – RT À REFAIRE",IF(IF(AK61=1,Z61,IF(AK61=2,AE61,""))="A","RÉPARÉ – À RADIOGRAPHIER",IF(IF(AK61=1,Z61,IF(AK61=2,AE61,""))="R","VT REJETÉ – À REPRENDRE",IF(OR(AL61="CO",AL61="NT"),"COUPE – À RESOUDER","À RÉPARER")))))))))) -> ACCEPTÉ | AN61: =IF(AND(ISNUMBER(R61),OR(AM61="À RADIOGRAPHIER",AM61="RÉPARÉ – À RADIOGRAPHIER",AM61="NX – RT À REFAIRE",AM61="À RÉPARER",AM61="COUPE – À RESOUDER",AM61="VT REJETÉ – À REPRENDRE")),MAX(0,'PROGRAMME RT'!$C$4-R61),"") | AO61: =IF(AND(OR(AM61="À RADIOGRAPHIER",AM61="RÉPARÉ – À RADIOGRAPHIER",AM61="NX – RT À REFAIRE"),OR('PROGRAMME RT'!$D$5="TOUTES",B61='PROGRAMME RT'!$D$5)),1,0) -> 0 | AP61: =IF(AO61=1,SUM(AO$7:AO61),"") | AQ61: =IF(AND(OR(X61="R",X61="NX",X61="NT",X61="CO"),OR('JOINTS DE RÉPARATION'!$D$5="TOUTES",B61='JOINTS DE RÉPARATION'!$D$5),OR('JOINTS DE RÉPARATION'!$L$4="TOUS",AM61<>"ACCEPTÉ")),1,0) -> 0 | AR61: =IF(AQ61=1,SUM(AQ$7:AQ61),"")
A62: =IF(E62="","",ROW()-6) -> 56 | B62: TFT 716 → TL7-MMFW2 | C62: 04 | D62: 0.00 | E62: JN°055 | F62: D | G62: 6" | H62: 11 | I62: API 5L_X60 | J62: TFT-PPL-05 | K62: Z70793 | L62: =IF(K62="","",IFERROR(INDEX(BARDAGE!$C$7:$C$1506,MATCH(K62,BARDAGE!$B$7:$B$1506,0)),"? hors registre")) -> 24803600 | M62: Z70554 | N62: =IF(M62="","",IFERROR(INDEX(BARDAGE!$C$7:$C$1506,MATCH(M62,BARDAGE!$B$7:$B$1506,0)),"? hors registre")) -> 24703643 | O62: WR-05 | P62: WR-05 | Q62: WR-02 | R62: 45879 | S62: 45879 | T62: VT-004 | U62: A | V62: 45889 | W62: L-RT-03 | X62: A | AK62: =IF(E62="","",(X62<>"")+(AC62<>"")+(AH62<>"")) -> 1 | AL62: =IF(AH62<>"",AH62,IF(AC62<>"",AC62,IF(X62<>"",X62,""))) -> A | AM62: =IF(E62="","",IF(R62="","À SOUDER",IF(U62="","VT EN ATTENTE",IF(U62="R","VT REJETÉ – À REPRENDRE",IF(AL62="","À RADIOGRAPHIER",IF(AL62="A","ACCEPTÉ",IF(AL62="NX","NX – RT À REFAIRE",IF(IF(AK62=1,Z62,IF(AK62=2,AE62,""))="A","RÉPARÉ – À RADIOGRAPHIER",IF(IF(AK62=1,Z62,IF(AK62=2,AE62,""))="R","VT REJETÉ – À REPRENDRE",IF(OR(AL62="CO",AL62="NT"),"COUPE – À RESOUDER","À RÉPARER")))))))))) -> ACCEPTÉ | AN62: =IF(AND(ISNUMBER(R62),OR(AM62="À RADIOGRAPHIER",AM62="RÉPARÉ – À RADIOGRAPHIER",AM62="NX – RT À REFAIRE",AM62="À RÉPARER",AM62="COUPE – À RESOUDER",AM62="VT REJETÉ – À REPRENDRE")),MAX(0,'PROGRAMME RT'!$C$4-R62),"") | AO62: =IF(AND(OR(AM62="À RADIOGRAPHIER",AM62="RÉPARÉ – À RADIOGRAPHIER",AM62="NX – RT À REFAIRE"),OR('PROGRAMME RT'!$D$5="TOUTES",B62='PROGRAMME RT'!$D$5)),1,0) -> 0 | AP62: =IF(AO62=1,SUM(AO$7:AO62),"") | AQ62: =IF(AND(OR(X62="R",X62="NX",X62="NT",X62="CO"),OR('JOINTS DE RÉPARATION'!$D$5="TOUTES",B62='JOINTS DE RÉPARATION'!$D$5),OR('JOINTS DE RÉPARATION'!$L$4="TOUS",AM62<>"ACCEPTÉ")),1,0) -> 0 | AR62: =IF(AQ62=1,SUM(AQ$7:AQ62),"")
A63: =IF(E63="","",ROW()-6) -> 57 | B63: TFT 716 → TL7-MMFW2 | C63: 04 | D63: 0.00 | E63: JN°056 | F63: D | G63: 6" | H63: 11 | I63: API 5L_X60 | J63: TFT-PPL-05 | K63: Z70554 | L63: =IF(K63="","",IFERROR(INDEX(BARDAGE!$C$7:$C$1506,MATCH(K63,BARDAGE!$B$7:$B$1506,0)),"? hors registre")) -> 24703643 | M63: Z71082 | N63: =IF(M63="","",IFERROR(INDEX(BARDAGE!$C$7:$C$1506,MATCH(M63,BARDAGE!$B$7:$B$1506,0)),"? hors registre")) -> 24703643 | O63: WR-05 | P63: WR-05 | Q63: WR-06 | R63: 45879 | S63: 45879 | T63: VT-004 | U63: A | V63: 45890 | W63: L-RT-04 | X63: A | AK63: =IF(E63="","",(X63<>"")+(AC63<>"")+(AH63<>"")) -> 1 | AL63: =IF(AH63<>"",AH63,IF(AC63<>"",AC63,IF(X63<>"",X63,""))) -> A | AM63: =IF(E63="","",IF(R63="","À SOUDER",IF(U63="","VT EN ATTENTE",IF(U63="R","VT REJETÉ – À REPRENDRE",IF(AL63="","À RADIOGRAPHIER",IF(AL63="A","ACCEPTÉ",IF(AL63="NX","NX – RT À REFAIRE",IF(IF(AK63=1,Z63,IF(AK63=2,AE63,""))="A","RÉPARÉ – À RADIOGRAPHIER",IF(IF(AK63=1,Z63,IF(AK63=2,AE63,""))="R","VT REJETÉ – À REPRENDRE",IF(OR(AL63="CO",AL63="NT"),"COUPE – À RESOUDER","À RÉPARER")))))))))) -> ACCEPTÉ | AN63: =IF(AND(ISNUMBER(R63),OR(AM63="À RADIOGRAPHIER",AM63="RÉPARÉ – À RADIOGRAPHIER",AM63="NX – RT À REFAIRE",AM63="À RÉPARER",AM63="COUPE – À RESOUDER",AM63="VT REJETÉ – À REPRENDRE")),MAX(0,'PROGRAMME RT'!$C$4-R63),"") | AO63: =IF(AND(OR(AM63="À RADIOGRAPHIER",AM63="RÉPARÉ – À RADIOGRAPHIER",AM63="NX – RT À REFAIRE"),OR('PROGRAMME RT'!$D$5="TOUTES",B63='PROGRAMME RT'!$D$5)),1,0) -> 0 | AP63: =IF(AO63=1,SUM(AO$7:AO63),"") | AQ63: =IF(AND(OR(X63="R",X63="NX",X63="NT",X63="CO"),OR('JOINTS DE RÉPARATION'!$D$5="TOUTES",B63='JOINTS DE RÉPARATION'!$D$5),OR('JOINTS DE RÉPARATION'!$L$4="TOUS",AM63<>"ACCEPTÉ")),1,0) -> 0 | AR63: =IF(AQ63=1,SUM(AQ$7:AQ63),"")
A64: =IF(E64="","",ROW()-6) -> 58 | B64: TFT 716 → TL7-MMFW2 | C64: 04 | D64: 0.00 | E64: JN°057 | F64: D | G64: 6" | H64: 11 | I64: API 5L_X60 | J64: TFT-PPL-05 | K64: Z71082 | L64: =IF(K64="","",IFERROR(INDEX(BARDAGE!$C$7:$C$1506,MATCH(K64,BARDAGE!$B$7:$B$1506,0)),"? hors registre")) -> 24703643 | M64: Z70553 | N64: =IF(M64="","",IFERROR(INDEX(BARDAGE!$C$7:$C$1506,MATCH(M64,BARDAGE!$B$7:$B$1506,0)),"? hors registre")) -> 24703643 | O64: WR-05 | P64: WR-05 | Q64: WR-02 | R64: 45879 | S64: 45879 | T64: VT-004 | U64: A | V64: 45890 | W64: L-RT-04 | X64: A | AK64: =IF(E64="","",(X64<>"")+(AC64<>"")+(AH64<>"")) -> 1 | AL64: =IF(AH64<>"",AH64,IF(AC64<>"",AC64,IF(X64<>"",X64,""))) -> A | AM64: =IF(E64="","",IF(R64="","À SOUDER",IF(U64="","VT EN ATTENTE",IF(U64="R","VT REJETÉ – À REPRENDRE",IF(AL64="","À RADIOGRAPHIER",IF(AL64="A","ACCEPTÉ",IF(AL64="NX","NX – RT À REFAIRE",IF(IF(AK64=1,Z64,IF(AK64=2,AE64,""))="A","RÉPARÉ – À RADIOGRAPHIER",IF(IF(AK64=1,Z64,IF(AK64=2,AE64,""))="R","VT REJETÉ – À REPRENDRE",IF(OR(AL64="CO",AL64="NT"),"COUPE – À RESOUDER","À RÉPARER")))))))))) -> ACCEPTÉ | AN64: =IF(AND(ISNUMBER(R64),OR(AM64="À RADIOGRAPHIER",AM64="RÉPARÉ – À RADIOGRAPHIER",AM64="NX – RT À REFAIRE",AM64="À RÉPARER",AM64="COUPE – À RESOUDER",AM64="VT REJETÉ – À REPRENDRE")),MAX(0,'PROGRAMME RT'!$C$4-R64),"") | AO64: =IF(AND(OR(AM64="À RADIOGRAPHIER",AM64="RÉPARÉ – À RADIOGRAPHIER",AM64="NX – RT À REFAIRE"),OR('PROGRAMME RT'!$D$5="TOUTES",B64='PROGRAMME RT'!$D$5)),1,0) -> 0 | AP64: =IF(AO64=1,SUM(AO$7:AO64),"") | AQ64: =IF(AND(OR(X64="R",X64="NX",X64="NT",X64="CO"),OR('JOINTS DE RÉPARATION'!$D$5="TOUTES",B64='JOINTS DE RÉPARATION'!$D$5),OR('JOINTS DE RÉPARATION'!$L$4="TOUS",AM64<>"ACCEPTÉ")),1,0) -> 0 | AR64: =IF(AQ64=1,SUM(AQ$7:AQ64),"")
A65: =IF(E65="","",ROW()-6) -> 59 | B65: TFT 716 → TL7-MMFW2 | C65: 04 | D65: 0.00 | E65: JN°058 | F65: D | G65: 6" | H65: 11 | I65: API 5L_X60 | J65: TFT-PPL-05 | K65: Z70553 | L65: =IF(K65="","",IFERROR(INDEX(BARDAGE!$C$7:$C$1506,MATCH(K65,BARDAGE!$B$7:$B$1506,0)),"? hors registre")) -> 24703643 | M65: Z71205 | N65: =IF(M65="","",IFERROR(INDEX(BARDAGE!$C$7:$C$1506,MATCH(M65,BARDAGE!$B$7:$B$1506,0)),"? hors registre")) -> 24703645 | O65: WR-05 | P65: WR-05 | Q65: WR-06 | R65: 45879 | S65: 45879 | T65: VT-004 | U65: A | V65: 45890 | W65: L-RT-04 | X65: A | AK65: =IF(E65="","",(X65<>"")+(AC65<>"")+(AH65<>"")) -> 1 | AL65: =IF(AH65<>"",AH65,IF(AC65<>"",AC65,IF(X65<>"",X65,""))) -> A | AM65: =IF(E65="","",IF(R65="","À SOUDER",IF(U65="","VT EN ATTENTE",IF(U65="R","VT REJETÉ – À REPRENDRE",IF(AL65="","À RADIOGRAPHIER",IF(AL65="A","ACCEPTÉ",IF(AL65="NX","NX – RT À REFAIRE",IF(IF(AK65=1,Z65,IF(AK65=2,AE65,""))="A","RÉPARÉ – À RADIOGRAPHIER",IF(IF(AK65=1,Z65,IF(AK65=2,AE65,""))="R","VT REJETÉ – À REPRENDRE",IF(OR(AL65="CO",AL65="NT"),"COUPE – À RESOUDER","À RÉPARER")))))))))) -> ACCEPTÉ | AN65: =IF(AND(ISNUMBER(R65),OR(AM65="À RADIOGRAPHIER",AM65="RÉPARÉ – À RADIOGRAPHIER",AM65="NX – RT À REFAIRE",AM65="À RÉPARER",AM65="COUPE – À RESOUDER",AM65="VT REJETÉ – À REPRENDRE")),MAX(0,'PROGRAMME RT'!$C$4-R65),"") | AO65: =IF(AND(OR(AM65="À RADIOGRAPHIER",AM65="RÉPARÉ – À RADIOGRAPHIER",AM65="NX – RT À REFAIRE"),OR('PROGRAMME RT'!$D$5="TOUTES",B65='PROGRAMME RT'!$D$5)),1,0) -> 0 | AP65: =IF(AO65=1,SUM(AO$7:AO65),"") | AQ65: =IF(AND(OR(X65="R",X65="NX",X65="NT",X65="CO"),OR('JOINTS DE RÉPARATION'!$D$5="TOUTES",B65='JOINTS DE RÉPARATION'!$D$5),OR('JOINTS DE RÉPARATION'!$L$4="TOUS",AM65<>"ACCEPTÉ")),1,0) -> 0 | AR65: =IF(AQ65=1,SUM(AQ$7:AQ65),"")
A66: =IF(E66="","",ROW()-6) -> 60 | B66: TFT 716 → TL7-MMFW2 | C66: 04 | D66: 0.00 | E66: JN°059 | F66: D | G66: 6" | H66: 11 | I66: API 5L_X60 | J66: TFT-PPL-05 | K66: Z71205 | L66: =IF(K66="","",IFERROR(INDEX(BARDAGE!$C$7:$C$1506,MATCH(K66,BARDAGE!$B$7:$B$1506,0)),"? hors registre")) -> 24703645 | M66: Z70790 | N66: =IF(M66="","",IFERROR(INDEX(BARDAGE!$C$7:$C$1506,MATCH(M66,BARDAGE!$B$7:$B$1506,0)),"? hors registre")) -> 24803600 | O66: WR-05 | P66: WR-05 | Q66: WR-02 | R66: 45879 | S66: 45879 | T66: VT-004 | U66: A | V66: 45890 | W66: L-RT-04 | X66: A | AK66: =IF(E66="","",(X66<>"")+(AC66<>"")+(AH66<>"")) -> 1 | AL66: =IF(AH66<>"",AH66,IF(AC66<>"",AC66,IF(X66<>"",X66,""))) -> A | AM66: =IF(E66="","",IF(R66="","À SOUDER",IF(U66="","VT EN ATTENTE",IF(U66="R","VT REJETÉ – À REPRENDRE",IF(AL66="","À RADIOGRAPHIER",IF(AL66="A","ACCEPTÉ",IF(AL66="NX","NX – RT À REFAIRE",IF(IF(AK66=1,Z66,IF(AK66=2,AE66,""))="A","RÉPARÉ – À RADIOGRAPHIER",IF(IF(AK66=1,Z66,IF(AK66=2,AE66,""))="R","VT REJETÉ – À REPRENDRE",IF(OR(AL66="CO",AL66="NT"),"COUPE – À RESOUDER","À RÉPARER")))))))))) -> ACCEPTÉ | AN66: =IF(AND(ISNUMBER(R66),OR(AM66="À RADIOGRAPHIER",AM66="RÉPARÉ – À RADIOGRAPHIER",AM66="NX – RT À REFAIRE",AM66="À RÉPARER",AM66="COUPE – À RESOUDER",AM66="VT REJETÉ – À REPRENDRE")),MAX(0,'PROGRAMME RT'!$C$4-R66),"") | AO66: =IF(AND(OR(AM66="À RADIOGRAPHIER",AM66="RÉPARÉ – À RADIOGRAPHIER",AM66="NX – RT À REFAIRE"),OR('PROGRAMME RT'!$D$5="TOUTES",B66='PROGRAMME RT'!$D$5)),1,0) -> 0 | AP66: =IF(AO66=1,SUM(AO$7:AO66),"") | AQ66: =IF(AND(OR(X66="R",X66="NX",X66="NT",X66="CO"),OR('JOINTS DE RÉPARATION'!$D$5="TOUTES",B66='JOINTS DE RÉPARATION'!$D$5),OR('JOINTS DE RÉPARATION'!$L$4="TOUS",AM66<>"ACCEPTÉ")),1,0) -> 0 | AR66: =IF(AQ66=1,SUM(AQ$7:AQ66),"")
A67: =IF(E67="","",ROW()-6) -> 61 | B67: TFT 716 → TL7-MMFW2 | C67: 04 | D67: 0.00 | E67: JN°060 | F67: D | G67: 6" | H67: 11 | I67: API 5L_X60 | J67: TFT-PPL-05 | K67: Z70790 | L67: =IF(K67="","",IFERROR(INDEX(BARDAGE!$C$7:$C$1506,MATCH(K67,BARDAGE!$B$7:$B$1506,0)),"? hors registre")) -> 24803600 | M67: Z70833 | N67: =IF(M67="","",IFERROR(INDEX(BARDAGE!$C$7:$C$1506,MATCH(M67,BARDAGE!$B$7:$B$1506,0)),"? hors registre")) -> 24803600 | O67: WR-05 | P67: WR-05 | Q67: WR-06 | R67: 45879 | S67: 45879 | T67: VT-004 | U67: A | V67: 45880 | W67: L-RT-01 | X67: A | AK67: =IF(E67="","",(X67<>"")+(AC67<>"")+(AH67<>"")) -> 1 | AL67: =IF(AH67<>"",AH67,IF(AC67<>"",AC67,IF(X67<>"",X67,""))) -> A | AM67: =IF(E67="","",IF(R67="","À SOUDER",IF(U67="","VT EN ATTENTE",IF(U67="R","VT REJETÉ – À REPRENDRE",IF(AL67="","À RADIOGRAPHIER",IF(AL67="A","ACCEPTÉ",IF(AL67="NX","NX – RT À REFAIRE",IF(IF(AK67=1,Z67,IF(AK67=2,AE67,""))="A","RÉPARÉ – À RADIOGRAPHIER",IF(IF(AK67=1,Z67,IF(AK67=2,AE67,""))="R","VT REJETÉ – À REPRENDRE",IF(OR(AL67="CO",AL67="NT"),"COUPE – À RESOUDER","À RÉPARER")))))))))) -> ACCEPTÉ | AN67: =IF(AND(ISNUMBER(R67),OR(AM67="À RADIOGRAPHIER",AM67="RÉPARÉ – À RADIOGRAPHIER",AM67="NX – RT À REFAIRE",AM67="À RÉPARER",AM67="COUPE – À RESOUDER",AM67="VT REJETÉ – À REPRENDRE")),MAX(0,'PROGRAMME RT'!$C$4-R67),"") | AO67: =IF(AND(OR(AM67="À RADIOGRAPHIER",AM67="RÉPARÉ – À RADIOGRAPHIER",AM67="NX – RT À REFAIRE"),OR('PROGRAMME RT'!$D$5="TOUTES",B67='PROGRAMME RT'!$D$5)),1,0) -> 0 | AP67: =IF(AO67=1,SUM(AO$7:AO67),"") | AQ67: =IF(AND(OR(X67="R",X67="NX",X67="NT",X67="CO"),OR('JOINTS DE RÉPARATION'!$D$5="TOUTES",B67='JOINTS DE RÉPARATION'!$D$5),OR('JOINTS DE RÉPARATION'!$L$4="TOUS",AM67<>"ACCEPTÉ")),1,0) -> 0 | AR67: =IF(AQ67=1,SUM(AQ$7:AQ67),"")
... A69: =IF(E69="","",ROW()-6) -> 63 | B69: TFT 716 → TL7-MMFW2 | C69: 04 | D69: 0.00 | E69: JN°062 | F69: D | G69: 6" | H69: 11 | I69: API 5L_X60 | J69: TFT-PPL-05 | K69: Z72198 | L69: =IF(K69="","",IFERROR(INDEX(BARDAGE!$C$7:$C$1506,MATCH(K69,BARDAGE!$B$7:$B$1506,0)),"? hors registre")) -> 24703636 | M69: Z70835 | N69: =IF(M69="","",IFERROR(INDEX(BARDAGE!$C$7:$C$1506,MATCH(M69,BARDAGE!$B$7:$B$1506,0)),"? hors registre")) -> 24803600 | O69: WR-05 | P69: WR-05 | Q69: WR-06 | R69: 45879 | S69: 45879 | T69: VT-004 | U69: A | V69: 45880 | W69: L-RT-01 | X69: A | AK69: =IF(E69="","",(X69<>"")+(AC69<>"")+(AH69<>"")) -> 1 | AL69: =IF(AH69<>"",AH69,IF(AC69<>"",AC69,IF(X69<>"",X69,""))) -> A | AM69: =IF(E69="","",IF(R69="","À SOUDER",IF(U69="","VT EN ATTENTE",IF(U69="R","VT REJETÉ – À REPRENDRE",IF(AL69="","À RADIOGRAPHIER",IF(AL69="A","ACCEPTÉ",IF(AL69="NX","NX – RT À REFAIRE",IF(IF(AK69=1,Z69,IF(AK69=2,AE69,""))="A","RÉPARÉ – À RADIOGRAPHIER",IF(IF(AK69=1,Z69,IF(AK69=2,AE69,""))="R","VT REJETÉ – À REPRENDRE",IF(OR(AL69="CO",AL69="NT"),"COUPE – À RESOUDER","À RÉPARER")))))))))) -> ACCEPTÉ | AN69: =IF(AND(ISNUMBER(R69),OR(AM69="À RADIOGRAPHIER",AM69="RÉPARÉ – À RADIOGRAPHIER",AM69="NX – RT À REFAIRE",AM69="À RÉPARER",AM69="COUPE – À RESOUDER",AM69="VT REJETÉ – À REPRENDRE")),MAX(0,'PROGRAMME RT'!$C$4-R69),"") | AO69: =IF(AND(OR(AM69="À RADIOGRAPHIER",AM69="RÉPARÉ – À RADIOGRAPHIER",AM69="NX – RT À REFAIRE"),OR('PROGRAMME RT'!$D$5="TOUTES",B69='PROGRAMME RT'!$D$5)),1,0) -> 0 | AP69: =IF(AO69=1,SUM(AO$7:AO69),"") | AQ69: =IF(AND(OR(X69="R",X69="NX",X69="NT",X69="CO"),OR('JOINTS DE RÉPARATION'!$D$5="TOUTES",B69='JOINTS DE RÉPARATION'!$D$5),OR('JOINTS DE RÉPARATION'!$L$4="TOUS",AM69<>"ACCEPTÉ")),1,0) -> 0 | AR69: =IF(AQ69=1,SUM(AQ$7:AQ69),"")
A70: =IF(E70="","",ROW()-6) -> 64 | B70: TFT 716 → TL7-MMFW2 | C70: 04 | D70: 0.00 | E70: JN°063/R | F70: D | G70: 6" | H70: 11 | I70: API 5L_X60 | J70: TFT-PPL-05 | K70: Z70835 | L70: =IF(K70="","",IFERROR(INDEX(BARDAGE!$C$7:$C$1506,MATCH(K70,BARDAGE!$B$7:$B$1506,0)),"? hors registre")) -> 24803600 | M70: Z71046 | N70: =IF(M70="","",IFERROR(INDEX(BARDAGE!$C$7:$C$1506,MATCH(M70,BARDAGE!$B$7:$B$1506,0)),"? hors registre")) -> 24703643 | O70: WR-05 | P70: WR-05 | Q70: WR-02 | R70: 45879 | S70: 45879 | T70: VT-004 | U70: A | V70: 45890 | W70: L-RT-04 | X70: R | Y70: WR-10 | Z70: A | AA70: 45893 | AB70: L-RT-08 | AC70: A | AK70: =IF(E70="","",(X70<>"")+(AC70<>"")+(AH70<>"")) -> 2 | AL70: =IF(AH70<>"",AH70,IF(AC70<>"",AC70,IF(X70<>"",X70,""))) -> A | AM70: =IF(E70="","",IF(R70="","À SOUDER",IF(U70="","VT EN ATTENTE",IF(U70="R","VT REJETÉ – À REPRENDRE",IF(AL70="","À RADIOGRAPHIER",IF(AL70="A","ACCEPTÉ",IF(AL70="NX","NX – RT À REFAIRE",IF(IF(AK70=1,Z70,IF(AK70=2,AE70,""))="A","RÉPARÉ – À RADIOGRAPHIER",IF(IF(AK70=1,Z70,IF(AK70=2,AE70,""))="R","VT REJETÉ – À REPRENDRE",IF(OR(AL70="CO",AL70="NT"),"COUPE – À RESOUDER","À RÉPARER")))))))))) -> ACCEPTÉ | AN70: =IF(AND(ISNUMBER(R70),OR(AM70="À RADIOGRAPHIER",AM70="RÉPARÉ – À RADIOGRAPHIER",AM70="NX – RT À REFAIRE",AM70="À RÉPARER",AM70="COUPE – À RESOUDER",AM70="VT REJETÉ – À REPRENDRE")),MAX(0,'PROGRAMME RT'!$C$4-R70),"") | AO70: =IF(AND(OR(AM70="À RADIOGRAPHIER",AM70="RÉPARÉ – À RADIOGRAPHIER",AM70="NX – RT À REFAIRE"),OR('PROGRAMME RT'!$D$5="TOUTES",B70='PROGRAMME RT'!$D$5)),1,0) -> 0 | AP70: =IF(AO70=1,SUM(AO$7:AO70),"") | AQ70: =IF(AND(OR(X70="R",X70="NX",X70="NT",X70="CO"),OR('JOINTS DE RÉPARATION'!$D$5="TOUTES",B70='JOINTS DE RÉPARATION'!$D$5),OR('JOINTS DE RÉPARATION'!$L$4="TOUS",AM70<>"ACCEPTÉ")),1,0) -> 1 | AR70: =IF(AQ70=1,SUM(AQ$7:AQ70),"") -> 1
A71: =IF(E71="","",ROW()-6) -> 65 | B71: TFT 716 → TL7-MMFW2 | C71: 04 | D71: 0.00 | E71: JN°064 | F71: D | G71: 6" | H71: 11 | I71: API 5L_X60 | J71: TFT-PPL-05 | K71: Z71046 | L71: =IF(K71="","",IFERROR(INDEX(BARDAGE!$C$7:$C$1506,MATCH(K71,BARDAGE!$B$7:$B$1506,0)),"? hors registre")) -> 24703643 | M71: Z71081 | N71: =IF(M71="","",IFERROR(INDEX(BARDAGE!$C$7:$C$1506,MATCH(M71,BARDAGE!$B$7:$B$1506,0)),"? hors registre")) -> 24703643 | O71: WR-05 | P71: WR-05 | Q71: WR-06 | R71: 45880 | S71: 45880 | T71: VT-005 | U71: A | V71: 45890 | W71: L-RT-04 | X71: A | AK71: =IF(E71="","",(X71<>"")+(AC71<>"")+(AH71<>"")) -> 1 | AL71: =IF(AH71<>"",AH71,IF(AC71<>"",AC71,IF(X71<>"",X71,""))) -> A | AM71: =IF(E71="","",IF(R71="","À SOUDER",IF(U71="","VT EN ATTENTE",IF(U71="R","VT REJETÉ – À REPRENDRE",IF(AL71="","À RADIOGRAPHIER",IF(AL71="A","ACCEPTÉ",IF(AL71="NX","NX – RT À REFAIRE",IF(IF(AK71=1,Z71,IF(AK71=2,AE71,""))="A","RÉPARÉ – À RADIOGRAPHIER",IF(IF(AK71=1,Z71,IF(AK71=2,AE71,""))="R","VT REJETÉ – À REPRENDRE",IF(OR(AL71="CO",AL71="NT"),"COUPE – À RESOUDER","À RÉPARER")))))))))) -> ACCEPTÉ | AN71: =IF(AND(ISNUMBER(R71),OR(AM71="À RADIOGRAPHIER",AM71="RÉPARÉ – À RADIOGRAPHIER",AM71="NX – RT À REFAIRE",AM71="À RÉPARER",AM71="COUPE – À RESOUDER",AM71="VT REJETÉ – À REPRENDRE")),MAX(0,'PROGRAMME RT'!$C$4-R71),"") | AO71: =IF(AND(OR(AM71="À RADIOGRAPHIER",AM71="RÉPARÉ – À RADIOGRAPHIER",AM71="NX – RT À REFAIRE"),OR('PROGRAMME RT'!$D$5="TOUTES",B71='PROGRAMME RT'!$D$5)),1,0) -> 0 | AP71: =IF(AO71=1,SUM(AO$7:AO71),"") | AQ71: =IF(AND(OR(X71="R",X71="NX",X71="NT",X71="CO"),OR('JOINTS DE RÉPARATION'!$D$5="TOUTES",B71='JOINTS DE RÉPARATION'!$D$5),OR('JOINTS DE RÉPARATION'!$L$4="TOUS",AM71<>"ACCEPTÉ")),1,0) -> 0 | AR71: =IF(AQ71=1,SUM(AQ$7:AQ71),"")
A72: =IF(E72="","",ROW()-6) -> 66 | B72: TFT 716 → TL7-MMFW2 | C72: 04 | D72: 0.00 | E72: JN°065 | F72: D | G72: 6" | H72: 11 | I72: API 5L_X60 | J72: TFT-PPL-05 | K72: Z71081 | L72: =IF(K72="","",IFERROR(INDEX(BARDAGE!$C$7:$C$1506,MATCH(K72,BARDAGE!$B$7:$B$1506,0)),"? hors registre")) -> 24703643 | M72: Z70555 | N72: =IF(M72="","",IFERROR(INDEX(BARDAGE!$C$7:$C$1506,MATCH(M72,BARDAGE!$B$7:$B$1506,0)),"? hors registre")) -> 24703643 | O72: WR-05 | P72: WR-05 | Q72: WR-02 | R72: 45879 | S72: 45880 | T72: VT-005 | U72: A | V72: 45890 | W72: L-RT-04 | X72: A | AK72: =IF(E72="","",(X72<>"")+(AC72<>"")+(AH72<>"")) -> 1 | AL72: =IF(AH72<>"",AH72,IF(AC72<>"",AC72,IF(X72<>"",X72,""))) -> A | AM72: =IF(E72="","",IF(R72="","À SOUDER",IF(U72="","VT EN ATTENTE",IF(U72="R","VT REJETÉ – À REPRENDRE",IF(AL72="","À RADIOGRAPHIER",IF(AL72="A","ACCEPTÉ",IF(AL72="NX","NX – RT À REFAIRE",IF(IF(AK72=1,Z72,IF(AK72=2,AE72,""))="A","RÉPARÉ – À RADIOGRAPHIER",IF(IF(AK72=1,Z72,IF(AK72=2,AE72,""))="R","VT REJETÉ – À REPRENDRE",IF(OR(AL72="CO",AL72="NT"),"COUPE – À RESOUDER","À RÉPARER")))))))))) -> ACCEPTÉ | AN72: =IF(AND(ISNUMBER(R72),OR(AM72="À RADIOGRAPHIER",AM72="RÉPARÉ – À RADIOGRAPHIER",AM72="NX – RT À REFAIRE",AM72="À RÉPARER",AM72="COUPE – À RESOUDER",AM72="VT REJETÉ – À REPRENDRE")),MAX(0,'PROGRAMME RT'!$C$4-R72),"") | AO72: =IF(AND(OR(AM72="À RADIOGRAPHIER",AM72="RÉPARÉ – À RADIOGRAPHIER",AM72="NX – RT À REFAIRE"),OR('PROGRAMME RT'!$D$5="TOUTES",B72='PROGRAMME RT'!$D$5)),1,0) -> 0 | AP72: =IF(AO72=1,SUM(AO$7:AO72),"") | AQ72: =IF(AND(OR(X72="R",X72="NX",X72="NT",X72="CO"),OR('JOINTS DE RÉPARATION'!$D$5="TOUTES",B72='JOINTS DE RÉPARATION'!$D$5),OR('JOINTS DE RÉPARATION'!$L$4="TOUS",AM72<>"ACCEPTÉ")),1,0) -> 0 | AR72: =IF(AQ72=1,SUM(AQ$7:AQ72),"")
A73: =IF(E73="","",ROW()-6) -> 67 | B73: TFT 716 → TL7-MMFW2 | C73: 04 | D73: 0.00 | E73: JN°066 | F73: D | G73: 6" | H73: 11 | I73: API 5L_X60 | J73: TFT-PPL-05 | K73: Z70555 | L73: =IF(K73="","",IFERROR(INDEX(BARDAGE!$C$7:$C$1506,MATCH(K73,BARDAGE!$B$7:$B$1506,0)),"? hors registre")) -> 24703643 | M73: Z71047 | N73: =IF(M73="","",IFERROR(INDEX(BARDAGE!$C$7:$C$1506,MATCH(M73,BARDAGE!$B$7:$B$1506,0)),"? hors registre")) -> 24703643 | O73: WR-05 | P73: WR-05 | Q73: WR-06 | R73: 45880 | S73: 45880 | T73: VT-005 | U73: A | V73: 45890 | W73: L-RT-04 | X73: A | AK73: =IF(E73="","",(X73<>"")+(AC73<>"")+(AH73<>"")) -> 1 | AL73: =IF(AH73<>"",AH73,IF(AC73<>"",AC73,IF(X73<>"",X73,""))) -> A | AM73: =IF(E73="","",IF(R73="","À SOUDER",IF(U73="","VT EN ATTENTE",IF(U73="R","VT REJETÉ – À REPRENDRE",IF(AL73="","À RADIOGRAPHIER",IF(AL73="A","ACCEPTÉ",IF(AL73="NX","NX – RT À REFAIRE",IF(IF(AK73=1,Z73,IF(AK73=2,AE73,""))="A","RÉPARÉ – À RADIOGRAPHIER",IF(IF(AK73=1,Z73,IF(AK73=2,AE73,""))="R","VT REJETÉ – À REPRENDRE",IF(OR(AL73="CO",AL73="NT"),"COUPE – À RESOUDER","À RÉPARER")))))))))) -> ACCEPTÉ | AN73: =IF(AND(ISNUMBER(R73),OR(AM73="À RADIOGRAPHIER",AM73="RÉPARÉ – À RADIOGRAPHIER",AM73="NX – RT À REFAIRE",AM73="À RÉPARER",AM73="COUPE – À RESOUDER",AM73="VT REJETÉ – À REPRENDRE")),MAX(0,'PROGRAMME RT'!$C$4-R73),"") | AO73: =IF(AND(OR(AM73="À RADIOGRAPHIER",AM73="RÉPARÉ – À RADIOGRAPHIER",AM73="NX – RT À REFAIRE"),OR('PROGRAMME RT'!$D$5="TOUTES",B73='PROGRAMME RT'!$D$5)),1,0) -> 0 | AP73: =IF(AO73=1,SUM(AO$7:AO73),"") | AQ73: =IF(AND(OR(X73="R",X73="NX",X73="NT",X73="CO"),OR('JOINTS DE RÉPARATION'!$D$5="TOUTES",B73='JOINTS DE RÉPARATION'!$D$5),OR('JOINTS DE RÉPARATION'!$L$4="TOUS",AM73<>"ACCEPTÉ")),1,0) -> 0 | AR73: =IF(AQ73=1,SUM(AQ$7:AQ73),"")
A74: =IF(E74="","",ROW()-6) -> 68 | B74: TFT 716 → TL7-MMFW2 | C74: 04 | D74: 0.00 | E74: JN°067 | F74: D | G74: 6" | H74: 11 | I74: API 5L_X60 | J74: TFT-PPL-05 | K74: Z71047 | L74: =IF(K74="","",IFERROR(INDEX(BARDAGE!$C$7:$C$1506,MATCH(K74,BARDAGE!$B$7:$B$1506,0)),"? hors registre")) -> 24703643 | M74: Z68670 | N74: =IF(M74="","",IFERROR(INDEX(BARDAGE!$C$7:$C$1506,MATCH(M74,BARDAGE!$B$7:$B$1506,0)),"? hors registre")) -> 852405000610 | O74: WR-05 | P74: WR-05 | Q74: WR-02 | R74: 45879 | S74: 45880 | T74: VT-005 | U74: A | V74: 45890 | W74: L-RT-04 | X74: A | AK74: =IF(E74="","",(X74<>"")+(AC74<>"")+(AH74<>"")) -> 1 | AL74: =IF(AH74<>"",AH74,IF(AC74<>"",AC74,IF(X74<>"",X74,""))) -> A | AM74: =IF(E74="","",IF(R74="","À SOUDER",IF(U74="","VT EN ATTENTE",IF(U74="R","VT REJETÉ – À REPRENDRE",IF(AL74="","À RADIOGRAPHIER",IF(AL74="A","ACCEPTÉ",IF(AL74="NX","NX – RT À REFAIRE",IF(IF(AK74=1,Z74,IF(AK74=2,AE74,""))="A","RÉPARÉ – À RADIOGRAPHIER",IF(IF(AK74=1,Z74,IF(AK74=2,AE74,""))="R","VT REJETÉ – À REPRENDRE",IF(OR(AL74="CO",AL74="NT"),"COUPE – À RESOUDER","À RÉPARER")))))))))) -> ACCEPTÉ | AN74: =IF(AND(ISNUMBER(R74),OR(AM74="À RADIOGRAPHIER",AM74="RÉPARÉ – À RADIOGRAPHIER",AM74="NX – RT À REFAIRE",AM74="À RÉPARER",AM74="COUPE – À RESOUDER",AM74="VT REJETÉ – À REPRENDRE")),MAX(0,'PROGRAMME RT'!$C$4-R74),"") | AO74: =IF(AND(OR(AM74="À RADIOGRAPHIER",AM74="RÉPARÉ – À RADIOGRAPHIER",AM74="NX – RT À REFAIRE"),OR('PROGRAMME RT'!$D$5="TOUTES",B74='PROGRAMME RT'!$D$5)),1,0) -> 0 | AP74: =IF(AO74=1,SUM(AO$7:AO74),"") | AQ74: =IF(AND(OR(X74="R",X74="NX",X74="NT",X74="CO"),OR('JOINTS DE RÉPARATION'!$D$5="TOUTES",B74='JOINTS DE RÉPARATION'!$D$5),OR('JOINTS DE RÉPARATION'!$L$4="TOUS",AM74<>"ACCEPTÉ")),1,0) -> 0 | AR74: =IF(AQ74=1,SUM(AQ$7:AQ74),"")
A75: =IF(E75="","",ROW()-6) -> 69 | B75: TFT 716 → TL7-MMFW2 | C75: 04 | D75: 0.00 | E75: JN°068 | F75: D | G75: 6" | H75: 11 | I75: API 5L_X60 | J75: TFT-PPL-05 | K75: Z68670 | L75: =IF(K75="","",IFERROR(INDEX(BARDAGE!$C$7:$C$1506,MATCH(K75,BARDAGE!$B$7:$B$1506,0)),"? hors registre")) -> 852405000610 | M75: Z71048 | N75: =IF(M75="","",IFERROR(INDEX(BARDAGE!$C$7:$C$1506,MATCH(M75,BARDAGE!$B$7:$B$1506,0)),"? hors registre")) -> 24703643 | O75: WR-05 | P75: WR-05 | Q75: WR-06 | R75: 45880 | S75: 45880 | T75: VT-005 | U75: A | V75: 45890 | W75: L-RT-04 | X75: A | AK75: =IF(E75="","",(X75<>"")+(AC75<>"")+(AH75<>"")) -> 1 | AL75: =IF(AH75<>"",AH75,IF(AC75<>"",AC75,IF(X75<>"",X75,""))) -> A | AM75: =IF(E75="","",IF(R75="","À SOUDER",IF(U75="","VT EN ATTENTE",IF(U75="R","VT REJETÉ – À REPRENDRE",IF(AL75="","À RADIOGRAPHIER",IF(AL75="A","ACCEPTÉ",IF(AL75="NX","NX – RT À REFAIRE",IF(IF(AK75=1,Z75,IF(AK75=2,AE75,""))="A","RÉPARÉ – À RADIOGRAPHIER",IF(IF(AK75=1,Z75,IF(AK75=2,AE75,""))="R","VT REJETÉ – À REPRENDRE",IF(OR(AL75="CO",AL75="NT"),"COUPE – À RESOUDER","À RÉPARER")))))))))) -> ACCEPTÉ | AN75: =IF(AND(ISNUMBER(R75),OR(AM75="À RADIOGRAPHIER",AM75="RÉPARÉ – À RADIOGRAPHIER",AM75="NX – RT À REFAIRE",AM75="À RÉPARER",AM75="COUPE – À RESOUDER",AM75="VT REJETÉ – À REPRENDRE")),MAX(0,'PROGRAMME RT'!$C$4-R75),"") | AO75: =IF(AND(OR(AM75="À RADIOGRAPHIER",AM75="RÉPARÉ – À RADIOGRAPHIER",AM75="NX – RT À REFAIRE"),OR('PROGRAMME RT'!$D$5="TOUTES",B75='PROGRAMME RT'!$D$5)),1,0) -> 0 | AP75: =IF(AO75=1,SUM(AO$7:AO75),"") | AQ75: =IF(AND(OR(X75="R",X75="NX",X75="NT",X75="CO"),OR('JOINTS DE RÉPARATION'!$D$5="TOUTES",B75='JOINTS DE RÉPARATION'!$D$5),OR('JOINTS DE RÉPARATION'!$L$4="TOUS",AM75<>"ACCEPTÉ")),1,0) -> 0 | AR75: =IF(AQ75=1,SUM(AQ$7:AQ75),"")
A76: =IF(E76="","",ROW()-6) -> 70 | B76: TFT 716 → TL7-MMFW2 | C76: 04 | D76: 0.00 | E76: JN°069 | F76: D | G76: 6" | H76: 11 | I76: API 5L_X60 | J76: TFT-PPL-05 | K76: Z71048 | L76: =IF(K76="","",IFERROR(INDEX(BARDAGE!$C$7:$C$1506,MATCH(K76,BARDAGE!$B$7:$B$1506,0)),"? hors registre")) -> 24703643 | M76: Z71084 | N76: =IF(M76="","",IFERROR(INDEX(BARDAGE!$C$7:$C$1506,MATCH(M76,BARDAGE!$B$7:$B$1506,0)),"? hors registre")) -> 24703643 | O76: WR-05 | P76: WR-05 | Q76: WR-02 | R76: 45879 | S76: 45880 | T76: VT-005 | U76: A | V76: 45890 | W76: L-RT-04 | X76: A | AK76: =IF(E76="","",(X76<>"")+(AC76<>"")+(AH76<>"")) -> 1 | AL76: =IF(AH76<>"",AH76,IF(AC76<>"",AC76,IF(X76<>"",X76,""))) -> A | AM76: =IF(E76="","",IF(R76="","À SOUDER",IF(U76="","VT EN ATTENTE",IF(U76="R","VT REJETÉ – À REPRENDRE",IF(AL76="","À RADIOGRAPHIER",IF(AL76="A","ACCEPTÉ",IF(AL76="NX","NX – RT À REFAIRE",IF(IF(AK76=1,Z76,IF(AK76=2,AE76,""))="A","RÉPARÉ – À RADIOGRAPHIER",IF(IF(AK76=1,Z76,IF(AK76=2,AE76,""))="R","VT REJETÉ – À REPRENDRE",IF(OR(AL76="CO",AL76="NT"),"COUPE – À RESOUDER","À RÉPARER")))))))))) -> ACCEPTÉ | AN76: =IF(AND(ISNUMBER(R76),OR(AM76="À RADIOGRAPHIER",AM76="RÉPARÉ – À RADIOGRAPHIER",AM76="NX – RT À REFAIRE",AM76="À RÉPARER",AM76="COUPE – À RESOUDER",AM76="VT REJETÉ – À REPRENDRE")),MAX(0,'PROGRAMME RT'!$C$4-R76),"") | AO76: =IF(AND(OR(AM76="À RADIOGRAPHIER",AM76="RÉPARÉ – À RADIOGRAPHIER",AM76="NX – RT À REFAIRE"),OR('PROGRAMME RT'!$D$5="TOUTES",B76='PROGRAMME RT'!$D$5)),1,0) -> 0 | AP76: =IF(AO76=1,SUM(AO$7:AO76),"") | AQ76: =IF(AND(OR(X76="R",X76="NX",X76="NT",X76="CO"),OR('JOINTS DE RÉPARATION'!$D$5="TOUTES",B76='JOINTS DE RÉPARATION'!$D$5),OR('JOINTS DE RÉPARATION'!$L$4="TOUS",AM76<>"ACCEPTÉ")),1,0) -> 0 | AR76: =IF(AQ76=1,SUM(AQ$7:AQ76),"")
A77: =IF(E77="","",ROW()-6) -> 71 | B77: TFT 716 → TL7-MMFW2 | C77: 04 | D77: 0.00 | E77: JN°070 | F77: D | G77: 6" | H77: 11 | I77: API 5L_X60 | J77: TFT-PPL-05 | K77: Z71084 | L77: =IF(K77="","",IFERROR(INDEX(BARDAGE!$C$7:$C$1506,MATCH(K77,BARDAGE!$B$7:$B$1506,0)),"? hors registre")) -> 24703643 | M77: b00347 | N77: =IF(M77="","",IFERROR(INDEX(BARDAGE!$C$7:$C$1506,MATCH(M77,BARDAGE!$B$7:$B$1506,0)),"? hors registre")) -> 24102307 | O77: WR-05 | P77: WR-05 | Q77: WR-06 | R77: 45880 | S77: 45880 | T77: VT-005 | U77: A | V77: 45890 | W77: L-RT-04 | X77: A | AK77: =IF(E77="","",(X77<>"")+(AC77<>"")+(AH77<>"")) -> 1 | AL77: =IF(AH77<>"",AH77,IF(AC77<>"",AC77,IF(X77<>"",X77,""))) -> A | AM77: =IF(E77="","",IF(R77="","À SOUDER",IF(U77="","VT EN ATTENTE",IF(U77="R","VT REJETÉ – À REPRENDRE",IF(AL77="","À RADIOGRAPHIER",IF(AL77="A","ACCEPTÉ",IF(AL77="NX","NX – RT À REFAIRE",IF(IF(AK77=1,Z77,IF(AK77=2,AE77,""))="A","RÉPARÉ – À RADIOGRAPHIER",IF(IF(AK77=1,Z77,IF(AK77=2,AE77,""))="R","VT REJETÉ – À REPRENDRE",IF(OR(AL77="CO",AL77="NT"),"COUPE – À RESOUDER","À RÉPARER")))))))))) -> ACCEPTÉ | AN77: =IF(AND(ISNUMBER(R77),OR(AM77="À RADIOGRAPHIER",AM77="RÉPARÉ – À RADIOGRAPHIER",AM77="NX – RT À REFAIRE",AM77="À RÉPARER",AM77="COUPE – À RESOUDER",AM77="VT REJETÉ – À REPRENDRE")),MAX(0,'PROGRAMME RT'!$C$4-R77),"") | AO77: =IF(AND(OR(AM77="À RADIOGRAPHIER",AM77="RÉPARÉ – À RADIOGRAPHIER",AM77="NX – RT À REFAIRE"),OR('PROGRAMME RT'!$D$5="TOUTES",B77='PROGRAMME RT'!$D$5)),1,0) -> 0 | AP77: =IF(AO77=1,SUM(AO$7:AO77),"") | AQ77: =IF(AND(OR(X77="R",X77="NX",X77="NT",X77="CO"),OR('JOINTS DE RÉPARATION'!$D$5="TOUTES",B77='JOINTS DE RÉPARATION'!$D$5),OR('JOINTS DE RÉPARATION'!$L$4="TOUS",AM77<>"ACCEPTÉ")),1,0) -> 0 | AR77: =IF(AQ77=1,SUM(AQ$7:AQ77),"")
A78: =IF(E78="","",ROW()-6) -> 72 | B78: TFT 716 → TL7-MMFW2 | C78: 04 | D78: 0.00 | E78: JN°071 | F78: D | G78: 6" | H78: 11 | I78: API 5L_X60 | J78: TFT-PPL-05 | K78: b00347 | L78: =IF(K78="","",IFERROR(INDEX(BARDAGE!$C$7:$C$1506,MATCH(K78,BARDAGE!$B$7:$B$1506,0)),"? hors registre")) -> 24102307 | M78: Z71135 | N78: =IF(M78="","",IFERROR(INDEX(BARDAGE!$C$7:$C$1506,MATCH(M78,BARDAGE!$B$7:$B$1506,0)),"? hors registre")) -> 24803598 | O78: WR-05 | P78: WR-05 | Q78: WR-02 | R78: 45879 | S78: 45880 | T78: VT-005 | U78: A | V78: 45890 | W78: L-RT-04 | X78: A | AK78: =IF(E78="","",(X78<>"")+(AC78<>"")+(AH78<>"")) -> 1 | AL78: =IF(AH78<>"",AH78,IF(AC78<>"",AC78,IF(X78<>"",X78,""))) -> A | AM78: =IF(E78="","",IF(R78="","À SOUDER",IF(U78="","VT EN ATTENTE",IF(U78="R","VT REJETÉ – À REPRENDRE",IF(AL78="","À RADIOGRAPHIER",IF(AL78="A","ACCEPTÉ",IF(AL78="NX","NX – RT À REFAIRE",IF(IF(AK78=1,Z78,IF(AK78=2,AE78,""))="A","RÉPARÉ – À RADIOGRAPHIER",IF(IF(AK78=1,Z78,IF(AK78=2,AE78,""))="R","VT REJETÉ – À REPRENDRE",IF(OR(AL78="CO",AL78="NT"),"COUPE – À RESOUDER","À RÉPARER")))))))))) -> ACCEPTÉ | AN78: =IF(AND(ISNUMBER(R78),OR(AM78="À RADIOGRAPHIER",AM78="RÉPARÉ – À RADIOGRAPHIER",AM78="NX – RT À REFAIRE",AM78="À RÉPARER",AM78="COUPE – À RESOUDER",AM78="VT REJETÉ – À REPRENDRE")),MAX(0,'PROGRAMME RT'!$C$4-R78),"") | AO78: =IF(AND(OR(AM78="À RADIOGRAPHIER",AM78="RÉPARÉ – À RADIOGRAPHIER",AM78="NX – RT À REFAIRE"),OR('PROGRAMME RT'!$D$5="TOUTES",B78='PROGRAMME RT'!$D$5)),1,0) -> 0 | AP78: =IF(AO78=1,SUM(AO$7:AO78),"") | AQ78: =IF(AND(OR(X78="R",X78="NX",X78="NT",X78="CO"),OR('JOINTS DE RÉPARATION'!$D$5="TOUTES",B78='JOINTS DE RÉPARATION'!$D$5),OR('JOINTS DE RÉPARATION'!$L$4="TOUS",AM78<>"ACCEPTÉ")),1,0) -> 0 | AR78: =IF(AQ78=1,SUM(AQ$7:AQ78),"")
A79: =IF(E79="","",ROW()-6) -> 73 | B79: TFT 716 → TL7-MMFW2 | C79: 04 | D79: 0.00 | E79: JN°072 | F79: D | G79: 6" | H79: 11 | I79: API 5L_X60 | J79: TFT-PPL-05 | K79: Z71135 | L79: =IF(K79="","",IFERROR(INDEX(BARDAGE!$C$7:$C$1506,MATCH(K79,BARDAGE!$B$7:$B$1506,0)),"? hors registre")) -> 24803598 | M79: Z71137 | N79: =IF(M79="","",IFERROR(INDEX(BARDAGE!$C$7:$C$1506,MATCH(M79,BARDAGE!$B$7:$B$1506,0)),"? hors registre")) -> 24803598 | O79: WR-05 | P79: WR-05 | Q79: WR-06 | R79: 45880 | S79: 45880 | T79: VT-005 | U79: A | V79: 45890 | W79: L-RT-04 | X79: A | AK79: =IF(E79="","",(X79<>"")+(AC79<>"")+(AH79<>"")) -> 1 | AL79: =IF(AH79<>"",AH79,IF(AC79<>"",AC79,IF(X79<>"",X79,""))) -> A | AM79: =IF(E79="","",IF(R79="","À SOUDER",IF(U79="","VT EN ATTENTE",IF(U79="R","VT REJETÉ – À REPRENDRE",IF(AL79="","À RADIOGRAPHIER",IF(AL79="A","ACCEPTÉ",IF(AL79="NX","NX – RT À REFAIRE",IF(IF(AK79=1,Z79,IF(AK79=2,AE79,""))="A","RÉPARÉ – À RADIOGRAPHIER",IF(IF(AK79=1,Z79,IF(AK79=2,AE79,""))="R","VT REJETÉ – À REPRENDRE",IF(OR(AL79="CO",AL79="NT"),"COUPE – À RESOUDER","À RÉPARER")))))))))) -> ACCEPTÉ | AN79: =IF(AND(ISNUMBER(R79),OR(AM79="À RADIOGRAPHIER",AM79="RÉPARÉ – À RADIOGRAPHIER",AM79="NX – RT À REFAIRE",AM79="À RÉPARER",AM79="COUPE – À RESOUDER",AM79="VT REJETÉ – À REPRENDRE")),MAX(0,'PROGRAMME RT'!$C$4-R79),"") | AO79: =IF(AND(OR(AM79="À RADIOGRAPHIER",AM79="RÉPARÉ – À RADIOGRAPHIER",AM79="NX – RT À REFAIRE"),OR('PROGRAMME RT'!$D$5="TOUTES",B79='PROGRAMME RT'!$D$5)),1,0) -> 0 | AP79: =IF(AO79=1,SUM(AO$7:AO79),"") | AQ79: =IF(AND(OR(X79="R",X79="NX",X79="NT",X79="CO"),OR('JOINTS DE RÉPARATION'!$D$5="TOUTES",B79='JOINTS DE RÉPARATION'!$D$5),OR('JOINTS DE RÉPARATION'!$L$4="TOUS",AM79<>"ACCEPTÉ")),1,0) -> 0 | AR79: =IF(AQ79=1,SUM(AQ$7:AQ79),"")
A80: =IF(E80="","",ROW()-6) -> 74 | B80: TFT 716 → TL7-MMFW2 | C80: 04 | D80: 0.00 | E80: JN°073 | F80: D | G80: 6" | H80: 11 | I80: API 5L_X60 | J80: TFT-PPL-05 | K80: Z71137 | L80: =IF(K80="","",IFERROR(INDEX(BARDAGE!$C$7:$C$1506,MATCH(K80,BARDAGE!$B$7:$B$1506,0)),"? hors registre")) -> 24803598 | M80: Z71045 | N80: =IF(M80="","",IFERROR(INDEX(BARDAGE!$C$7:$C$1506,MATCH(M80,BARDAGE!$B$7:$B$1506,0)),"? hors registre")) -> 24703643 | O80: WR-05 | P80: WR-05 | Q80: WR-02 | R80: 45879 | S80: 45880 | T80: VT-005 | U80: A | V80: 45890 | W80: L-RT-04 | X80: A | AK80: =IF(E80="","",(X80<>"")+(AC80<>"")+(AH80<>"")) -> 1 | AL80: =IF(AH80<>"",AH80,IF(AC80<>"",AC80,IF(X80<>"",X80,""))) -> A | AM80: =IF(E80="","",IF(R80="","À SOUDER",IF(U80="","VT EN ATTENTE",IF(U80="R","VT REJETÉ – À REPRENDRE",IF(AL80="","À RADIOGRAPHIER",IF(AL80="A","ACCEPTÉ",IF(AL80="NX","NX – RT À REFAIRE",IF(IF(AK80=1,Z80,IF(AK80=2,AE80,""))="A","RÉPARÉ – À RADIOGRAPHIER",IF(IF(AK80=1,Z80,IF(AK80=2,AE80,""))="R","VT REJETÉ – À REPRENDRE",IF(OR(AL80="CO",AL80="NT"),"COUPE – À RESOUDER","À RÉPARER")))))))))) -> ACCEPTÉ | AN80: =IF(AND(ISNUMBER(R80),OR(AM80="À RADIOGRAPHIER",AM80="RÉPARÉ – À RADIOGRAPHIER",AM80="NX – RT À REFAIRE",AM80="À RÉPARER",AM80="COUPE – À RESOUDER",AM80="VT REJETÉ – À REPRENDRE")),MAX(0,'PROGRAMME RT'!$C$4-R80),"") | AO80: =IF(AND(OR(AM80="À RADIOGRAPHIER",AM80="RÉPARÉ – À RADIOGRAPHIER",AM80="NX – RT À REFAIRE"),OR('PROGRAMME RT'!$D$5="TOUTES",B80='PROGRAMME RT'!$D$5)),1,0) -> 0 | AP80: =IF(AO80=1,SUM(AO$7:AO80),"") | AQ80: =IF(AND(OR(X80="R",X80="NX",X80="NT",X80="CO"),OR('JOINTS DE RÉPARATION'!$D$5="TOUTES",B80='JOINTS DE RÉPARATION'!$D$5),OR('JOINTS DE RÉPARATION'!$L$4="TOUS",AM80<>"ACCEPTÉ")),1,0) -> 0 | AR80: =IF(AQ80=1,SUM(AQ$7:AQ80),"")
A81: =IF(E81="","",ROW()-6) -> 75 | B81: TFT 716 → TL7-MMFW2 | C81: 04 | D81: 0.00 | E81: JN°074 | F81: D | G81: 6" | H81: 11 | I81: API 5L_X60 | J81: TFT-PPL-05 | K81: Z71045 | L81: =IF(K81="","",IFERROR(INDEX(BARDAGE!$C$7:$C$1506,MATCH(K81,BARDAGE!$B$7:$B$1506,0)),"? hors registre")) -> 24703643 | M81: b00341 | N81: =IF(M81="","",IFERROR(INDEX(BARDAGE!$C$7:$C$1506,MATCH(M81,BARDAGE!$B$7:$B$1506,0)),"? hors registre")) -> 24102307 | O81: WR-05 | P81: WR-05 | Q81: WR-06 | R81: 45880 | S81: 45880 | T81: VT-005 | U81: A | V81: 45890 | W81: L-RT-05 | X81: A | AK81: =IF(E81="","",(X81<>"")+(AC81<>"")+(AH81<>"")) -> 1 | AL81: =IF(AH81<>"",AH81,IF(AC81<>"",AC81,IF(X81<>"",X81,""))) -> A | AM81: =IF(E81="","",IF(R81="","À SOUDER",IF(U81="","VT EN ATTENTE",IF(U81="R","VT REJETÉ – À REPRENDRE",IF(AL81="","À RADIOGRAPHIER",IF(AL81="A","ACCEPTÉ",IF(AL81="NX","NX – RT À REFAIRE",IF(IF(AK81=1,Z81,IF(AK81=2,AE81,""))="A","RÉPARÉ – À RADIOGRAPHIER",IF(IF(AK81=1,Z81,IF(AK81=2,AE81,""))="R","VT REJETÉ – À REPRENDRE",IF(OR(AL81="CO",AL81="NT"),"COUPE – À RESOUDER","À RÉPARER")))))))))) -> ACCEPTÉ | AN81: =IF(AND(ISNUMBER(R81),OR(AM81="À RADIOGRAPHIER",AM81="RÉPARÉ – À RADIOGRAPHIER",AM81="NX – RT À REFAIRE",AM81="À RÉPARER",AM81="COUPE – À RESOUDER",AM81="VT REJETÉ – À REPRENDRE")),MAX(0,'PROGRAMME RT'!$C$4-R81),"") | AO81: =IF(AND(OR(AM81="À RADIOGRAPHIER",AM81="RÉPARÉ – À RADIOGRAPHIER",AM81="NX – RT À REFAIRE"),OR('PROGRAMME RT'!$D$5="TOUTES",B81='PROGRAMME RT'!$D$5)),1,0) -> 0 | AP81: =IF(AO81=1,SUM(AO$7:AO81),"") | AQ81: =IF(AND(OR(X81="R",X81="NX",X81="NT",X81="CO"),OR('JOINTS DE RÉPARATION'!$D$5="TOUTES",B81='JOINTS DE RÉPARATION'!$D$5),OR('JOINTS DE RÉPARATION'!$L$4="TOUS",AM81<>"ACCEPTÉ")),1,0) -> 0 | AR81: =IF(AQ81=1,SUM(AQ$7:AQ81),"")
A82: =IF(E82="","",ROW()-6) -> 76 | B82: TFT 716 → TL7-MMFW2 | C82: 04 | D82: 0.00 | E82: JN°075 | F82: D | G82: 6" | H82: 11 | I82: API 5L_X60 | J82: TFT-PPL-05 | K82: b00341 | L82: =IF(K82="","",IFERROR(INDEX(BARDAGE!$C$7:$C$1506,MATCH(K82,BARDAGE!$B$7:$B$1506,0)),"? hors registre")) -> 24102307 | M82: Z72196 | N82: =IF(M82="","",IFERROR(INDEX(BARDAGE!$C$7:$C$1506,MATCH(M82,BARDAGE!$B$7:$B$1506,0)),"? hors registre")) -> 24703636 | O82: WR-05 | P82: WR-05 | Q82: WR-02 | R82: 45881 | S82: 45881 | T82: VT-006 | U82: A | V82: 45890 | W82: L-RT-05 | X82: A | AK82: =IF(E82="","",(X82<>"")+(AC82<>"")+(AH82<>"")) -> 1 | AL82: =IF(AH82<>"",AH82,IF(AC82<>"",AC82,IF(X82<>"",X82,""))) -> A | AM82: =IF(E82="","",IF(R82="","À SOUDER",IF(U82="","VT EN ATTENTE",IF(U82="R","VT REJETÉ – À REPRENDRE",IF(AL82="","À RADIOGRAPHIER",IF(AL82="A","ACCEPTÉ",IF(AL82="NX","NX – RT À REFAIRE",IF(IF(AK82=1,Z82,IF(AK82=2,AE82,""))="A","RÉPARÉ – À RADIOGRAPHIER",IF(IF(AK82=1,Z82,IF(AK82=2,AE82,""))="R","VT REJETÉ – À REPRENDRE",IF(OR(AL82="CO",AL82="NT"),"COUPE – À RESOUDER","À RÉPARER")))))))))) -> ACCEPTÉ | AN82: =IF(AND(ISNUMBER(R82),OR(AM82="À RADIOGRAPHIER",AM82="RÉPARÉ – À RADIOGRAPHIER",AM82="NX – RT À REFAIRE",AM82="À RÉPARER",AM82="COUPE – À RESOUDER",AM82="VT REJETÉ – À REPRENDRE")),MAX(0,'PROGRAMME RT'!$C$4-R82),"") | AO82: =IF(AND(OR(AM82="À RADIOGRAPHIER",AM82="RÉPARÉ – À RADIOGRAPHIER",AM82="NX – RT À REFAIRE"),OR('PROGRAMME RT'!$D$5="TOUTES",B82='PROGRAMME RT'!$D$5)),1,0) -> 0 | AP82: =IF(AO82=1,SUM(AO$7:AO82),"") | AQ82: =IF(AND(OR(X82="R",X82="NX",X82="NT",X82="CO"),OR('JOINTS DE RÉPARATION'!$D$5="TOUTES",B82='JOINTS DE RÉPARATION'!$D$5),OR('JOINTS DE RÉPARATION'!$L$4="TOUS",AM82<>"ACCEPTÉ")),1,0) -> 0 | AR82: =IF(AQ82=1,SUM(AQ$7:AQ82),"")
... A110: =IF(E110="","",ROW()-6) -> 104 | B110: TFT 716 → TL7-MMFW2 | C110: 04 | D110: 1.00 | E110: JN°103 | F110: D | G110: 6" | H110: 11 | I110: API 5L_X60 | J110: TFT-PPL-05 | K110: Z71040 | L110: =IF(K110="","",IFERROR(INDEX(BARDAGE!$C$7:$C$1506,MATCH(K110,BARDAGE!$B$7:$B$1506,0)),"? hors registre")) -> 85240400216 | M110: Z69904 | N110: =IF(M110="","",IFERROR(INDEX(BARDAGE!$C$7:$C$1506,MATCH(M110,BARDAGE!$B$7:$B$1506,0)),"? hors registre")) -> 24803579 | O110: WR-05 | P110: WR-05 | Q110: WR-10 | R110: 45883 | S110: 45883 | T110: VT-008 | U110: A | V110: 45892 | W110: L-RT-07 | X110: A | AK110: =IF(E110="","",(X110<>"")+(AC110<>"")+(AH110<>"")) -> 1 | AL110: =IF(AH110<>"",AH110,IF(AC110<>"",AC110,IF(X110<>"",X110,""))) -> A | AM110: =IF(E110="","",IF(R110="","À SOUDER",IF(U110="","VT EN ATTENTE",IF(U110="R","VT REJETÉ – À REPRENDRE",IF(AL110="","À RADIOGRAPHIER",IF(AL110="A","ACCEPTÉ",IF(AL110="NX","NX – RT À REFAIRE",IF(IF(AK110=1,Z110,IF(AK110=2,AE110,""))="A","RÉPARÉ – À RADIOGRAPHIER",IF(IF(AK110=1,Z110,IF(AK110=2,AE110,""))="R","VT REJETÉ – À REPRENDRE",IF(OR(AL110="CO",AL110="NT"),"COUPE – À RESOUDER","À RÉPARER")))))))))) -> ACCEPTÉ | AN110: =IF(AND(ISNUMBER(R110),OR(AM110="À RADIOGRAPHIER",AM110="RÉPARÉ – À RADIOGRAPHIER",AM110="NX – RT À REFAIRE",AM110="À RÉPARER",AM110="COUPE – À RESOUDER",AM110="VT REJETÉ – À REPRENDRE")),MAX(0,'PROGRAMME RT'!$C$4-R110),"") | AO110: =IF(AND(OR(AM110="À RADIOGRAPHIER",AM110="RÉPARÉ – À RADIOGRAPHIER",AM110="NX – RT À REFAIRE"),OR('PROGRAMME RT'!$D$5="TOUTES",B110='PROGRAMME RT'!$D$5)),1,0) -> 0 | AP110: =IF(AO110=1,SUM(AO$7:AO110),"") | AQ110: =IF(AND(OR(X110="R",X110="NX",X110="NT",X110="CO"),OR('JOINTS DE RÉPARATION'!$D$5="TOUTES",B110='JOINTS DE RÉPARATION'!$D$5),OR('JOINTS DE RÉPARATION'!$L$4="TOUS",AM110<>"ACCEPTÉ")),1,0) -> 0 | AR110: =IF(AQ110=1,SUM(AQ$7:AQ110),"")
A111: =IF(E111="","",ROW()-6) -> 105 | B111: TFT 716 → TL7-MMFW2 | C111: 04 | D111: 1.00 | E111: JN°104 NX | F111: D | G111: 6" | H111: 11 | I111: API 5L_X60 | J111: TFT-PPL-05 | K111: Z69904 | L111: =IF(K111="","",IFERROR(INDEX(BARDAGE!$C$7:$C$1506,MATCH(K111,BARDAGE!$B$7:$B$1506,0)),"? hors registre")) -> 24803579 | M111: Z71133 | N111: =IF(M111="","",IFERROR(INDEX(BARDAGE!$C$7:$C$1506,MATCH(M111,BARDAGE!$B$7:$B$1506,0)),"? hors registre")) -> 24803598 | O111: WR-05 | P111: WR-05 | Q111: WR-06 | R111: 45883 | S111: 45883 | T111: VT-008 | U111: A | V111: 45893 | W111: L-RT-07 | X111: NX | AA111: 45893 | AB111: L-RT-08 | AC111: A | AK111: =IF(E111="","",(X111<>"")+(AC111<>"")+(AH111<>"")) -> 2 | AL111: =IF(AH111<>"",AH111,IF(AC111<>"",AC111,IF(X111<>"",X111,""))) -> A | AM111: =IF(E111="","",IF(R111="","À SOUDER",IF(U111="","VT EN ATTENTE",IF(U111="R","VT REJETÉ – À REPRENDRE",IF(AL111="","À RADIOGRAPHIER",IF(AL111="A","ACCEPTÉ",IF(AL111="NX","NX – RT À REFAIRE",IF(IF(AK111=1,Z111,IF(AK111=2,AE111,""))="A","RÉPARÉ – À RADIOGRAPHIER",IF(IF(AK111=1,Z111,IF(AK111=2,AE111,""))="R","VT REJETÉ – À REPRENDRE",IF(OR(AL111="CO",AL111="NT"),"COUPE – À RESOUDER","À RÉPARER")))))))))) -> ACCEPTÉ | AN111: =IF(AND(ISNUMBER(R111),OR(AM111="À RADIOGRAPHIER",AM111="RÉPARÉ – À RADIOGRAPHIER",AM111="NX – RT À REFAIRE",AM111="À RÉPARER",AM111="COUPE – À RESOUDER",AM111="VT REJETÉ – À REPRENDRE")),MAX(0,'PROGRAMME RT'!$C$4-R111),"") | AO111: =IF(AND(OR(AM111="À RADIOGRAPHIER",AM111="RÉPARÉ – À RADIOGRAPHIER",AM111="NX – RT À REFAIRE"),OR('PROGRAMME RT'!$D$5="TOUTES",B111='PROGRAMME RT'!$D$5)),1,0) -> 0 | AP111: =IF(AO111=1,SUM(AO$7:AO111),"") | AQ111: =IF(AND(OR(X111="R",X111="NX",X111="NT",X111="CO"),OR('JOINTS DE RÉPARATION'!$D$5="TOUTES",B111='JOINTS DE RÉPARATION'!$D$5),OR('JOINTS DE RÉPARATION'!$L$4="TOUS",AM111<>"ACCEPTÉ")),1,0) -> 1 | AR111: =IF(AQ111=1,SUM(AQ$7:AQ111),"") -> 2
A112: =IF(E112="","",ROW()-6) -> 106 | B112: TFT 716 → TL7-MMFW2 | C112: 04 | D112: 1.00 | E112: JN°105 | F112: D | G112: 6" | H112: 11 | I112: API 5L_X60 | J112: TFT-PPL-05 | K112: Z71133 | L112: =IF(K112="","",IFERROR(INDEX(BARDAGE!$C$7:$C$1506,MATCH(K112,BARDAGE!$B$7:$B$1506,0)),"? hors registre")) -> 24803598 | M112: b01104 | N112: =IF(M112="","",IFERROR(INDEX(BARDAGE!$C$7:$C$1506,MATCH(M112,BARDAGE!$B$7:$B$1506,0)),"? hors registre")) -> 24212237 | O112: WR-05 | P112: WR-05 | Q112: WR-02 | R112: 45883 | S112: 45883 | T112: VT-008 | U112: A | V112: 45892 | W112: L-RT-07 | X112: A | AK112: =IF(E112="","",(X112<>"")+(AC112<>"")+(AH112<>"")) -> 1 | AL112: =IF(AH112<>"",AH112,IF(AC112<>"",AC112,IF(X112<>"",X112,""))) -> A | AM112: =IF(E112="","",IF(R112="","À SOUDER",IF(U112="","VT EN ATTENTE",IF(U112="R","VT REJETÉ – À REPRENDRE",IF(AL112="","À RADIOGRAPHIER",IF(AL112="A","ACCEPTÉ",IF(AL112="NX","NX – RT À REFAIRE",IF(IF(AK112=1,Z112,IF(AK112=2,AE112,""))="A","RÉPARÉ – À RADIOGRAPHIER",IF(IF(AK112=1,Z112,IF(AK112=2,AE112,""))="R","VT REJETÉ – À REPRENDRE",IF(OR(AL112="CO",AL112="NT"),"COUPE – À RESOUDER","À RÉPARER")))))))))) -> ACCEPTÉ | AN112: =IF(AND(ISNUMBER(R112),OR(AM112="À RADIOGRAPHIER",AM112="RÉPARÉ – À RADIOGRAPHIER",AM112="NX – RT À REFAIRE",AM112="À RÉPARER",AM112="COUPE – À RESOUDER",AM112="VT REJETÉ – À REPRENDRE")),MAX(0,'PROGRAMME RT'!$C$4-R112),"") | AO112: =IF(AND(OR(AM112="À RADIOGRAPHIER",AM112="RÉPARÉ – À RADIOGRAPHIER",AM112="NX – RT À REFAIRE"),OR('PROGRAMME RT'!$D$5="TOUTES",B112='PROGRAMME RT'!$D$5)),1,0) -> 0 | AP112: =IF(AO112=1,SUM(AO$7:AO112),"") | AQ112: =IF(AND(OR(X112="R",X112="NX",X112="NT",X112="CO"),OR('JOINTS DE RÉPARATION'!$D$5="TOUTES",B112='JOINTS DE RÉPARATION'!$D$5),OR('JOINTS DE RÉPARATION'!$L$4="TOUS",AM112<>"ACCEPTÉ")),1,0) -> 0 | AR112: =IF(AQ112=1,SUM(AQ$7:AQ112),"")
A113: =IF(E113="","",ROW()-6) -> 107 | B113: TFT 716 → TL7-MMFW2 | C113: 04 | D113: 1.00 | E113: JN°106 | F113: D | G113: 6" | H113: 11 | I113: API 5L_X60 | J113: TFT-PPL-05 | K113: b01104 | L113: =IF(K113="","",IFERROR(INDEX(BARDAGE!$C$7:$C$1506,MATCH(K113,BARDAGE!$B$7:$B$1506,0)),"? hors registre")) -> 24212237 | M113: Z73433 | N113: =IF(M113="","",IFERROR(INDEX(BARDAGE!$C$7:$C$1506,MATCH(M113,BARDAGE!$B$7:$B$1506,0)),"? hors registre")) -> 852405000576 | O113: WR-05 | P113: WR-05 | Q113: WR-02 | R113: 45883 | S113: 45883 | T113: VT-008 | U113: A | V113: 45892 | W113: L-RT-07 | X113: A | AK113: =IF(E113="","",(X113<>"")+(AC113<>"")+(AH113<>"")) -> 1 | AL113: =IF(AH113<>"",AH113,IF(AC113<>"",AC113,IF(X113<>"",X113,""))) -> A | AM113: =IF(E113="","",IF(R113="","À SOUDER",IF(U113="","VT EN ATTENTE",IF(U113="R","VT REJETÉ – À REPRENDRE",IF(AL113="","À RADIOGRAPHIER",IF(AL113="A","ACCEPTÉ",IF(AL113="NX","NX – RT À REFAIRE",IF(IF(AK113=1,Z113,IF(AK113=2,AE113,""))="A","RÉPARÉ – À RADIOGRAPHIER",IF(IF(AK113=1,Z113,IF(AK113=2,AE113,""))="R","VT REJETÉ – À REPRENDRE",IF(OR(AL113="CO",AL113="NT"),"COUPE – À RESOUDER","À RÉPARER")))))))))) -> ACCEPTÉ | AN113: =IF(AND(ISNUMBER(R113),OR(AM113="À RADIOGRAPHIER",AM113="RÉPARÉ – À RADIOGRAPHIER",AM113="NX – RT À REFAIRE",AM113="À RÉPARER",AM113="COUPE – À RESOUDER",AM113="VT REJETÉ – À REPRENDRE")),MAX(0,'PROGRAMME RT'!$C$4-R113),"") | AO113: =IF(AND(OR(AM113="À RADIOGRAPHIER",AM113="RÉPARÉ – À RADIOGRAPHIER",AM113="NX – RT À REFAIRE"),OR('PROGRAMME RT'!$D$5="TOUTES",B113='PROGRAMME RT'!$D$5)),1,0) -> 0 | AP113: =IF(AO113=1,SUM(AO$7:AO113),"") | AQ113: =IF(AND(OR(X113="R",X113="NX",X113="NT",X113="CO"),OR('JOINTS DE RÉPARATION'!$D$5="TOUTES",B113='JOINTS DE RÉPARATION'!$D$5),OR('JOINTS DE RÉPARATION'!$L$4="TOUS",AM113<>"ACCEPTÉ")),1,0) -> 0 | AR113: =IF(AQ113=1,SUM(AQ$7:AQ113),"")
A114: =IF(E114="","",ROW()-6) -> 108 | B114: TFT 716 → TL7-MMFW2 | C114: 04 | D114: 1.00 | E114: JN°107 | F114: D | G114: 6" | H114: 11 | I114: API 5L_X60 | J114: TFT-PPL-05 | K114: Z73433 | L114: =IF(K114="","",IFERROR(INDEX(BARDAGE!$C$7:$C$1506,MATCH(K114,BARDAGE!$B$7:$B$1506,0)),"? hors registre")) -> 852405000576 | M114: Z72399 | N114: =IF(M114="","",IFERROR(INDEX(BARDAGE!$C$7:$C$1506,MATCH(M114,BARDAGE!$B$7:$B$1506,0)),"? hors registre")) -> 24102489 | O114: WR-05 | P114: WR-05 | Q114: WR-06 | R114: 45883 | S114: 45883 | T114: VT-008 | U114: A | V114: 45892 | W114: L-RT-07 | X114: A | AK114: =IF(E114="","",(X114<>"")+(AC114<>"")+(AH114<>"")) -> 1 | AL114: =IF(AH114<>"",AH114,IF(AC114<>"",AC114,IF(X114<>"",X114,""))) -> A | AM114: =IF(E114="","",IF(R114="","À SOUDER",IF(U114="","VT EN ATTENTE",IF(U114="R","VT REJETÉ – À REPRENDRE",IF(AL114="","À RADIOGRAPHIER",IF(AL114="A","ACCEPTÉ",IF(AL114="NX","NX – RT À REFAIRE",IF(IF(AK114=1,Z114,IF(AK114=2,AE114,""))="A","RÉPARÉ – À RADIOGRAPHIER",IF(IF(AK114=1,Z114,IF(AK114=2,AE114,""))="R","VT REJETÉ – À REPRENDRE",IF(OR(AL114="CO",AL114="NT"),"COUPE – À RESOUDER","À RÉPARER")))))))))) -> ACCEPTÉ | AN114: =IF(AND(ISNUMBER(R114),OR(AM114="À RADIOGRAPHIER",AM114="RÉPARÉ – À RADIOGRAPHIER",AM114="NX – RT À REFAIRE",AM114="À RÉPARER",AM114="COUPE – À RESOUDER",AM114="VT REJETÉ – À REPRENDRE")),MAX(0,'PROGRAMME RT'!$C$4-R114),"") | AO114: =IF(AND(OR(AM114="À RADIOGRAPHIER",AM114="RÉPARÉ – À RADIOGRAPHIER",AM114="NX – RT À REFAIRE"),OR('PROGRAMME RT'!$D$5="TOUTES",B114='PROGRAMME RT'!$D$5)),1,0) -> 0 | AP114: =IF(AO114=1,SUM(AO$7:AO114),"") | AQ114: =IF(AND(OR(X114="R",X114="NX",X114="NT",X114="CO"),OR('JOINTS DE RÉPARATION'!$D$5="TOUTES",B114='JOINTS DE RÉPARATION'!$D$5),OR('JOINTS DE RÉPARATION'!$L$4="TOUS",AM114<>"ACCEPTÉ")),1,0) -> 0 | AR114: =IF(AQ114=1,SUM(AQ$7:AQ114),"")
A115: =IF(E115="","",ROW()-6) -> 109 | B115: TFT 716 → TL7-MMFW2 | C115: 04 | D115: 1.00 | E115: JN°108 | F115: D | G115: 6" | H115: 11 | I115: API 5L_X60 | J115: TFT-PPL-05 | K115: Z72399 | L115: =IF(K115="","",IFERROR(INDEX(BARDAGE!$C$7:$C$1506,MATCH(K115,BARDAGE!$B$7:$B$1506,0)),"? hors registre")) -> 24102489 | M115: Z73428 | N115: =IF(M115="","",IFERROR(INDEX(BARDAGE!$C$7:$C$1506,MATCH(M115,BARDAGE!$B$7:$B$1506,0)),"? hors registre")) -> 24102487 | O115: WR-05 | P115: WR-05 | Q115: WR-10 | R115: 45883 | S115: 45883 | T115: VT-008 | U115: A | V115: 45892 | W115: L-RT-07 | X115: A | AK115: =IF(E115="","",(X115<>"")+(AC115<>"")+(AH115<>"")) -> 1 | AL115: =IF(AH115<>"",AH115,IF(AC115<>"",AC115,IF(X115<>"",X115,""))) -> A | AM115: =IF(E115="","",IF(R115="","À SOUDER",IF(U115="","VT EN ATTENTE",IF(U115="R","VT REJETÉ – À REPRENDRE",IF(AL115="","À RADIOGRAPHIER",IF(AL115="A","ACCEPTÉ",IF(AL115="NX","NX – RT À REFAIRE",IF(IF(AK115=1,Z115,IF(AK115=2,AE115,""))="A","RÉPARÉ – À RADIOGRAPHIER",IF(IF(AK115=1,Z115,IF(AK115=2,AE115,""))="R","VT REJETÉ – À REPRENDRE",IF(OR(AL115="CO",AL115="NT"),"COUPE – À RESOUDER","À RÉPARER")))))))))) -> ACCEPTÉ | AN115: =IF(AND(ISNUMBER(R115),OR(AM115="À RADIOGRAPHIER",AM115="RÉPARÉ – À RADIOGRAPHIER",AM115="NX – RT À REFAIRE",AM115="À RÉPARER",AM115="COUPE – À RESOUDER",AM115="VT REJETÉ – À REPRENDRE")),MAX(0,'PROGRAMME RT'!$C$4-R115),"") | AO115: =IF(AND(OR(AM115="À RADIOGRAPHIER",AM115="RÉPARÉ – À RADIOGRAPHIER",AM115="NX – RT À REFAIRE"),OR('PROGRAMME RT'!$D$5="TOUTES",B115='PROGRAMME RT'!$D$5)),1,0) -> 0 | AP115: =IF(AO115=1,SUM(AO$7:AO115),"") | AQ115: =IF(AND(OR(X115="R",X115="NX",X115="NT",X115="CO"),OR('JOINTS DE RÉPARATION'!$D$5="TOUTES",B115='JOINTS DE RÉPARATION'!$D$5),OR('JOINTS DE RÉPARATION'!$L$4="TOUS",AM115<>"ACCEPTÉ")),1,0) -> 0 | AR115: =IF(AQ115=1,SUM(AQ$7:AQ115),"")
A116: =IF(E116="","",ROW()-6) -> 110 | B116: TFT 716 → TL7-MMFW2 | C116: 04 | D116: 1.00 | E116: JN°109 | F116: D | G116: 6" | H116: 11 | I116: API 5L_X60 | J116: TFT-PPL-05 | K116: Z73428 | L116: =IF(K116="","",IFERROR(INDEX(BARDAGE!$C$7:$C$1506,MATCH(K116,BARDAGE!$B$7:$B$1506,0)),"? hors registre")) -> 24102487 | M116: b01106 | N116: =IF(M116="","",IFERROR(INDEX(BARDAGE!$C$7:$C$1506,MATCH(M116,BARDAGE!$B$7:$B$1506,0)),"? hors registre")) -> 24212237 | O116: WR-05 | P116: WR-05 | Q116: WR-10 | R116: 45883 | S116: 45883 | T116: VT-008 | U116: A | V116: 45892 | W116: L-RT-07 | X116: A | AK116: =IF(E116="","",(X116<>"")+(AC116<>"")+(AH116<>"")) -> 1 | AL116: =IF(AH116<>"",AH116,IF(AC116<>"",AC116,IF(X116<>"",X116,""))) -> A | AM116: =IF(E116="","",IF(R116="","À SOUDER",IF(U116="","VT EN ATTENTE",IF(U116="R","VT REJETÉ – À REPRENDRE",IF(AL116="","À RADIOGRAPHIER",IF(AL116="A","ACCEPTÉ",IF(AL116="NX","NX – RT À REFAIRE",IF(IF(AK116=1,Z116,IF(AK116=2,AE116,""))="A","RÉPARÉ – À RADIOGRAPHIER",IF(IF(AK116=1,Z116,IF(AK116=2,AE116,""))="R","VT REJETÉ – À REPRENDRE",IF(OR(AL116="CO",AL116="NT"),"COUPE – À RESOUDER","À RÉPARER")))))))))) -> ACCEPTÉ | AN116: =IF(AND(ISNUMBER(R116),OR(AM116="À RADIOGRAPHIER",AM116="RÉPARÉ – À RADIOGRAPHIER",AM116="NX – RT À REFAIRE",AM116="À RÉPARER",AM116="COUPE – À RESOUDER",AM116="VT REJETÉ – À REPRENDRE")),MAX(0,'PROGRAMME RT'!$C$4-R116),"") | AO116: =IF(AND(OR(AM116="À RADIOGRAPHIER",AM116="RÉPARÉ – À RADIOGRAPHIER",AM116="NX – RT À REFAIRE"),OR('PROGRAMME RT'!$D$5="TOUTES",B116='PROGRAMME RT'!$D$5)),1,0) -> 0 | AP116: =IF(AO116=1,SUM(AO$7:AO116),"") | AQ116: =IF(AND(OR(X116="R",X116="NX",X116="NT",X116="CO"),OR('JOINTS DE RÉPARATION'!$D$5="TOUTES",B116='JOINTS DE RÉPARATION'!$D$5),OR('JOINTS DE RÉPARATION'!$L$4="TOUS",AM116<>"ACCEPTÉ")),1,0) -> 0 | AR116: =IF(AQ116=1,SUM(AQ$7:AQ116),"")
A117: =IF(E117="","",ROW()-6) -> 111 | B117: TFT 716 → TL7-MMFW2 | C117: 04 | D117: 1.00 | E117: JN°110 | F117: D | G117: 6" | H117: 11 | I117: API 5L_X60 | J117: TFT-PPL-05 | K117: b01106 | L117: =IF(K117="","",IFERROR(INDEX(BARDAGE!$C$7:$C$1506,MATCH(K117,BARDAGE!$B$7:$B$1506,0)),"? hors registre")) -> 24212237 | M117: Z72398 | N117: =IF(M117="","",IFERROR(INDEX(BARDAGE!$C$7:$C$1506,MATCH(M117,BARDAGE!$B$7:$B$1506,0)),"? hors registre")) -> 24102489 | O117: WR-05 | P117: WR-05 | Q117: WR-06 | R117: 45883 | S117: 45883 | T117: VT-008 | U117: A | V117: 45892 | W117: L-RT-07 | X117: A | AK117: =IF(E117="","",(X117<>"")+(AC117<>"")+(AH117<>"")) -> 1 | AL117: =IF(AH117<>"",AH117,IF(AC117<>"",AC117,IF(X117<>"",X117,""))) -> A | AM117: =IF(E117="","",IF(R117="","À SOUDER",IF(U117="","VT EN ATTENTE",IF(U117="R","VT REJETÉ – À REPRENDRE",IF(AL117="","À RADIOGRAPHIER",IF(AL117="A","ACCEPTÉ",IF(AL117="NX","NX – RT À REFAIRE",IF(IF(AK117=1,Z117,IF(AK117=2,AE117,""))="A","RÉPARÉ – À RADIOGRAPHIER",IF(IF(AK117=1,Z117,IF(AK117=2,AE117,""))="R","VT REJETÉ – À REPRENDRE",IF(OR(AL117="CO",AL117="NT"),"COUPE – À RESOUDER","À RÉPARER")))))))))) -> ACCEPTÉ | AN117: =IF(AND(ISNUMBER(R117),OR(AM117="À RADIOGRAPHIER",AM117="RÉPARÉ – À RADIOGRAPHIER",AM117="NX – RT À REFAIRE",AM117="À RÉPARER",AM117="COUPE – À RESOUDER",AM117="VT REJETÉ – À REPRENDRE")),MAX(0,'PROGRAMME RT'!$C$4-R117),"") | AO117: =IF(AND(OR(AM117="À RADIOGRAPHIER",AM117="RÉPARÉ – À RADIOGRAPHIER",AM117="NX – RT À REFAIRE"),OR('PROGRAMME RT'!$D$5="TOUTES",B117='PROGRAMME RT'!$D$5)),1,0) -> 0 | AP117: =IF(AO117=1,SUM(AO$7:AO117),"") | AQ117: =IF(AND(OR(X117="R",X117="NX",X117="NT",X117="CO"),OR('JOINTS DE RÉPARATION'!$D$5="TOUTES",B117='JOINTS DE RÉPARATION'!$D$5),OR('JOINTS DE RÉPARATION'!$L$4="TOUS",AM117<>"ACCEPTÉ")),1,0) -> 0 | AR117: =IF(AQ117=1,SUM(AQ$7:AQ117),"")
A118: =IF(E118="","",ROW()-6) -> 112 | B118: TFT 716 → TL7-MMFW2 | C118: 04 | D118: 1.00 | E118: JN°111 | F118: D | G118: 6" | H118: 11 | I118: API 5L_X60 | J118: TFT-PPL-05 | K118: Z72398 | L118: =IF(K118="","",IFERROR(INDEX(BARDAGE!$C$7:$C$1506,MATCH(K118,BARDAGE!$B$7:$B$1506,0)),"? hors registre")) -> 24102489 | M118: Z72396 | N118: =IF(M118="","",IFERROR(INDEX(BARDAGE!$C$7:$C$1506,MATCH(M118,BARDAGE!$B$7:$B$1506,0)),"? hors registre")) -> 24102489 | O118: WR-05 | P118: WR-05 | Q118: WR-02 | R118: 45884 | S118: 45884 | T118: VT-009 | U118: A | V118: 45892 | W118: L-RT-07 | X118: A | AK118: =IF(E118="","",(X118<>"")+(AC118<>"")+(AH118<>"")) -> 1 | AL118: =IF(AH118<>"",AH118,IF(AC118<>"",AC118,IF(X118<>"",X118,""))) -> A | AM118: =IF(E118="","",IF(R118="","À SOUDER",IF(U118="","VT EN ATTENTE",IF(U118="R","VT REJETÉ – À REPRENDRE",IF(AL118="","À RADIOGRAPHIER",IF(AL118="A","ACCEPTÉ",IF(AL118="NX","NX – RT À REFAIRE",IF(IF(AK118=1,Z118,IF(AK118=2,AE118,""))="A","RÉPARÉ – À RADIOGRAPHIER",IF(IF(AK118=1,Z118,IF(AK118=2,AE118,""))="R","VT REJETÉ – À REPRENDRE",IF(OR(AL118="CO",AL118="NT"),"COUPE – À RESOUDER","À RÉPARER")))))))))) -> ACCEPTÉ | AN118: =IF(AND(ISNUMBER(R118),OR(AM118="À RADIOGRAPHIER",AM118="RÉPARÉ – À RADIOGRAPHIER",AM118="NX – RT À REFAIRE",AM118="À RÉPARER",AM118="COUPE – À RESOUDER",AM118="VT REJETÉ – À REPRENDRE")),MAX(0,'PROGRAMME RT'!$C$4-R118),"") | AO118: =IF(AND(OR(AM118="À RADIOGRAPHIER",AM118="RÉPARÉ – À RADIOGRAPHIER",AM118="NX – RT À REFAIRE"),OR('PROGRAMME RT'!$D$5="TOUTES",B118='PROGRAMME RT'!$D$5)),1,0) -> 0 | AP118: =IF(AO118=1,SUM(AO$7:AO118),"") | AQ118: =IF(AND(OR(X118="R",X118="NX",X118="NT",X118="CO"),OR('JOINTS DE RÉPARATION'!$D$5="TOUTES",B118='JOINTS DE RÉPARATION'!$D$5),OR('JOINTS DE RÉPARATION'!$L$4="TOUS",AM118<>"ACCEPTÉ")),1,0) -> 0 | AR118: =IF(AQ118=1,SUM(AQ$7:AQ118),"")
A119: =IF(E119="","",ROW()-6) -> 113 | B119: TFT 716 → TL7-MMFW2 | C119: 04 | D119: 1.00 | E119: JN°112 | F119: D | G119: 6" | H119: 11 | I119: API 5L_X60 | J119: TFT-PPL-05 | K119: Z72396 | L119: =IF(K119="","",IFERROR(INDEX(BARDAGE!$C$7:$C$1506,MATCH(K119,BARDAGE!$B$7:$B$1506,0)),"? hors registre")) -> 24102489 | M119: Z72237 | N119: =IF(M119="","",IFERROR(INDEX(BARDAGE!$C$7:$C$1506,MATCH(M119,BARDAGE!$B$7:$B$1506,0)),"? hors registre")) -> 852404002574 | O119: WR-05 | P119: WR-05 | Q119: WR-06 | R119: 45884 | S119: 45884 | T119: VT-009 | U119: A | V119: 45892 | W119: L-RT-07 | X119: A | AK119: =IF(E119="","",(X119<>"")+(AC119<>"")+(AH119<>"")) -> 1 | AL119: =IF(AH119<>"",AH119,IF(AC119<>"",AC119,IF(X119<>"",X119,""))) -> A | AM119: =IF(E119="","",IF(R119="","À SOUDER",IF(U119="","VT EN ATTENTE",IF(U119="R","VT REJETÉ – À REPRENDRE",IF(AL119="","À RADIOGRAPHIER",IF(AL119="A","ACCEPTÉ",IF(AL119="NX","NX – RT À REFAIRE",IF(IF(AK119=1,Z119,IF(AK119=2,AE119,""))="A","RÉPARÉ – À RADIOGRAPHIER",IF(IF(AK119=1,Z119,IF(AK119=2,AE119,""))="R","VT REJETÉ – À REPRENDRE",IF(OR(AL119="CO",AL119="NT"),"COUPE – À RESOUDER","À RÉPARER")))))))))) -> ACCEPTÉ | AN119: =IF(AND(ISNUMBER(R119),OR(AM119="À RADIOGRAPHIER",AM119="RÉPARÉ – À RADIOGRAPHIER",AM119="NX – RT À REFAIRE",AM119="À RÉPARER",AM119="COUPE – À RESOUDER",AM119="VT REJETÉ – À REPRENDRE")),MAX(0,'PROGRAMME RT'!$C$4-R119),"") | AO119: =IF(AND(OR(AM119="À RADIOGRAPHIER",AM119="RÉPARÉ – À RADIOGRAPHIER",AM119="NX – RT À REFAIRE"),OR('PROGRAMME RT'!$D$5="TOUTES",B119='PROGRAMME RT'!$D$5)),1,0) -> 0 | AP119: =IF(AO119=1,SUM(AO$7:AO119),"") | AQ119: =IF(AND(OR(X119="R",X119="NX",X119="NT",X119="CO"),OR('JOINTS DE RÉPARATION'!$D$5="TOUTES",B119='JOINTS DE RÉPARATION'!$D$5),OR('JOINTS DE RÉPARATION'!$L$4="TOUS",AM119<>"ACCEPTÉ")),1,0) -> 0 | AR119: =IF(AQ119=1,SUM(AQ$7:AQ119),"")
A120: =IF(E120="","",ROW()-6) -> 114 | B120: TFT 716 → TL7-MMFW2 | C120: 04 | D120: 1.00 | E120: JN°113 | F120: D | G120: 6" | H120: 11 | I120: API 5L_X60 | J120: TFT-PPL-05 | K120: Z72237 | L120: =IF(K120="","",IFERROR(INDEX(BARDAGE!$C$7:$C$1506,MATCH(K120,BARDAGE!$B$7:$B$1506,0)),"? hors registre")) -> 852404002574 | M120: b01103 | N120: =IF(M120="","",IFERROR(INDEX(BARDAGE!$C$7:$C$1506,MATCH(M120,BARDAGE!$B$7:$B$1506,0)),"? hors registre")) -> 24212237 | O120: WR-05 | P120: WR-05 | Q120: WR-10 | R120: 45884 | S120: 45884 | T120: VT-009 | U120: A | V120: 45892 | W120: L-RT-07 | X120: A | AK120: =IF(E120="","",(X120<>"")+(AC120<>"")+(AH120<>"")) -> 1 | AL120: =IF(AH120<>"",AH120,IF(AC120<>"",AC120,IF(X120<>"",X120,""))) -> A | AM120: =IF(E120="","",IF(R120="","À SOUDER",IF(U120="","VT EN ATTENTE",IF(U120="R","VT REJETÉ – À REPRENDRE",IF(AL120="","À RADIOGRAPHIER",IF(AL120="A","ACCEPTÉ",IF(AL120="NX","NX – RT À REFAIRE",IF(IF(AK120=1,Z120,IF(AK120=2,AE120,""))="A","RÉPARÉ – À RADIOGRAPHIER",IF(IF(AK120=1,Z120,IF(AK120=2,AE120,""))="R","VT REJETÉ – À REPRENDRE",IF(OR(AL120="CO",AL120="NT"),"COUPE – À RESOUDER","À RÉPARER")))))))))) -> ACCEPTÉ | AN120: =IF(AND(ISNUMBER(R120),OR(AM120="À RADIOGRAPHIER",AM120="RÉPARÉ – À RADIOGRAPHIER",AM120="NX – RT À REFAIRE",AM120="À RÉPARER",AM120="COUPE – À RESOUDER",AM120="VT REJETÉ – À REPRENDRE")),MAX(0,'PROGRAMME RT'!$C$4-R120),"") | AO120: =IF(AND(OR(AM120="À RADIOGRAPHIER",AM120="RÉPARÉ – À RADIOGRAPHIER",AM120="NX – RT À REFAIRE"),OR('PROGRAMME RT'!$D$5="TOUTES",B120='PROGRAMME RT'!$D$5)),1,0) -> 0 | AP120: =IF(AO120=1,SUM(AO$7:AO120),"") | AQ120: =IF(AND(OR(X120="R",X120="NX",X120="NT",X120="CO"),OR('JOINTS DE RÉPARATION'!$D$5="TOUTES",B120='JOINTS DE RÉPARATION'!$D$5),OR('JOINTS DE RÉPARATION'!$L$4="TOUS",AM120<>"ACCEPTÉ")),1,0) -> 0 | AR120: =IF(AQ120=1,SUM(AQ$7:AQ120),"")
A121: =IF(E121="","",ROW()-6) -> 115 | B121: TFT 716 → TL7-MMFW2 | C121: 04 | D121: 1.00 | E121: JN°114 | F121: D | G121: 6" | H121: 11 | I121: API 5L_X60 | J121: TFT-PPL-05 | K121: b01103 | L121: =IF(K121="","",IFERROR(INDEX(BARDAGE!$C$7:$C$1506,MATCH(K121,BARDAGE!$B$7:$B$1506,0)),"? hors registre")) -> 24212237 | M121: Z72808 | N121: =IF(M121="","",IFERROR(INDEX(BARDAGE!$C$7:$C$1506,MATCH(M121,BARDAGE!$B$7:$B$1506,0)),"? hors registre")) -> 852405000449 | O121: WR-05 | P121: WR-05 | Q121: WR-10 | R121: 45884 | S121: 45884 | T121: VT-009 | U121: A | V121: 45894 | W121: L-RT-09 | X121: A | AK121: =IF(E121="","",(X121<>"")+(AC121<>"")+(AH121<>"")) -> 1 | AL121: =IF(AH121<>"",AH121,IF(AC121<>"",AC121,IF(X121<>"",X121,""))) -> A | AM121: =IF(E121="","",IF(R121="","À SOUDER",IF(U121="","VT EN ATTENTE",IF(U121="R","VT REJETÉ – À REPRENDRE",IF(AL121="","À RADIOGRAPHIER",IF(AL121="A","ACCEPTÉ",IF(AL121="NX","NX – RT À REFAIRE",IF(IF(AK121=1,Z121,IF(AK121=2,AE121,""))="A","RÉPARÉ – À RADIOGRAPHIER",IF(IF(AK121=1,Z121,IF(AK121=2,AE121,""))="R","VT REJETÉ – À REPRENDRE",IF(OR(AL121="CO",AL121="NT"),"COUPE – À RESOUDER","À RÉPARER")))))))))) -> ACCEPTÉ | AN121: =IF(AND(ISNUMBER(R121),OR(AM121="À RADIOGRAPHIER",AM121="RÉPARÉ – À RADIOGRAPHIER",AM121="NX – RT À REFAIRE",AM121="À RÉPARER",AM121="COUPE – À RESOUDER",AM121="VT REJETÉ – À REPRENDRE")),MAX(0,'PROGRAMME RT'!$C$4-R121),"") | AO121: =IF(AND(OR(AM121="À RADIOGRAPHIER",AM121="RÉPARÉ – À RADIOGRAPHIER",AM121="NX – RT À REFAIRE"),OR('PROGRAMME RT'!$D$5="TOUTES",B121='PROGRAMME RT'!$D$5)),1,0) -> 0 | AP121: =IF(AO121=1,SUM(AO$7:AO121),"") | AQ121: =IF(AND(OR(X121="R",X121="NX",X121="NT",X121="CO"),OR('JOINTS DE RÉPARATION'!$D$5="TOUTES",B121='JOINTS DE RÉPARATION'!$D$5),OR('JOINTS DE RÉPARATION'!$L$4="TOUS",AM121<>"ACCEPTÉ")),1,0) -> 0 | AR121: =IF(AQ121=1,SUM(AQ$7:AQ121),"")
A122: =IF(E122="","",ROW()-6) -> 116 | B122: TFT 716 → TL7-MMFW2 | C122: 04 | D122: 1.00 | E122: JN°115 | F122: D | G122: 6" | H122: 11 | I122: API 5L_X60 | J122: TFT-PPL-05 | K122: Z72808 | L122: =IF(K122="","",IFERROR(INDEX(BARDAGE!$C$7:$C$1506,MATCH(K122,BARDAGE!$B$7:$B$1506,0)),"? hors registre")) -> 852405000449 | M122: b01057 | N122: =IF(M122="","",IFERROR(INDEX(BARDAGE!$C$7:$C$1506,MATCH(M122,BARDAGE!$B$7:$B$1506,0)),"? hors registre")) -> 21212327 | O122: WR-05 | P122: WR-05 | Q122: WR-02 | R122: 45884 | S122: 45884 | T122: VT-009 | U122: A | V122: 45894 | W122: L-RT-09 | X122: A | AK122: =IF(E122="","",(X122<>"")+(AC122<>"")+(AH122<>"")) -> 1 | AL122: =IF(AH122<>"",AH122,IF(AC122<>"",AC122,IF(X122<>"",X122,""))) -> A | AM122: =IF(E122="","",IF(R122="","À SOUDER",IF(U122="","VT EN ATTENTE",IF(U122="R","VT REJETÉ – À REPRENDRE",IF(AL122="","À RADIOGRAPHIER",IF(AL122="A","ACCEPTÉ",IF(AL122="NX","NX – RT À REFAIRE",IF(IF(AK122=1,Z122,IF(AK122=2,AE122,""))="A","RÉPARÉ – À RADIOGRAPHIER",IF(IF(AK122=1,Z122,IF(AK122=2,AE122,""))="R","VT REJETÉ – À REPRENDRE",IF(OR(AL122="CO",AL122="NT"),"COUPE – À RESOUDER","À RÉPARER")))))))))) -> ACCEPTÉ | AN122: =IF(AND(ISNUMBER(R122),OR(AM122="À RADIOGRAPHIER",AM122="RÉPARÉ – À RADIOGRAPHIER",AM122="NX – RT À REFAIRE",AM122="À RÉPARER",AM122="COUPE – À RESOUDER",AM122="VT REJETÉ – À REPRENDRE")),MAX(0,'PROGRAMME RT'!$C$4-R122),"") | AO122: =IF(AND(OR(AM122="À RADIOGRAPHIER",AM122="RÉPARÉ – À RADIOGRAPHIER",AM122="NX – RT À REFAIRE"),OR('PROGRAMME RT'!$D$5="TOUTES",B122='PROGRAMME RT'!$D$5)),1,0) -> 0 | AP122: =IF(AO122=1,SUM(AO$7:AO122),"") | AQ122: =IF(AND(OR(X122="R",X122="NX",X122="NT",X122="CO"),OR('JOINTS DE RÉPARATION'!$D$5="TOUTES",B122='JOINTS DE RÉPARATION'!$D$5),OR('JOINTS DE RÉPARATION'!$L$4="TOUS",AM122<>"ACCEPTÉ")),1,0) -> 0 | AR122: =IF(AQ122=1,SUM(AQ$7:AQ122),"")
A123: =IF(E123="","",ROW()-6) -> 117 | B123: TFT 716 → TL7-MMFW2 | C123: 04 | D123: 1.00 | E123: JN°116 | F123: D | G123: 6" | H123: 11 | I123: API 5L_X60 | J123: TFT-PPL-05 | K123: b01057 | L123: =IF(K123="","",IFERROR(INDEX(BARDAGE!$C$7:$C$1506,MATCH(K123,BARDAGE!$B$7:$B$1506,0)),"? hors registre")) -> 21212327 | M123: Z69201 | N123: =IF(M123="","",IFERROR(INDEX(BARDAGE!$C$7:$C$1506,MATCH(M123,BARDAGE!$B$7:$B$1506,0)),"? hors registre")) -> 24803578 | O123: WR-05 | P123: WR-05 | Q123: WR-06 | R123: 45884 | S123: 45884 | T123: VT-009 | U123: A | V123: 45894 | W123: L-RT-09 | X123: A | AK123: =IF(E123="","",(X123<>"")+(AC123<>"")+(AH123<>"")) -> 1 | AL123: =IF(AH123<>"",AH123,IF(AC123<>"",AC123,IF(X123<>"",X123,""))) -> A | AM123: =IF(E123="","",IF(R123="","À SOUDER",IF(U123="","VT EN ATTENTE",IF(U123="R","VT REJETÉ – À REPRENDRE",IF(AL123="","À RADIOGRAPHIER",IF(AL123="A","ACCEPTÉ",IF(AL123="NX","NX – RT À REFAIRE",IF(IF(AK123=1,Z123,IF(AK123=2,AE123,""))="A","RÉPARÉ – À RADIOGRAPHIER",IF(IF(AK123=1,Z123,IF(AK123=2,AE123,""))="R","VT REJETÉ – À REPRENDRE",IF(OR(AL123="CO",AL123="NT"),"COUPE – À RESOUDER","À RÉPARER")))))))))) -> ACCEPTÉ | AN123: =IF(AND(ISNUMBER(R123),OR(AM123="À RADIOGRAPHIER",AM123="RÉPARÉ – À RADIOGRAPHIER",AM123="NX – RT À REFAIRE",AM123="À RÉPARER",AM123="COUPE – À RESOUDER",AM123="VT REJETÉ – À REPRENDRE")),MAX(0,'PROGRAMME RT'!$C$4-R123),"") | AO123: =IF(AND(OR(AM123="À RADIOGRAPHIER",AM123="RÉPARÉ – À RADIOGRAPHIER",AM123="NX – RT À REFAIRE"),OR('PROGRAMME RT'!$D$5="TOUTES",B123='PROGRAMME RT'!$D$5)),1,0) -> 0 | AP123: =IF(AO123=1,SUM(AO$7:AO123),"") | AQ123: =IF(AND(OR(X123="R",X123="NX",X123="NT",X123="CO"),OR('JOINTS DE RÉPARATION'!$D$5="TOUTES",B123='JOINTS DE RÉPARATION'!$D$5),OR('JOINTS DE RÉPARATION'!$L$4="TOUS",AM123<>"ACCEPTÉ")),1,0) -> 0 | AR123: =IF(AQ123=1,SUM(AQ$7:AQ123),"")
... A128: =IF(E128="","",ROW()-6) -> 122 | B128: TFT 716 → TL7-MMFW2 | C128: 04 | D128: 1.00 | E128: JN°121 | F128: D | G128: 6" | H128: 11 | I128: API 5L_X60 | J128: TFT-PPL-05 | K128: Z71600 | L128: =IF(K128="","",IFERROR(INDEX(BARDAGE!$C$7:$C$1506,MATCH(K128,BARDAGE!$B$7:$B$1506,0)),"? hors registre")) -> 24803590 | M128: Z70236 | N128: =IF(M128="","",IFERROR(INDEX(BARDAGE!$C$7:$C$1506,MATCH(M128,BARDAGE!$B$7:$B$1506,0)),"? hors registre")) -> 24803579 | O128: WR-05 | P128: WR-05 | Q128: WR-02 | R128: 45885 | S128: 45885 | T128: VT-010 | U128: A | V128: 45894 | W128: L-RT-09 | X128: A | AK128: =IF(E128="","",(X128<>"")+(AC128<>"")+(AH128<>"")) -> 1 | AL128: =IF(AH128<>"",AH128,IF(AC128<>"",AC128,IF(X128<>"",X128,""))) -> A | AM128: =IF(E128="","",IF(R128="","À SOUDER",IF(U128="","VT EN ATTENTE",IF(U128="R","VT REJETÉ – À REPRENDRE",IF(AL128="","À RADIOGRAPHIER",IF(AL128="A","ACCEPTÉ",IF(AL128="NX","NX – RT À REFAIRE",IF(IF(AK128=1,Z128,IF(AK128=2,AE128,""))="A","RÉPARÉ – À RADIOGRAPHIER",IF(IF(AK128=1,Z128,IF(AK128=2,AE128,""))="R","VT REJETÉ – À REPRENDRE",IF(OR(AL128="CO",AL128="NT"),"COUPE – À RESOUDER","À RÉPARER")))))))))) -> ACCEPTÉ | AN128: =IF(AND(ISNUMBER(R128),OR(AM128="À RADIOGRAPHIER",AM128="RÉPARÉ – À RADIOGRAPHIER",AM128="NX – RT À REFAIRE",AM128="À RÉPARER",AM128="COUPE – À RESOUDER",AM128="VT REJETÉ – À REPRENDRE")),MAX(0,'PROGRAMME RT'!$C$4-R128),"") | AO128: =IF(AND(OR(AM128="À RADIOGRAPHIER",AM128="RÉPARÉ – À RADIOGRAPHIER",AM128="NX – RT À REFAIRE"),OR('PROGRAMME RT'!$D$5="TOUTES",B128='PROGRAMME RT'!$D$5)),1,0) -> 0 | AP128: =IF(AO128=1,SUM(AO$7:AO128),"") | AQ128: =IF(AND(OR(X128="R",X128="NX",X128="NT",X128="CO"),OR('JOINTS DE RÉPARATION'!$D$5="TOUTES",B128='JOINTS DE RÉPARATION'!$D$5),OR('JOINTS DE RÉPARATION'!$L$4="TOUS",AM128<>"ACCEPTÉ")),1,0) -> 0 | AR128: =IF(AQ128=1,SUM(AQ$7:AQ128),"")
A129: =IF(E129="","",ROW()-6) -> 123 | B129: TFT 716 → TL7-MMFW2 | C129: 04 | D129: 1.00 | E129: JN°122R | F129: D | G129: 6" | H129: 11 | I129: API 5L_X60 | J129: TFT-PPL-05 | K129: Z70236 | L129: =IF(K129="","",IFERROR(INDEX(BARDAGE!$C$7:$C$1506,MATCH(K129,BARDAGE!$B$7:$B$1506,0)),"? hors registre")) -> 24803579 | M129: b00511 | N129: =IF(M129="","",IFERROR(INDEX(BARDAGE!$C$7:$C$1506,MATCH(M129,BARDAGE!$B$7:$B$1506,0)),"? hors registre")) -> 24212332 | O129: WR-05 | P129: WR-05 | Q129: WR-06 | R129: 45885 | S129: 45885 | T129: VT-010 | U129: A | V129: 45894 | W129: L-RT-09 | X129: R | Y129: WR-09 | Z129: A | AA129: 45898 | AB129: L-RT-14 | AC129: A | AK129: =IF(E129="","",(X129<>"")+(AC129<>"")+(AH129<>"")) -> 2 | AL129: =IF(AH129<>"",AH129,IF(AC129<>"",AC129,IF(X129<>"",X129,""))) -> A | AM129: =IF(E129="","",IF(R129="","À SOUDER",IF(U129="","VT EN ATTENTE",IF(U129="R","VT REJETÉ – À REPRENDRE",IF(AL129="","À RADIOGRAPHIER",IF(AL129="A","ACCEPTÉ",IF(AL129="NX","NX – RT À REFAIRE",IF(IF(AK129=1,Z129,IF(AK129=2,AE129,""))="A","RÉPARÉ – À RADIOGRAPHIER",IF(IF(AK129=1,Z129,IF(AK129=2,AE129,""))="R","VT REJETÉ – À REPRENDRE",IF(OR(AL129="CO",AL129="NT"),"COUPE – À RESOUDER","À RÉPARER")))))))))) -> ACCEPTÉ | AN129: =IF(AND(ISNUMBER(R129),OR(AM129="À RADIOGRAPHIER",AM129="RÉPARÉ – À RADIOGRAPHIER",AM129="NX – RT À REFAIRE",AM129="À RÉPARER",AM129="COUPE – À RESOUDER",AM129="VT REJETÉ – À REPRENDRE")),MAX(0,'PROGRAMME RT'!$C$4-R129),"") | AO129: =IF(AND(OR(AM129="À RADIOGRAPHIER",AM129="RÉPARÉ – À RADIOGRAPHIER",AM129="NX – RT À REFAIRE"),OR('PROGRAMME RT'!$D$5="TOUTES",B129='PROGRAMME RT'!$D$5)),1,0) -> 0 | AP129: =IF(AO129=1,SUM(AO$7:AO129),"") | AQ129: =IF(AND(OR(X129="R",X129="NX",X129="NT",X129="CO"),OR('JOINTS DE RÉPARATION'!$D$5="TOUTES",B129='JOINTS DE RÉPARATION'!$D$5),OR('JOINTS DE RÉPARATION'!$L$4="TOUS",AM129<>"ACCEPTÉ")),1,0) -> 1 | AR129: =IF(AQ129=1,SUM(AQ$7:AQ129),"") -> 3
A130: =IF(E130="","",ROW()-6) -> 124 | B130: TFT 716 → TL7-MMFW2 | C130: 04 | D130: 1.00 | E130: JN°123 | F130: D | G130: 6" | H130: 11 | I130: API 5L_X60 | J130: TFT-PPL-05 | K130: b00511 | L130: =IF(K130="","",IFERROR(INDEX(BARDAGE!$C$7:$C$1506,MATCH(K130,BARDAGE!$B$7:$B$1506,0)),"? hors registre")) -> 24212332 | M130: b01055 | N130: =IF(M130="","",IFERROR(INDEX(BARDAGE!$C$7:$C$1506,MATCH(M130,BARDAGE!$B$7:$B$1506,0)),"? hors registre")) -> 21212327 | O130: WR-05 | P130: WR-05 | Q130: WR-10 | R130: 45885 | S130: 45885 | T130: VT-010 | U130: A | V130: 45895 | W130: L-RT-10 | X130: A | AK130: =IF(E130="","",(X130<>"")+(AC130<>"")+(AH130<>"")) -> 1 | AL130: =IF(AH130<>"",AH130,IF(AC130<>"",AC130,IF(X130<>"",X130,""))) -> A | AM130: =IF(E130="","",IF(R130="","À SOUDER",IF(U130="","VT EN ATTENTE",IF(U130="R","VT REJETÉ – À REPRENDRE",IF(AL130="","À RADIOGRAPHIER",IF(AL130="A","ACCEPTÉ",IF(AL130="NX","NX – RT À REFAIRE",IF(IF(AK130=1,Z130,IF(AK130=2,AE130,""))="A","RÉPARÉ – À RADIOGRAPHIER",IF(IF(AK130=1,Z130,IF(AK130=2,AE130,""))="R","VT REJETÉ – À REPRENDRE",IF(OR(AL130="CO",AL130="NT"),"COUPE – À RESOUDER","À RÉPARER")))))))))) -> ACCEPTÉ | AN130: =IF(AND(ISNUMBER(R130),OR(AM130="À RADIOGRAPHIER",AM130="RÉPARÉ – À RADIOGRAPHIER",AM130="NX – RT À REFAIRE",AM130="À RÉPARER",AM130="COUPE – À RESOUDER",AM130="VT REJETÉ – À REPRENDRE")),MAX(0,'PROGRAMME RT'!$C$4-R130),"") | AO130: =IF(AND(OR(AM130="À RADIOGRAPHIER",AM130="RÉPARÉ – À RADIOGRAPHIER",AM130="NX – RT À REFAIRE"),OR('PROGRAMME RT'!$D$5="TOUTES",B130='PROGRAMME RT'!$D$5)),1,0) -> 0 | AP130: =IF(AO130=1,SUM(AO$7:AO130),"") | AQ130: =IF(AND(OR(X130="R",X130="NX",X130="NT",X130="CO"),OR('JOINTS DE RÉPARATION'!$D$5="TOUTES",B130='JOINTS DE RÉPARATION'!$D$5),OR('JOINTS DE RÉPARATION'!$L$4="TOUS",AM130<>"ACCEPTÉ")),1,0) -> 0 | AR130: =IF(AQ130=1,SUM(AQ$7:AQ130),"")
A131: =IF(E131="","",ROW()-6) -> 125 | B131: TFT 716 → TL7-MMFW2 | C131: 04 | D131: 1.00 | E131: JN°124 | F131: D | G131: 6" | H131: 11 | I131: API 5L_X60 | J131: TFT-PPL-05 | K131: b01055 | L131: =IF(K131="","",IFERROR(INDEX(BARDAGE!$C$7:$C$1506,MATCH(K131,BARDAGE!$B$7:$B$1506,0)),"? hors registre")) -> 21212327 | M131: Z27807 | N131: =IF(M131="","",IFERROR(INDEX(BARDAGE!$C$7:$C$1506,MATCH(M131,BARDAGE!$B$7:$B$1506,0)),"? hors registre")) -> ? hors registre | O131: WR-05 | P131: WR-05 | Q131: WR-06 | R131: 45885 | S131: 45885 | T131: VT-010 | U131: A | V131: 45895 | W131: L-RT-10 | X131: A | AK131: =IF(E131="","",(X131<>"")+(AC131<>"")+(AH131<>"")) -> 1 | AL131: =IF(AH131<>"",AH131,IF(AC131<>"",AC131,IF(X131<>"",X131,""))) -> A | AM131: =IF(E131="","",IF(R131="","À SOUDER",IF(U131="","VT EN ATTENTE",IF(U131="R","VT REJETÉ – À REPRENDRE",IF(AL131="","À RADIOGRAPHIER",IF(AL131="A","ACCEPTÉ",IF(AL131="NX","NX – RT À REFAIRE",IF(IF(AK131=1,Z131,IF(AK131=2,AE131,""))="A","RÉPARÉ – À RADIOGRAPHIER",IF(IF(AK131=1,Z131,IF(AK131=2,AE131,""))="R","VT REJETÉ – À REPRENDRE",IF(OR(AL131="CO",AL131="NT"),"COUPE – À RESOUDER","À RÉPARER")))))))))) -> ACCEPTÉ | AN131: =IF(AND(ISNUMBER(R131),OR(AM131="À RADIOGRAPHIER",AM131="RÉPARÉ – À RADIOGRAPHIER",AM131="NX – RT À REFAIRE",AM131="À RÉPARER",AM131="COUPE – À RESOUDER",AM131="VT REJETÉ – À REPRENDRE")),MAX(0,'PROGRAMME RT'!$C$4-R131),"") | AO131: =IF(AND(OR(AM131="À RADIOGRAPHIER",AM131="RÉPARÉ – À RADIOGRAPHIER",AM131="NX – RT À REFAIRE"),OR('PROGRAMME RT'!$D$5="TOUTES",B131='PROGRAMME RT'!$D$5)),1,0) -> 0 | AP131: =IF(AO131=1,SUM(AO$7:AO131),"") | AQ131: =IF(AND(OR(X131="R",X131="NX",X131="NT",X131="CO"),OR('JOINTS DE RÉPARATION'!$D$5="TOUTES",B131='JOINTS DE RÉPARATION'!$D$5),OR('JOINTS DE RÉPARATION'!$L$4="TOUS",AM131<>"ACCEPTÉ")),1,0) -> 0 | AR131: =IF(AQ131=1,SUM(AQ$7:AQ131),"")
A132: =IF(E132="","",ROW()-6) -> 126 | B132: TFT 716 → TL7-MMFW2 | C132: 04 | D132: 1.00 | E132: JN°125 | F132: D | G132: 6" | H132: 11 | I132: API 5L_X60 | J132: TFT-PPL-05 | K132: Z27807 | L132: =IF(K132="","",IFERROR(INDEX(BARDAGE!$C$7:$C$1506,MATCH(K132,BARDAGE!$B$7:$B$1506,0)),"? hors registre")) -> ? hors registre | M132: b00512 | N132: =IF(M132="","",IFERROR(INDEX(BARDAGE!$C$7:$C$1506,MATCH(M132,BARDAGE!$B$7:$B$1506,0)),"? hors registre")) -> 24212332 | O132: WR-05 | P132: WR-05 | Q132: WR-02 | R132: 45885 | S132: 45885 | T132: VT-010 | U132: A | V132: 45895 | W132: L-RT-10 | X132: A | AK132: =IF(E132="","",(X132<>"")+(AC132<>"")+(AH132<>"")) -> 1 | AL132: =IF(AH132<>"",AH132,IF(AC132<>"",AC132,IF(X132<>"",X132,""))) -> A | AM132: =IF(E132="","",IF(R132="","À SOUDER",IF(U132="","VT EN ATTENTE",IF(U132="R","VT REJETÉ – À REPRENDRE",IF(AL132="","À RADIOGRAPHIER",IF(AL132="A","ACCEPTÉ",IF(AL132="NX","NX – RT À REFAIRE",IF(IF(AK132=1,Z132,IF(AK132=2,AE132,""))="A","RÉPARÉ – À RADIOGRAPHIER",IF(IF(AK132=1,Z132,IF(AK132=2,AE132,""))="R","VT REJETÉ – À REPRENDRE",IF(OR(AL132="CO",AL132="NT"),"COUPE – À RESOUDER","À RÉPARER")))))))))) -> ACCEPTÉ | AN132: =IF(AND(ISNUMBER(R132),OR(AM132="À RADIOGRAPHIER",AM132="RÉPARÉ – À RADIOGRAPHIER",AM132="NX – RT À REFAIRE",AM132="À RÉPARER",AM132="COUPE – À RESOUDER",AM132="VT REJETÉ – À REPRENDRE")),MAX(0,'PROGRAMME RT'!$C$4-R132),"") | AO132: =IF(AND(OR(AM132="À RADIOGRAPHIER",AM132="RÉPARÉ – À RADIOGRAPHIER",AM132="NX – RT À REFAIRE"),OR('PROGRAMME RT'!$D$5="TOUTES",B132='PROGRAMME RT'!$D$5)),1,0) -> 0 | AP132: =IF(AO132=1,SUM(AO$7:AO132),"") | AQ132: =IF(AND(OR(X132="R",X132="NX",X132="NT",X132="CO"),OR('JOINTS DE RÉPARATION'!$D$5="TOUTES",B132='JOINTS DE RÉPARATION'!$D$5),OR('JOINTS DE RÉPARATION'!$L$4="TOUS",AM132<>"ACCEPTÉ")),1,0) -> 0 | AR132: =IF(AQ132=1,SUM(AQ$7:AQ132),"")
A133: =IF(E133="","",ROW()-6) -> 127 | B133: TFT 716 → TL7-MMFW2 | C133: 04 | D133: 1.00 | E133: JN°126 | F133: D | G133: 6" | H133: 11 | I133: API 5L_X60 | J133: TFT-PPL-05 | K133: b00512 | L133: =IF(K133="","",IFERROR(INDEX(BARDAGE!$C$7:$C$1506,MATCH(K133,BARDAGE!$B$7:$B$1506,0)),"? hors registre")) -> 24212332 | M133: Z73432 | N133: =IF(M133="","",IFERROR(INDEX(BARDAGE!$C$7:$C$1506,MATCH(M133,BARDAGE!$B$7:$B$1506,0)),"? hors registre")) -> 24102487 | O133: WR-05 | P133: WR-05 | Q133: WR-10 | R133: 45885 | S133: 45885 | T133: VT-010 | U133: A | V133: 45895 | W133: L-RT-10 | X133: A | AK133: =IF(E133="","",(X133<>"")+(AC133<>"")+(AH133<>"")) -> 1 | AL133: =IF(AH133<>"",AH133,IF(AC133<>"",AC133,IF(X133<>"",X133,""))) -> A | AM133: =IF(E133="","",IF(R133="","À SOUDER",IF(U133="","VT EN ATTENTE",IF(U133="R","VT REJETÉ – À REPRENDRE",IF(AL133="","À RADIOGRAPHIER",IF(AL133="A","ACCEPTÉ",IF(AL133="NX","NX – RT À REFAIRE",IF(IF(AK133=1,Z133,IF(AK133=2,AE133,""))="A","RÉPARÉ – À RADIOGRAPHIER",IF(IF(AK133=1,Z133,IF(AK133=2,AE133,""))="R","VT REJETÉ – À REPRENDRE",IF(OR(AL133="CO",AL133="NT"),"COUPE – À RESOUDER","À RÉPARER")))))))))) -> ACCEPTÉ | AN133: =IF(AND(ISNUMBER(R133),OR(AM133="À RADIOGRAPHIER",AM133="RÉPARÉ – À RADIOGRAPHIER",AM133="NX – RT À REFAIRE",AM133="À RÉPARER",AM133="COUPE – À RESOUDER",AM133="VT REJETÉ – À REPRENDRE")),MAX(0,'PROGRAMME RT'!$C$4-R133),"") | AO133: =IF(AND(OR(AM133="À RADIOGRAPHIER",AM133="RÉPARÉ – À RADIOGRAPHIER",AM133="NX – RT À REFAIRE"),OR('PROGRAMME RT'!$D$5="TOUTES",B133='PROGRAMME RT'!$D$5)),1,0) -> 0 | AP133: =IF(AO133=1,SUM(AO$7:AO133),"") | AQ133: =IF(AND(OR(X133="R",X133="NX",X133="NT",X133="CO"),OR('JOINTS DE RÉPARATION'!$D$5="TOUTES",B133='JOINTS DE RÉPARATION'!$D$5),OR('JOINTS DE RÉPARATION'!$L$4="TOUS",AM133<>"ACCEPTÉ")),1,0) -> 0 | AR133: =IF(AQ133=1,SUM(AQ$7:AQ133),"")
A134: =IF(E134="","",ROW()-6) -> 128 | B134: TFT 716 → TL7-MMFW2 | C134: 04 | D134: 1.00 | E134: JN°127 | F134: D | G134: 6" | H134: 11 | I134: API 5L_X60 | J134: TFT-PPL-05 | K134: Z73432 | L134: =IF(K134="","",IFERROR(INDEX(BARDAGE!$C$7:$C$1506,MATCH(K134,BARDAGE!$B$7:$B$1506,0)),"? hors registre")) -> 24102487 | M134: Z70873 | N134: =IF(M134="","",IFERROR(INDEX(BARDAGE!$C$7:$C$1506,MATCH(M134,BARDAGE!$B$7:$B$1506,0)),"? hors registre")) -> 24803600 | O134: WR-05 | P134: WR-05 | Q134: WR-06 | R134: 45885 | S134: 45885 | T134: VT-010 | U134: A | V134: 45895 | W134: L-RT-10 | X134: A | AK134: =IF(E134="","",(X134<>"")+(AC134<>"")+(AH134<>"")) -> 1 | AL134: =IF(AH134<>"",AH134,IF(AC134<>"",AC134,IF(X134<>"",X134,""))) -> A | AM134: =IF(E134="","",IF(R134="","À SOUDER",IF(U134="","VT EN ATTENTE",IF(U134="R","VT REJETÉ – À REPRENDRE",IF(AL134="","À RADIOGRAPHIER",IF(AL134="A","ACCEPTÉ",IF(AL134="NX","NX – RT À REFAIRE",IF(IF(AK134=1,Z134,IF(AK134=2,AE134,""))="A","RÉPARÉ – À RADIOGRAPHIER",IF(IF(AK134=1,Z134,IF(AK134=2,AE134,""))="R","VT REJETÉ – À REPRENDRE",IF(OR(AL134="CO",AL134="NT"),"COUPE – À RESOUDER","À RÉPARER")))))))))) -> ACCEPTÉ | AN134: =IF(AND(ISNUMBER(R134),OR(AM134="À RADIOGRAPHIER",AM134="RÉPARÉ – À RADIOGRAPHIER",AM134="NX – RT À REFAIRE",AM134="À RÉPARER",AM134="COUPE – À RESOUDER",AM134="VT REJETÉ – À REPRENDRE")),MAX(0,'PROGRAMME RT'!$C$4-R134),"") | AO134: =IF(AND(OR(AM134="À RADIOGRAPHIER",AM134="RÉPARÉ – À RADIOGRAPHIER",AM134="NX – RT À REFAIRE"),OR('PROGRAMME RT'!$D$5="TOUTES",B134='PROGRAMME RT'!$D$5)),1,0) -> 0 | AP134: =IF(AO134=1,SUM(AO$7:AO134),"") | AQ134: =IF(AND(OR(X134="R",X134="NX",X134="NT",X134="CO"),OR('JOINTS DE RÉPARATION'!$D$5="TOUTES",B134='JOINTS DE RÉPARATION'!$D$5),OR('JOINTS DE RÉPARATION'!$L$4="TOUS",AM134<>"ACCEPTÉ")),1,0) -> 0 | AR134: =IF(AQ134=1,SUM(AQ$7:AQ134),"")
A135: =IF(E135="","",ROW()-6) -> 129 | B135: TFT 716 → TL7-MMFW2 | C135: 04 | D135: 1.00 | E135: JN°128 | F135: D | G135: 6" | H135: 11 | I135: API 5L_X60 | J135: TFT-PPL-05 | K135: Z70873 | L135: =IF(K135="","",IFERROR(INDEX(BARDAGE!$C$7:$C$1506,MATCH(K135,BARDAGE!$B$7:$B$1506,0)),"? hors registre")) -> 24803600 | M135: Z68662 | N135: =IF(M135="","",IFERROR(INDEX(BARDAGE!$C$7:$C$1506,MATCH(M135,BARDAGE!$B$7:$B$1506,0)),"? hors registre")) -> 24703653 | O135: WR-05 | P135: WR-05 | Q135: WR-10 | R135: 45885 | S135: 45885 | T135: VT-010 | U135: A | V135: 45895 | W135: L-RT-10 | X135: A | AK135: =IF(E135="","",(X135<>"")+(AC135<>"")+(AH135<>"")) -> 1 | AL135: =IF(AH135<>"",AH135,IF(AC135<>"",AC135,IF(X135<>"",X135,""))) -> A | AM135: =IF(E135="","",IF(R135="","À SOUDER",IF(U135="","VT EN ATTENTE",IF(U135="R","VT REJETÉ – À REPRENDRE",IF(AL135="","À RADIOGRAPHIER",IF(AL135="A","ACCEPTÉ",IF(AL135="NX","NX – RT À REFAIRE",IF(IF(AK135=1,Z135,IF(AK135=2,AE135,""))="A","RÉPARÉ – À RADIOGRAPHIER",IF(IF(AK135=1,Z135,IF(AK135=2,AE135,""))="R","VT REJETÉ – À REPRENDRE",IF(OR(AL135="CO",AL135="NT"),"COUPE – À RESOUDER","À RÉPARER")))))))))) -> ACCEPTÉ | AN135: =IF(AND(ISNUMBER(R135),OR(AM135="À RADIOGRAPHIER",AM135="RÉPARÉ – À RADIOGRAPHIER",AM135="NX – RT À REFAIRE",AM135="À RÉPARER",AM135="COUPE – À RESOUDER",AM135="VT REJETÉ – À REPRENDRE")),MAX(0,'PROGRAMME RT'!$C$4-R135),"") | AO135: =IF(AND(OR(AM135="À RADIOGRAPHIER",AM135="RÉPARÉ – À RADIOGRAPHIER",AM135="NX – RT À REFAIRE"),OR('PROGRAMME RT'!$D$5="TOUTES",B135='PROGRAMME RT'!$D$5)),1,0) -> 0 | AP135: =IF(AO135=1,SUM(AO$7:AO135),"") | AQ135: =IF(AND(OR(X135="R",X135="NX",X135="NT",X135="CO"),OR('JOINTS DE RÉPARATION'!$D$5="TOUTES",B135='JOINTS DE RÉPARATION'!$D$5),OR('JOINTS DE RÉPARATION'!$L$4="TOUS",AM135<>"ACCEPTÉ")),1,0) -> 0 | AR135: =IF(AQ135=1,SUM(AQ$7:AQ135),"")
A136: =IF(E136="","",ROW()-6) -> 130 | B136: TFT 716 → TL7-MMFW2 | C136: 04 | D136: 1.00 | E136: JN°129 | F136: D | G136: 6" | H136: 11 | I136: API 5L_X60 | J136: TFT-PPL-05 | K136: Z68662 | L136: =IF(K136="","",IFERROR(INDEX(BARDAGE!$C$7:$C$1506,MATCH(K136,BARDAGE!$B$7:$B$1506,0)),"? hors registre")) -> 24703653 | M136: Z71598 | N136: =IF(M136="","",IFERROR(INDEX(BARDAGE!$C$7:$C$1506,MATCH(M136,BARDAGE!$B$7:$B$1506,0)),"? hors registre")) -> 24803590 | O136: WR-05 | P136: WR-05 | Q136: WR-02 | R136: 45885 | S136: 45885 | T136: VT-010 | U136: A | V136: 45895 | W136: L-RT-10 | X136: A | AK136: =IF(E136="","",(X136<>"")+(AC136<>"")+(AH136<>"")) -> 1 | AL136: =IF(AH136<>"",AH136,IF(AC136<>"",AC136,IF(X136<>"",X136,""))) -> A | AM136: =IF(E136="","",IF(R136="","À SOUDER",IF(U136="","VT EN ATTENTE",IF(U136="R","VT REJETÉ – À REPRENDRE",IF(AL136="","À RADIOGRAPHIER",IF(AL136="A","ACCEPTÉ",IF(AL136="NX","NX – RT À REFAIRE",IF(IF(AK136=1,Z136,IF(AK136=2,AE136,""))="A","RÉPARÉ – À RADIOGRAPHIER",IF(IF(AK136=1,Z136,IF(AK136=2,AE136,""))="R","VT REJETÉ – À REPRENDRE",IF(OR(AL136="CO",AL136="NT"),"COUPE – À RESOUDER","À RÉPARER")))))))))) -> ACCEPTÉ | AN136: =IF(AND(ISNUMBER(R136),OR(AM136="À RADIOGRAPHIER",AM136="RÉPARÉ – À RADIOGRAPHIER",AM136="NX – RT À REFAIRE",AM136="À RÉPARER",AM136="COUPE – À RESOUDER",AM136="VT REJETÉ – À REPRENDRE")),MAX(0,'PROGRAMME RT'!$C$4-R136),"") | AO136: =IF(AND(OR(AM136="À RADIOGRAPHIER",AM136="RÉPARÉ – À RADIOGRAPHIER",AM136="NX – RT À REFAIRE"),OR('PROGRAMME RT'!$D$5="TOUTES",B136='PROGRAMME RT'!$D$5)),1,0) -> 0 | AP136: =IF(AO136=1,SUM(AO$7:AO136),"") | AQ136: =IF(AND(OR(X136="R",X136="NX",X136="NT",X136="CO"),OR('JOINTS DE RÉPARATION'!$D$5="TOUTES",B136='JOINTS DE RÉPARATION'!$D$5),OR('JOINTS DE RÉPARATION'!$L$4="TOUS",AM136<>"ACCEPTÉ")),1,0) -> 0 | AR136: =IF(AQ136=1,SUM(AQ$7:AQ136),"")
A137: =IF(E137="","",ROW()-6) -> 131 | B137: TFT 716 → TL7-MMFW2 | C137: 04 | D137: 1.00 | E137: JN°130 | F137: D | G137: 6" | H137: 11 | I137: API 5L_X60 | J137: TFT-PPL-05 | K137: Z71598 | L137: =IF(K137="","",IFERROR(INDEX(BARDAGE!$C$7:$C$1506,MATCH(K137,BARDAGE!$B$7:$B$1506,0)),"? hors registre")) -> 24803590 | M137: Z70234 | N137: =IF(M137="","",IFERROR(INDEX(BARDAGE!$C$7:$C$1506,MATCH(M137,BARDAGE!$B$7:$B$1506,0)),"? hors registre")) -> 24803579 | O137: WR-05 | P137: WR-05 | Q137: WR-06 | R137: 45885 | S137: 45885 | T137: VT-010 | U137: A | V137: 45895 | W137: L-RT-10 | X137: A | AK137: =IF(E137="","",(X137<>"")+(AC137<>"")+(AH137<>"")) -> 1 | AL137: =IF(AH137<>"",AH137,IF(AC137<>"",AC137,IF(X137<>"",X137,""))) -> A | AM137: =IF(E137="","",IF(R137="","À SOUDER",IF(U137="","VT EN ATTENTE",IF(U137="R","VT REJETÉ – À REPRENDRE",IF(AL137="","À RADIOGRAPHIER",IF(AL137="A","ACCEPTÉ",IF(AL137="NX","NX – RT À REFAIRE",IF(IF(AK137=1,Z137,IF(AK137=2,AE137,""))="A","RÉPARÉ – À RADIOGRAPHIER",IF(IF(AK137=1,Z137,IF(AK137=2,AE137,""))="R","VT REJETÉ – À REPRENDRE",IF(OR(AL137="CO",AL137="NT"),"COUPE – À RESOUDER","À RÉPARER")))))))))) -> ACCEPTÉ | AN137: =IF(AND(ISNUMBER(R137),OR(AM137="À RADIOGRAPHIER",AM137="RÉPARÉ – À RADIOGRAPHIER",AM137="NX – RT À REFAIRE",AM137="À RÉPARER",AM137="COUPE – À RESOUDER",AM137="VT REJETÉ – À REPRENDRE")),MAX(0,'PROGRAMME RT'!$C$4-R137),"") | AO137: =IF(AND(OR(AM137="À RADIOGRAPHIER",AM137="RÉPARÉ – À RADIOGRAPHIER",AM137="NX – RT À REFAIRE"),OR('PROGRAMME RT'!$D$5="TOUTES",B137='PROGRAMME RT'!$D$5)),1,0) -> 0 | AP137: =IF(AO137=1,SUM(AO$7:AO137),"") | AQ137: =IF(AND(OR(X137="R",X137="NX",X137="NT",X137="CO"),OR('JOINTS DE RÉPARATION'!$D$5="TOUTES",B137='JOINTS DE RÉPARATION'!$D$5),OR('JOINTS DE RÉPARATION'!$L$4="TOUS",AM137<>"ACCEPTÉ")),1,0) -> 0 | AR137: =IF(AQ137=1,SUM(AQ$7:AQ137),"")
A138: =IF(E138="","",ROW()-6) -> 132 | B138: TFT 716 → TL7-MMFW2 | C138: 04 | D138: 1.00 | E138: JN°131 | F138: D | G138: 6" | H138: 11 | I138: API 5L_X60 | J138: TFT-PPL-05 | K138: Z70234 | L138: =IF(K138="","",IFERROR(INDEX(BARDAGE!$C$7:$C$1506,MATCH(K138,BARDAGE!$B$7:$B$1506,0)),"? hors registre")) -> 24803579 | M138: Z68659 | N138: =IF(M138="","",IFERROR(INDEX(BARDAGE!$C$7:$C$1506,MATCH(M138,BARDAGE!$B$7:$B$1506,0)),"? hors registre")) -> 24703653 | O138: WR-05 | P138: WR-05 | Q138: WR-10 | R138: 45885 | S138: 45885 | T138: VT-010 | U138: A | V138: 45895 | W138: L-RT-10 | X138: A | AK138: =IF(E138="","",(X138<>"")+(AC138<>"")+(AH138<>"")) -> 1 | AL138: =IF(AH138<>"",AH138,IF(AC138<>"",AC138,IF(X138<>"",X138,""))) -> A | AM138: =IF(E138="","",IF(R138="","À SOUDER",IF(U138="","VT EN ATTENTE",IF(U138="R","VT REJETÉ – À REPRENDRE",IF(AL138="","À RADIOGRAPHIER",IF(AL138="A","ACCEPTÉ",IF(AL138="NX","NX – RT À REFAIRE",IF(IF(AK138=1,Z138,IF(AK138=2,AE138,""))="A","RÉPARÉ – À RADIOGRAPHIER",IF(IF(AK138=1,Z138,IF(AK138=2,AE138,""))="R","VT REJETÉ – À REPRENDRE",IF(OR(AL138="CO",AL138="NT"),"COUPE – À RESOUDER","À RÉPARER")))))))))) -> ACCEPTÉ | AN138: =IF(AND(ISNUMBER(R138),OR(AM138="À RADIOGRAPHIER",AM138="RÉPARÉ – À RADIOGRAPHIER",AM138="NX – RT À REFAIRE",AM138="À RÉPARER",AM138="COUPE – À RESOUDER",AM138="VT REJETÉ – À REPRENDRE")),MAX(0,'PROGRAMME RT'!$C$4-R138),"") | AO138: =IF(AND(OR(AM138="À RADIOGRAPHIER",AM138="RÉPARÉ – À RADIOGRAPHIER",AM138="NX – RT À REFAIRE"),OR('PROGRAMME RT'!$D$5="TOUTES",B138='PROGRAMME RT'!$D$5)),1,0) -> 0 | AP138: =IF(AO138=1,SUM(AO$7:AO138),"") | AQ138: =IF(AND(OR(X138="R",X138="NX",X138="NT",X138="CO"),OR('JOINTS DE RÉPARATION'!$D$5="TOUTES",B138='JOINTS DE RÉPARATION'!$D$5),OR('JOINTS DE RÉPARATION'!$L$4="TOUS",AM138<>"ACCEPTÉ")),1,0) -> 0 | AR138: =IF(AQ138=1,SUM(AQ$7:AQ138),"")
A139: =IF(E139="","",ROW()-6) -> 133 | B139: TFT 716 → TL7-MMFW2 | C139: 04 | D139: 1.00 | E139: JN°132 | F139: D | G139: 6" | H139: 11 | I139: API 5L_X60 | J139: TFT-PPL-05 | K139: Z68659 | L139: =IF(K139="","",IFERROR(INDEX(BARDAGE!$C$7:$C$1506,MATCH(K139,BARDAGE!$B$7:$B$1506,0)),"? hors registre")) -> 24703653 | M139: Z68658 | N139: =IF(M139="","",IFERROR(INDEX(BARDAGE!$C$7:$C$1506,MATCH(M139,BARDAGE!$B$7:$B$1506,0)),"? hors registre")) -> 24703653 | O139: WR-05 | P139: WR-05 | Q139: WR-02 | R139: 45885 | S139: 45885 | T139: VT-010 | U139: A | V139: 45895 | W139: L-RT-10 | X139: A | AK139: =IF(E139="","",(X139<>"")+(AC139<>"")+(AH139<>"")) -> 1 | AL139: =IF(AH139<>"",AH139,IF(AC139<>"",AC139,IF(X139<>"",X139,""))) -> A | AM139: =IF(E139="","",IF(R139="","À SOUDER",IF(U139="","VT EN ATTENTE",IF(U139="R","VT REJETÉ – À REPRENDRE",IF(AL139="","À RADIOGRAPHIER",IF(AL139="A","ACCEPTÉ",IF(AL139="NX","NX – RT À REFAIRE",IF(IF(AK139=1,Z139,IF(AK139=2,AE139,""))="A","RÉPARÉ – À RADIOGRAPHIER",IF(IF(AK139=1,Z139,IF(AK139=2,AE139,""))="R","VT REJETÉ – À REPRENDRE",IF(OR(AL139="CO",AL139="NT"),"COUPE – À RESOUDER","À RÉPARER")))))))))) -> ACCEPTÉ | AN139: =IF(AND(ISNUMBER(R139),OR(AM139="À RADIOGRAPHIER",AM139="RÉPARÉ – À RADIOGRAPHIER",AM139="NX – RT À REFAIRE",AM139="À RÉPARER",AM139="COUPE – À RESOUDER",AM139="VT REJETÉ – À REPRENDRE")),MAX(0,'PROGRAMME RT'!$C$4-R139),"") | AO139: =IF(AND(OR(AM139="À RADIOGRAPHIER",AM139="RÉPARÉ – À RADIOGRAPHIER",AM139="NX – RT À REFAIRE"),OR('PROGRAMME RT'!$D$5="TOUTES",B139='PROGRAMME RT'!$D$5)),1,0) -> 0 | AP139: =IF(AO139=1,SUM(AO$7:AO139),"") | AQ139: =IF(AND(OR(X139="R",X139="NX",X139="NT",X139="CO"),OR('JOINTS DE RÉPARATION'!$D$5="TOUTES",B139='JOINTS DE RÉPARATION'!$D$5),OR('JOINTS DE RÉPARATION'!$L$4="TOUS",AM139<>"ACCEPTÉ")),1,0) -> 0 | AR139: =IF(AQ139=1,SUM(AQ$7:AQ139),"")
A140: =IF(E140="","",ROW()-6) -> 134 | B140: TFT 716 → TL7-MMFW2 | C140: 04 | D140: 1.00 | E140: JN°133 | F140: D | G140: 6" | H140: 11 | I140: API 5L_X60 | J140: TFT-PPL-05 | K140: Z68658 | L140: =IF(K140="","",IFERROR(INDEX(BARDAGE!$C$7:$C$1506,MATCH(K140,BARDAGE!$B$7:$B$1506,0)),"? hors registre")) -> 24703653 | M140: Z70232 | N140: =IF(M140="","",IFERROR(INDEX(BARDAGE!$C$7:$C$1506,MATCH(M140,BARDAGE!$B$7:$B$1506,0)),"? hors registre")) -> 24803579 | O140: WR-05 | P140: WR-05 | Q140: WR-06 | R140: 45886 | S140: 45886 | T140: VT-011 | U140: A | V140: 45895 | W140: L-RT-10 | X140: A | AK140: =IF(E140="","",(X140<>"")+(AC140<>"")+(AH140<>"")) -> 1 | AL140: =IF(AH140<>"",AH140,IF(AC140<>"",AC140,IF(X140<>"",X140,""))) -> A | AM140: =IF(E140="","",IF(R140="","À SOUDER",IF(U140="","VT EN ATTENTE",IF(U140="R","VT REJETÉ – À REPRENDRE",IF(AL140="","À RADIOGRAPHIER",IF(AL140="A","ACCEPTÉ",IF(AL140="NX","NX – RT À REFAIRE",IF(IF(AK140=1,Z140,IF(AK140=2,AE140,""))="A","RÉPARÉ – À RADIOGRAPHIER",IF(IF(AK140=1,Z140,IF(AK140=2,AE140,""))="R","VT REJETÉ – À REPRENDRE",IF(OR(AL140="CO",AL140="NT"),"COUPE – À RESOUDER","À RÉPARER")))))))))) -> ACCEPTÉ | AN140: =IF(AND(ISNUMBER(R140),OR(AM140="À RADIOGRAPHIER",AM140="RÉPARÉ – À RADIOGRAPHIER",AM140="NX – RT À REFAIRE",AM140="À RÉPARER",AM140="COUPE – À RESOUDER",AM140="VT REJETÉ – À REPRENDRE")),MAX(0,'PROGRAMME RT'!$C$4-R140),"") | AO140: =IF(AND(OR(AM140="À RADIOGRAPHIER",AM140="RÉPARÉ – À RADIOGRAPHIER",AM140="NX – RT À REFAIRE"),OR('PROGRAMME RT'!$D$5="TOUTES",B140='PROGRAMME RT'!$D$5)),1,0) -> 0 | AP140: =IF(AO140=1,SUM(AO$7:AO140),"") | AQ140: =IF(AND(OR(X140="R",X140="NX",X140="NT",X140="CO"),OR('JOINTS DE RÉPARATION'!$D$5="TOUTES",B140='JOINTS DE RÉPARATION'!$D$5),OR('JOINTS DE RÉPARATION'!$L$4="TOUS",AM140<>"ACCEPTÉ")),1,0) -> 0 | AR140: =IF(AQ140=1,SUM(AQ$7:AQ140),"")
A141: =IF(E141="","",ROW()-6) -> 135 | B141: TFT 716 → TL7-MMFW2 | C141: 04 | D141: 1.00 | E141: JN°134 | F141: D | G141: 6" | H141: 11 | I141: API 5L_X60 | J141: TFT-PPL-05 | K141: Z70232 | L141: =IF(K141="","",IFERROR(INDEX(BARDAGE!$C$7:$C$1506,MATCH(K141,BARDAGE!$B$7:$B$1506,0)),"? hors registre")) -> 24803579 | M141: Z68661 | N141: =IF(M141="","",IFERROR(INDEX(BARDAGE!$C$7:$C$1506,MATCH(M141,BARDAGE!$B$7:$B$1506,0)),"? hors registre")) -> 24703653 | O141: WR-05 | P141: WR-05 | Q141: WR-02 | R141: 45886 | S141: 45886 | T141: VT-011 | U141: A | V141: 45895 | W141: L-RT-10 | X141: A | AK141: =IF(E141="","",(X141<>"")+(AC141<>"")+(AH141<>"")) -> 1 | AL141: =IF(AH141<>"",AH141,IF(AC141<>"",AC141,IF(X141<>"",X141,""))) -> A | AM141: =IF(E141="","",IF(R141="","À SOUDER",IF(U141="","VT EN ATTENTE",IF(U141="R","VT REJETÉ – À REPRENDRE",IF(AL141="","À RADIOGRAPHIER",IF(AL141="A","ACCEPTÉ",IF(AL141="NX","NX – RT À REFAIRE",IF(IF(AK141=1,Z141,IF(AK141=2,AE141,""))="A","RÉPARÉ – À RADIOGRAPHIER",IF(IF(AK141=1,Z141,IF(AK141=2,AE141,""))="R","VT REJETÉ – À REPRENDRE",IF(OR(AL141="CO",AL141="NT"),"COUPE – À RESOUDER","À RÉPARER")))))))))) -> ACCEPTÉ | AN141: =IF(AND(ISNUMBER(R141),OR(AM141="À RADIOGRAPHIER",AM141="RÉPARÉ – À RADIOGRAPHIER",AM141="NX – RT À REFAIRE",AM141="À RÉPARER",AM141="COUPE – À RESOUDER",AM141="VT REJETÉ – À REPRENDRE")),MAX(0,'PROGRAMME RT'!$C$4-R141),"") | AO141: =IF(AND(OR(AM141="À RADIOGRAPHIER",AM141="RÉPARÉ – À RADIOGRAPHIER",AM141="NX – RT À REFAIRE"),OR('PROGRAMME RT'!$D$5="TOUTES",B141='PROGRAMME RT'!$D$5)),1,0) -> 0 | AP141: =IF(AO141=1,SUM(AO$7:AO141),"") | AQ141: =IF(AND(OR(X141="R",X141="NX",X141="NT",X141="CO"),OR('JOINTS DE RÉPARATION'!$D$5="TOUTES",B141='JOINTS DE RÉPARATION'!$D$5),OR('JOINTS DE RÉPARATION'!$L$4="TOUS",AM141<>"ACCEPTÉ")),1,0) -> 0 | AR141: =IF(AQ141=1,SUM(AQ$7:AQ141),"")
A142: =IF(E142="","",ROW()-6) -> 136 | B142: TFT 716 → TL7-MMFW2 | C142: 04 | D142: 1.00 | E142: JN°135 | F142: D | G142: 6" | H142: 11 | I142: API 5L_X60 | J142: TFT-PPL-05 | K142: Z68661 | L142: =IF(K142="","",IFERROR(INDEX(BARDAGE!$C$7:$C$1506,MATCH(K142,BARDAGE!$B$7:$B$1506,0)),"? hors registre")) -> 24703653 | M142: Z71599 | N142: =IF(M142="","",IFERROR(INDEX(BARDAGE!$C$7:$C$1506,MATCH(M142,BARDAGE!$B$7:$B$1506,0)),"? hors registre")) -> 24803590 | O142: WR-05 | P142: WR-05 | Q142: WR-02 | R142: 45886 | S142: 45886 | T142: VT-011 | U142: A | V142: 45895 | W142: L-RT-10 | X142: A | AK142: =IF(E142="","",(X142<>"")+(AC142<>"")+(AH142<>"")) -> 1 | AL142: =IF(AH142<>"",AH142,IF(AC142<>"",AC142,IF(X142<>"",X142,""))) -> A | AM142: =IF(E142="","",IF(R142="","À SOUDER",IF(U142="","VT EN ATTENTE",IF(U142="R","VT REJETÉ – À REPRENDRE",IF(AL142="","À RADIOGRAPHIER",IF(AL142="A","ACCEPTÉ",IF(AL142="NX","NX – RT À REFAIRE",IF(IF(AK142=1,Z142,IF(AK142=2,AE142,""))="A","RÉPARÉ – À RADIOGRAPHIER",IF(IF(AK142=1,Z142,IF(AK142=2,AE142,""))="R","VT REJETÉ – À REPRENDRE",IF(OR(AL142="CO",AL142="NT"),"COUPE – À RESOUDER","À RÉPARER")))))))))) -> ACCEPTÉ | AN142: =IF(AND(ISNUMBER(R142),OR(AM142="À RADIOGRAPHIER",AM142="RÉPARÉ – À RADIOGRAPHIER",AM142="NX – RT À REFAIRE",AM142="À RÉPARER",AM142="COUPE – À RESOUDER",AM142="VT REJETÉ – À REPRENDRE")),MAX(0,'PROGRAMME RT'!$C$4-R142),"") | AO142: =IF(AND(OR(AM142="À RADIOGRAPHIER",AM142="RÉPARÉ – À RADIOGRAPHIER",AM142="NX – RT À REFAIRE"),OR('PROGRAMME RT'!$D$5="TOUTES",B142='PROGRAMME RT'!$D$5)),1,0) -> 0 | AP142: =IF(AO142=1,SUM(AO$7:AO142),"") | AQ142: =IF(AND(OR(X142="R",X142="NX",X142="NT",X142="CO"),OR('JOINTS DE RÉPARATION'!$D$5="TOUTES",B142='JOINTS DE RÉPARATION'!$D$5),OR('JOINTS DE RÉPARATION'!$L$4="TOUS",AM142<>"ACCEPTÉ")),1,0) -> 0 | AR142: =IF(AQ142=1,SUM(AQ$7:AQ142),"")
A143: =IF(E143="","",ROW()-6) -> 137 | B143: TFT 716 → TL7-MMFW2 | D143: 1.00 | E143: JN°136Racc | F143: D | G143: 6" | H143: 11 | I143: API 5L_X60 | J143: TFT-PPL-06 | K143: Z71599 | L143: =IF(K143="","",IFERROR(INDEX(BARDAGE!$C$7:$C$1506,MATCH(K143,BARDAGE!$B$7:$B$1506,0)),"? hors registre")) -> 24803590 | M143: Z69207 | N143: =IF(M143="","",IFERROR(INDEX(BARDAGE!$C$7:$C$1506,MATCH(M143,BARDAGE!$B$7:$B$1506,0)),"? hors registre")) -> ? hors registre | O143: WR-02 | P143: WR-02 | Q143: WR-02 | R143: 45911 | S143: 45911 | T143: VT-023 | U143: A | AK143: =IF(E143="","",(X143<>"")+(AC143<>"")+(AH143<>"")) -> 0 | AL143: =IF(AH143<>"",AH143,IF(AC143<>"",AC143,IF(X143<>"",X143,""))) | AM143: =IF(E143="","",IF(R143="","À SOUDER",IF(U143="","VT EN ATTENTE",IF(U143="R","VT REJETÉ – À REPRENDRE",IF(AL143="","À RADIOGRAPHIER",IF(AL143="A","ACCEPTÉ",IF(AL143="NX","NX – RT À REFAIRE",IF(IF(AK143=1,Z143,IF(AK143=2,AE143,""))="A","RÉPARÉ – À RADIOGRAPHIER",IF(IF(AK143=1,Z143,IF(AK143=2,AE143,""))="R","VT REJETÉ – À REPRENDRE",IF(OR(AL143="CO",AL143="NT"),"COUPE – À RESOUDER","À RÉPARER")))))))))) -> À RADIOGRAPHIER | AN143: =IF(AND(ISNUMBER(R143),OR(AM143="À RADIOGRAPHIER",AM143="RÉPARÉ – À RADIOGRAPHIER",AM143="NX – RT À REFAIRE",AM143="À RÉPARER",AM143="COUPE – À RESOUDER",AM143="VT REJETÉ – À REPRENDRE")),MAX(0,'PROGRAMME RT'!$C$4-R143),"") -> 382 | AO143: =IF(AND(OR(AM143="À RADIOGRAPHIER",AM143="RÉPARÉ – À RADIOGRAPHIER",AM143="NX – RT À REFAIRE"),OR('PROGRAMME RT'!$D$5="TOUTES",B143='PROGRAMME RT'!$D$5)),1,0) -> 1 | AP143: =IF(AO143=1,SUM(AO$7:AO143),"") -> 2 | AQ143: =IF(AND(OR(X143="R",X143="NX",X143="NT",X143="CO"),OR('JOINTS DE RÉPARATION'!$D$5="TOUTES",B143='JOINTS DE RÉPARATION'!$D$5),OR('JOINTS DE RÉPARATION'!$L$4="TOUS",AM143<>"ACCEPTÉ")),1,0) -> 0 | AR143: =IF(AQ143=1,SUM(AQ$7:AQ143),"")
A144: =IF(E144="","",ROW()-6) -> 138 | B144: TFT 716 → TL7-MMFW2 | C144: 05 | D144: 1.00 | E144: JN°137 | F144: A | G144: 6" | H144: 11 | I144: API 5L_X60 | J144: TFT-PPL-06 | K144: Z69207 | L144: =IF(K144="","",IFERROR(INDEX(BARDAGE!$C$7:$C$1506,MATCH(K144,BARDAGE!$B$7:$B$1506,0)),"? hors registre")) -> ? hors registre | M144: Z69172 | N144: =IF(M144="","",IFERROR(INDEX(BARDAGE!$C$7:$C$1506,MATCH(M144,BARDAGE!$B$7:$B$1506,0)),"? hors registre")) -> 24803578 | O144: WR-10 | P144: WR-10 | Q144: WR-10 | R144: 45890 | S144: 45890 | T144: VT-015 | U144: A | V144: 45895 | W144: L-RT-11 | X144: A | AK144: =IF(E144="","",(X144<>"")+(AC144<>"")+(AH144<>"")) -> 1 | AL144: =IF(AH144<>"",AH144,IF(AC144<>"",AC144,IF(X144<>"",X144,""))) -> A | AM144: =IF(E144="","",IF(R144="","À SOUDER",IF(U144="","VT EN ATTENTE",IF(U144="R","VT REJETÉ – À REPRENDRE",IF(AL144="","À RADIOGRAPHIER",IF(AL144="A","ACCEPTÉ",IF(AL144="NX","NX – RT À REFAIRE",IF(IF(AK144=1,Z144,IF(AK144=2,AE144,""))="A","RÉPARÉ – À RADIOGRAPHIER",IF(IF(AK144=1,Z144,IF(AK144=2,AE144,""))="R","VT REJETÉ – À REPRENDRE",IF(OR(AL144="CO",AL144="NT"),"COUPE – À RESOUDER","À RÉPARER")))))))))) -> ACCEPTÉ | AN144: =IF(AND(ISNUMBER(R144),OR(AM144="À RADIOGRAPHIER",AM144="RÉPARÉ – À RADIOGRAPHIER",AM144="NX – RT À REFAIRE",AM144="À RÉPARER",AM144="COUPE – À RESOUDER",AM144="VT REJETÉ – À REPRENDRE")),MAX(0,'PROGRAMME RT'!$C$4-R144),"") | AO144: =IF(AND(OR(AM144="À RADIOGRAPHIER",AM144="RÉPARÉ – À RADIOGRAPHIER",AM144="NX – RT À REFAIRE"),OR('PROGRAMME RT'!$D$5="TOUTES",B144='PROGRAMME RT'!$D$5)),1,0) -> 0 | AP144: =IF(AO144=1,SUM(AO$7:AO144),"") | AQ144: =IF(AND(OR(X144="R",X144="NX",X144="NT",X144="CO"),OR('JOINTS DE RÉPARATION'!$D$5="TOUTES",B144='JOINTS DE RÉPARATION'!$D$5),OR('JOINTS DE RÉPARATION'!$L$4="TOUS",AM144<>"ACCEPTÉ")),1,0) -> 0 | AR144: =IF(AQ144=1,SUM(AQ$7:AQ144),"")
A145: =IF(E145="","",ROW()-6) -> 139 | B145: TFT 716 → TL7-MMFW2 | C145: 05 | D145: 1.00 | E145: JN°138 | F145: A | G145: 6" | H145: 11 | I145: API 5L_X60 | J145: TFT-PPL-06 | K145: Z69172 | L145: =IF(K145="","",IFERROR(INDEX(BARDAGE!$C$7:$C$1506,MATCH(K145,BARDAGE!$B$7:$B$1506,0)),"? hors registre")) -> 24803578 | M145: Z69205 | N145: =IF(M145="","",IFERROR(INDEX(BARDAGE!$C$7:$C$1506,MATCH(M145,BARDAGE!$B$7:$B$1506,0)),"? hors registre")) -> 24803578 | O145: WR-10 | P145: WR-10 | Q145: WR-09 | R145: 45890 | S145: 45890 | T145: VT-015 | U145: A | V145: 45895 | W145: L-RT-11 | X145: A | AK145: =IF(E145="","",(X145<>"")+(AC145<>"")+(AH145<>"")) -> 1 | AL145: =IF(AH145<>"",AH145,IF(AC145<>"",AC145,IF(X145<>"",X145,""))) -> A | AM145: =IF(E145="","",IF(R145="","À SOUDER",IF(U145="","VT EN ATTENTE",IF(U145="R","VT REJETÉ – À REPRENDRE",IF(AL145="","À RADIOGRAPHIER",IF(AL145="A","ACCEPTÉ",IF(AL145="NX","NX – RT À REFAIRE",IF(IF(AK145=1,Z145,IF(AK145=2,AE145,""))="A","RÉPARÉ – À RADIOGRAPHIER",IF(IF(AK145=1,Z145,IF(AK145=2,AE145,""))="R","VT REJETÉ – À REPRENDRE",IF(OR(AL145="CO",AL145="NT"),"COUPE – À RESOUDER","À RÉPARER")))))))))) -> ACCEPTÉ | AN145: =IF(AND(ISNUMBER(R145),OR(AM145="À RADIOGRAPHIER",AM145="RÉPARÉ – À RADIOGRAPHIER",AM145="NX – RT À REFAIRE",AM145="À RÉPARER",AM145="COUPE – À RESOUDER",AM145="VT REJETÉ – À REPRENDRE")),MAX(0,'PROGRAMME RT'!$C$4-R145),"") | AO145: =IF(AND(OR(AM145="À RADIOGRAPHIER",AM145="RÉPARÉ – À RADIOGRAPHIER",AM145="NX – RT À REFAIRE"),OR('PROGRAMME RT'!$D$5="TOUTES",B145='PROGRAMME RT'!$D$5)),1,0) -> 0 | AP145: =IF(AO145=1,SUM(AO$7:AO145),"") | AQ145: =IF(AND(OR(X145="R",X145="NX",X145="NT",X145="CO"),OR('JOINTS DE RÉPARATION'!$D$5="TOUTES",B145='JOINTS DE RÉPARATION'!$D$5),OR('JOINTS DE RÉPARATION'!$L$4="TOUS",AM145<>"ACCEPTÉ")),1,0) -> 0 | AR145: =IF(AQ145=1,SUM(AQ$7:AQ145),"")
A146: =IF(E146="","",ROW()-6) -> 140 | B146: TFT 716 → TL7-MMFW2 | C146: 05 | D146: 1.00 | E146: JN°139 | F146: A | G146: 6" | H146: 11 | I146: API 5L_X60 | J146: TFT-PPL-06 | K146: Z69205 | L146: =IF(K146="","",IFERROR(INDEX(BARDAGE!$C$7:$C$1506,MATCH(K146,BARDAGE!$B$7:$B$1506,0)),"? hors registre")) -> 24803578 | M146: b00510 | N146: =IF(M146="","",IFERROR(INDEX(BARDAGE!$C$7:$C$1506,MATCH(M146,BARDAGE!$B$7:$B$1506,0)),"? hors registre")) -> 24212332 | O146: WR-10 | P146: WR-10 | Q146: WR-09 | R146: 45890 | S146: 45890 | T146: VT-015 | U146: A | V146: 45895 | W146: L-RT-11 | X146: A | AK146: =IF(E146="","",(X146<>"")+(AC146<>"")+(AH146<>"")) -> 1 | AL146: =IF(AH146<>"",AH146,IF(AC146<>"",AC146,IF(X146<>"",X146,""))) -> A | AM146: =IF(E146="","",IF(R146="","À SOUDER",IF(U146="","VT EN ATTENTE",IF(U146="R","VT REJETÉ – À REPRENDRE",IF(AL146="","À RADIOGRAPHIER",IF(AL146="A","ACCEPTÉ",IF(AL146="NX","NX – RT À REFAIRE",IF(IF(AK146=1,Z146,IF(AK146=2,AE146,""))="A","RÉPARÉ – À RADIOGRAPHIER",IF(IF(AK146=1,Z146,IF(AK146=2,AE146,""))="R","VT REJETÉ – À REPRENDRE",IF(OR(AL146="CO",AL146="NT"),"COUPE – À RESOUDER","À RÉPARER")))))))))) -> ACCEPTÉ | AN146: =IF(AND(ISNUMBER(R146),OR(AM146="À RADIOGRAPHIER",AM146="RÉPARÉ – À RADIOGRAPHIER",AM146="NX – RT À REFAIRE",AM146="À RÉPARER",AM146="COUPE – À RESOUDER",AM146="VT REJETÉ – À REPRENDRE")),MAX(0,'PROGRAMME RT'!$C$4-R146),"") | AO146: =IF(AND(OR(AM146="À RADIOGRAPHIER",AM146="RÉPARÉ – À RADIOGRAPHIER",AM146="NX – RT À REFAIRE"),OR('PROGRAMME RT'!$D$5="TOUTES",B146='PROGRAMME RT'!$D$5)),1,0) -> 0 | AP146: =IF(AO146=1,SUM(AO$7:AO146),"") | AQ146: =IF(AND(OR(X146="R",X146="NX",X146="NT",X146="CO"),OR('JOINTS DE RÉPARATION'!$D$5="TOUTES",B146='JOINTS DE RÉPARATION'!$D$5),OR('JOINTS DE RÉPARATION'!$L$4="TOUS",AM146<>"ACCEPTÉ")),1,0) -> 0 | AR146: =IF(AQ146=1,SUM(AQ$7:AQ146),"")
A147: =IF(E147="","",ROW()-6) -> 141 | B147: TFT 716 → TL7-MMFW2 | D147: 1.00 | E147: JN°140Racc | F147: D | G147: 6" | H147: 11 | I147: API 5L_X60 | J147: TFT-PPL-06 | K147: b00510 | L147: =IF(K147="","",IFERROR(INDEX(BARDAGE!$C$7:$C$1506,MATCH(K147,BARDAGE!$B$7:$B$1506,0)),"? hors registre")) -> 24212332 | M147: b01054 | N147: =IF(M147="","",IFERROR(INDEX(BARDAGE!$C$7:$C$1506,MATCH(M147,BARDAGE!$B$7:$B$1506,0)),"? hors registre")) -> 21212327 | O147: WR-09 | P147: WR-09 | Q147: WR-09 | R147: 45912 | S147: 45912 | T147: VT-024 | U147: A | AK147: =IF(E147="","",(X147<>"")+(AC147<>"")+(AH147<>"")) -> 0 | AL147: =IF(AH147<>"",AH147,IF(AC147<>"",AC147,IF(X147<>"",X147,""))) | AM147: =IF(E147="","",IF(R147="","À SOUDER",IF(U147="","VT EN ATTENTE",IF(U147="R","VT REJETÉ – À REPRENDRE",IF(AL147="","À RADIOGRAPHIER",IF(AL147="A","ACCEPTÉ",IF(AL147="NX","NX – RT À REFAIRE",IF(IF(AK147=1,Z147,IF(AK147=2,AE147,""))="A","RÉPARÉ – À RADIOGRAPHIER",IF(IF(AK147=1,Z147,IF(AK147=2,AE147,""))="R","VT REJETÉ – À REPRENDRE",IF(OR(AL147="CO",AL147="NT"),"COUPE – À RESOUDER","À RÉPARER")))))))))) -> À RADIOGRAPHIER | AN147: =IF(AND(ISNUMBER(R147),OR(AM147="À RADIOGRAPHIER",AM147="RÉPARÉ – À RADIOGRAPHIER",AM147="NX – RT À REFAIRE",AM147="À RÉPARER",AM147="COUPE – À RESOUDER",AM147="VT REJETÉ – À REPRENDRE")),MAX(0,'PROGRAMME RT'!$C$4-R147),"") -> 381 | AO147: =IF(AND(OR(AM147="À RADIOGRAPHIER",AM147="RÉPARÉ – À RADIOGRAPHIER",AM147="NX – RT À REFAIRE"),OR('PROGRAMME RT'!$D$5="TOUTES",B147='PROGRAMME RT'!$D$5)),1,0) -> 1 | AP147: =IF(AO147=1,SUM(AO$7:AO147),"") -> 3 | AQ147: =IF(AND(OR(X147="R",X147="NX",X147="NT",X147="CO"),OR('JOINTS DE RÉPARATION'!$D$5="TOUTES",B147='JOINTS DE RÉPARATION'!$D$5),OR('JOINTS DE RÉPARATION'!$L$4="TOUS",AM147<>"ACCEPTÉ")),1,0) -> 0 | AR147: =IF(AQ147=1,SUM(AQ$7:AQ147),"")
A148: =IF(E148="","",ROW()-6) -> 142 | B148: TFT 716 → TL7-MMFW2 | C148: 06 | D148: 1.00 | E148: JN°141 | F148: D | G148: 6" | H148: 11 | I148: API 5L_X60 | J148: TFT-PPL-05 | K148: b01054 | L148: =IF(K148="","",IFERROR(INDEX(BARDAGE!$C$7:$C$1506,MATCH(K148,BARDAGE!$B$7:$B$1506,0)),"? hors registre")) -> 21212327 | M148: Z70233 | N148: =IF(M148="","",IFERROR(INDEX(BARDAGE!$C$7:$C$1506,MATCH(M148,BARDAGE!$B$7:$B$1506,0)),"? hors registre")) -> 24803579 | O148: WR-05 | P148: WR-05 | Q148: WR-10 | R148: 45886 | S148: 45886 | T148: VT-011 | U148: A | V148: 45895 | W148: L-RT-11 | X148: A | AK148: =IF(E148="","",(X148<>"")+(AC148<>"")+(AH148<>"")) -> 1 | AL148: =IF(AH148<>"",AH148,IF(AC148<>"",AC148,IF(X148<>"",X148,""))) -> A | AM148: =IF(E148="","",IF(R148="","À SOUDER",IF(U148="","VT EN ATTENTE",IF(U148="R","VT REJETÉ – À REPRENDRE",IF(AL148="","À RADIOGRAPHIER",IF(AL148="A","ACCEPTÉ",IF(AL148="NX","NX – RT À REFAIRE",IF(IF(AK148=1,Z148,IF(AK148=2,AE148,""))="A","RÉPARÉ – À RADIOGRAPHIER",IF(IF(AK148=1,Z148,IF(AK148=2,AE148,""))="R","VT REJETÉ – À REPRENDRE",IF(OR(AL148="CO",AL148="NT"),"COUPE – À RESOUDER","À RÉPARER")))))))))) -> ACCEPTÉ | AN148: =IF(AND(ISNUMBER(R148),OR(AM148="À RADIOGRAPHIER",AM148="RÉPARÉ – À RADIOGRAPHIER",AM148="NX – RT À REFAIRE",AM148="À RÉPARER",AM148="COUPE – À RESOUDER",AM148="VT REJETÉ – À REPRENDRE")),MAX(0,'PROGRAMME RT'!$C$4-R148),"") | AO148: =IF(AND(OR(AM148="À RADIOGRAPHIER",AM148="RÉPARÉ – À RADIOGRAPHIER",AM148="NX – RT À REFAIRE"),OR('PROGRAMME RT'!$D$5="TOUTES",B148='PROGRAMME RT'!$D$5)),1,0) -> 0 | AP148: =IF(AO148=1,SUM(AO$7:AO148),"") | AQ148: =IF(AND(OR(X148="R",X148="NX",X148="NT",X148="CO"),OR('JOINTS DE RÉPARATION'!$D$5="TOUTES",B148='JOINTS DE RÉPARATION'!$D$5),OR('JOINTS DE RÉPARATION'!$L$4="TOUS",AM148<>"ACCEPTÉ")),1,0) -> 0 | AR148: =IF(AQ148=1,SUM(AQ$7:AQ148),"")
A149: =IF(E149="","",ROW()-6) -> 143 | B149: TFT 716 → TL7-MMFW2 | D149: 1.00 | E149: JN°142 | F149: D | G149: 6" | H149: 11 | I149: API 5L_X60 | J149: TFT-PPL-06 | K149: Z70233 | L149: =IF(K149="","",IFERROR(INDEX(BARDAGE!$C$7:$C$1506,MATCH(K149,BARDAGE!$B$7:$B$1506,0)),"? hors registre")) -> 24803579 | M149: b00509 | N149: =IF(M149="","",IFERROR(INDEX(BARDAGE!$C$7:$C$1506,MATCH(M149,BARDAGE!$B$7:$B$1506,0)),"? hors registre")) -> 24212332 | O149: WR-02 | P149: WR-02 | Q149: WR-02 | R149: 45912 | S149: 45912 | T149: VT-024 | U149: A | AK149: =IF(E149="","",(X149<>"")+(AC149<>"")+(AH149<>"")) -> 0 | AL149: =IF(AH149<>"",AH149,IF(AC149<>"",AC149,IF(X149<>"",X149,""))) | AM149: =IF(E149="","",IF(R149="","À SOUDER",IF(U149="","VT EN ATTENTE",IF(U149="R","VT REJETÉ – À REPRENDRE",IF(AL149="","À RADIOGRAPHIER",IF(AL149="A","ACCEPTÉ",IF(AL149="NX","NX – RT À REFAIRE",IF(IF(AK149=1,Z149,IF(AK149=2,AE149,""))="A","RÉPARÉ – À RADIOGRAPHIER",IF(IF(AK149=1,Z149,IF(AK149=2,AE149,""))="R","VT REJETÉ – À REPRENDRE",IF(OR(AL149="CO",AL149="NT"),"COUPE – À RESOUDER","À RÉPARER")))))))))) -> À RADIOGRAPHIER | AN149: =IF(AND(ISNUMBER(R149),OR(AM149="À RADIOGRAPHIER",AM149="RÉPARÉ – À RADIOGRAPHIER",AM149="NX – RT À REFAIRE",AM149="À RÉPARER",AM149="COUPE – À RESOUDER",AM149="VT REJETÉ – À REPRENDRE")),MAX(0,'PROGRAMME RT'!$C$4-R149),"") -> 381 | AO149: =IF(AND(OR(AM149="À RADIOGRAPHIER",AM149="RÉPARÉ – À RADIOGRAPHIER",AM149="NX – RT À REFAIRE"),OR('PROGRAMME RT'!$D$5="TOUTES",B149='PROGRAMME RT'!$D$5)),1,0) -> 1 | AP149: =IF(AO149=1,SUM(AO$7:AO149),"") -> 4 | AQ149: =IF(AND(OR(X149="R",X149="NX",X149="NT",X149="CO"),OR('JOINTS DE RÉPARATION'!$D$5="TOUTES",B149='JOINTS DE RÉPARATION'!$D$5),OR('JOINTS DE RÉPARATION'!$L$4="TOUS",AM149<>"ACCEPTÉ")),1,0) -> 0 | AR149: =IF(AQ149=1,SUM(AQ$7:AQ149),"")
A150: =IF(E150="","",ROW()-6) -> 144 | B150: TFT 716 → TL7-MMFW2 | D150: 1.00 | E150: JN°142 A | F150: D | G150: 6" | H150: 11 | I150: API 5L_X60 | J150: TFT-PPL-06 | K150: b00509 | L150: =IF(K150="","",IFERROR(INDEX(BARDAGE!$C$7:$C$1506,MATCH(K150,BARDAGE!$B$7:$B$1506,0)),"? hors registre")) -> 24212332 | M150: Z69288 | N150: =IF(M150="","",IFERROR(INDEX(BARDAGE!$C$7:$C$1506,MATCH(M150,BARDAGE!$B$7:$B$1506,0)),"? hors registre")) -> 24803596 | O150: WR-02 | P150: WR-02 | Q150: WR-02 | R150: 45913 | S150: 45913 | T150: VT-025 | U150: A | AK150: =IF(E150="","",(X150<>"")+(AC150<>"")+(AH150<>"")) -> 0 | AL150: =IF(AH150<>"",AH150,IF(AC150<>"",AC150,IF(X150<>"",X150,""))) | AM150: =IF(E150="","",IF(R150="","À SOUDER",IF(U150="","VT EN ATTENTE",IF(U150="R","VT REJETÉ – À REPRENDRE",IF(AL150="","À RADIOGRAPHIER",IF(AL150="A","ACCEPTÉ",IF(AL150="NX","NX – RT À REFAIRE",IF(IF(AK150=1,Z150,IF(AK150=2,AE150,""))="A","RÉPARÉ – À RADIOGRAPHIER",IF(IF(AK150=1,Z150,IF(AK150=2,AE150,""))="R","VT REJETÉ – À REPRENDRE",IF(OR(AL150="CO",AL150="NT"),"COUPE – À RESOUDER","À RÉPARER")))))))))) -> À RADIOGRAPHIER | AN150: =IF(AND(ISNUMBER(R150),OR(AM150="À RADIOGRAPHIER",AM150="RÉPARÉ – À RADIOGRAPHIER",AM150="NX – RT À REFAIRE",AM150="À RÉPARER",AM150="COUPE – À RESOUDER",AM150="VT REJETÉ – À REPRENDRE")),MAX(0,'PROGRAMME RT'!$C$4-R150),"") -> 380 | AO150: =IF(AND(OR(AM150="À RADIOGRAPHIER",AM150="RÉPARÉ – À RADIOGRAPHIER",AM150="NX – RT À REFAIRE"),OR('PROGRAMME RT'!$D$5="TOUTES",B150='PROGRAMME RT'!$D$5)),1,0) -> 1 | AP150: =IF(AO150=1,SUM(AO$7:AO150),"") -> 5 | AQ150: =IF(AND(OR(X150="R",X150="NX",X150="NT",X150="CO"),OR('JOINTS DE RÉPARATION'!$D$5="TOUTES",B150='JOINTS DE RÉPARATION'!$D$5),OR('JOINTS DE RÉPARATION'!$L$4="TOUS",AM150<>"ACCEPTÉ")),1,0) -> 0 | AR150: =IF(AQ150=1,SUM(AQ$7:AQ150),"")
A151: =IF(E151="","",ROW()-6) -> 145 | B151: TFT 716 → TL7-MMFW2 | D151: 1.00 | E151: JN°142 B | F151: D | G151: 6" | H151: 11 | I151: API 5L_X60 | J151: TFT-PPL-06 | K151: Z69288 | L151: =IF(K151="","",IFERROR(INDEX(BARDAGE!$C$7:$C$1506,MATCH(K151,BARDAGE!$B$7:$B$1506,0)),"? hors registre")) -> 24803596 | M151: Z69173 | N151: =IF(M151="","",IFERROR(INDEX(BARDAGE!$C$7:$C$1506,MATCH(M151,BARDAGE!$B$7:$B$1506,0)),"? hors registre")) -> 24803578 | O151: WR-09 | P151: WR-09 | Q151: WR-09 | R151: 45913 | S151: 45913 | T151: VT-025 | U151: A | AK151: =IF(E151="","",(X151<>"")+(AC151<>"")+(AH151<>"")) -> 0 | AL151: =IF(AH151<>"",AH151,IF(AC151<>"",AC151,IF(X151<>"",X151,""))) | AM151: =IF(E151="","",IF(R151="","À SOUDER",IF(U151="","VT EN ATTENTE",IF(U151="R","VT REJETÉ – À REPRENDRE",IF(AL151="","À RADIOGRAPHIER",IF(AL151="A","ACCEPTÉ",IF(AL151="NX","NX – RT À REFAIRE",IF(IF(AK151=1,Z151,IF(AK151=2,AE151,""))="A","RÉPARÉ – À RADIOGRAPHIER",IF(IF(AK151=1,Z151,IF(AK151=2,AE151,""))="R","VT REJETÉ – À REPRENDRE",IF(OR(AL151="CO",AL151="NT"),"COUPE – À RESOUDER","À RÉPARER")))))))))) -> À RADIOGRAPHIER | AN151: =IF(AND(ISNUMBER(R151),OR(AM151="À RADIOGRAPHIER",AM151="RÉPARÉ – À RADIOGRAPHIER",AM151="NX – RT À REFAIRE",AM151="À RÉPARER",AM151="COUPE – À RESOUDER",AM151="VT REJETÉ – À REPRENDRE")),MAX(0,'PROGRAMME RT'!$C$4-R151),"") -> 380 | AO151: =IF(AND(OR(AM151="À RADIOGRAPHIER",AM151="RÉPARÉ – À RADIOGRAPHIER",AM151="NX – RT À REFAIRE"),OR('PROGRAMME RT'!$D$5="TOUTES",B151='PROGRAMME RT'!$D$5)),1,0) -> 1 | AP151: =IF(AO151=1,SUM(AO$7:AO151),"") -> 6 | AQ151: =IF(AND(OR(X151="R",X151="NX",X151="NT",X151="CO"),OR('JOINTS DE RÉPARATION'!$D$5="TOUTES",B151='JOINTS DE RÉPARATION'!$D$5),OR('JOINTS DE RÉPARATION'!$L$4="TOUS",AM151<>"ACCEPTÉ")),1,0) -> 0 | AR151: =IF(AQ151=1,SUM(AQ$7:AQ151),"")
A152: =IF(E152="","",ROW()-6) -> 146 | B152: TFT 716 → TL7-MMFW2 | D152: 1.00 | E152: JN°143Racc | F152: D | G152: 6" | H152: 11 | I152: API 5L_X60 | J152: TFT-PPL-06 | K152: Z69173 | L152: =IF(K152="","",IFERROR(INDEX(BARDAGE!$C$7:$C$1506,MATCH(K152,BARDAGE!$B$7:$B$1506,0)),"? hors registre")) -> 24803578 | M152: Z70235 | N152: =IF(M152="","",IFERROR(INDEX(BARDAGE!$C$7:$C$1506,MATCH(M152,BARDAGE!$B$7:$B$1506,0)),"? hors registre")) -> 24803579 | O152: WR-02 | P152: WR-02 | Q152: WR-02 | R152: 45913 | S152: 45913 | T152: VT-025 | U152: A | AK152: =IF(E152="","",(X152<>"")+(AC152<>"")+(AH152<>"")) -> 0 | AL152: =IF(AH152<>"",AH152,IF(AC152<>"",AC152,IF(X152<>"",X152,""))) | AM152: =IF(E152="","",IF(R152="","À SOUDER",IF(U152="","VT EN ATTENTE",IF(U152="R","VT REJETÉ – À REPRENDRE",IF(AL152="","À RADIOGRAPHIER",IF(AL152="A","ACCEPTÉ",IF(AL152="NX","NX – RT À REFAIRE",IF(IF(AK152=1,Z152,IF(AK152=2,AE152,""))="A","RÉPARÉ – À RADIOGRAPHIER",IF(IF(AK152=1,Z152,IF(AK152=2,AE152,""))="R","VT REJETÉ – À REPRENDRE",IF(OR(AL152="CO",AL152="NT"),"COUPE – À RESOUDER","À RÉPARER")))))))))) -> À RADIOGRAPHIER | AN152: =IF(AND(ISNUMBER(R152),OR(AM152="À RADIOGRAPHIER",AM152="RÉPARÉ – À RADIOGRAPHIER",AM152="NX – RT À REFAIRE",AM152="À RÉPARER",AM152="COUPE – À RESOUDER",AM152="VT REJETÉ – À REPRENDRE")),MAX(0,'PROGRAMME RT'!$C$4-R152),"") -> 380 | AO152: =IF(AND(OR(AM152="À RADIOGRAPHIER",AM152="RÉPARÉ – À RADIOGRAPHIER",AM152="NX – RT À REFAIRE"),OR('PROGRAMME RT'!$D$5="TOUTES",B152='PROGRAMME RT'!$D$5)),1,0) -> 1 | AP152: =IF(AO152=1,SUM(AO$7:AO152),"") -> 7 | AQ152: =IF(AND(OR(X152="R",X152="NX",X152="NT",X152="CO"),OR('JOINTS DE RÉPARATION'!$D$5="TOUTES",B152='JOINTS DE RÉPARATION'!$D$5),OR('JOINTS DE RÉPARATION'!$L$4="TOUS",AM152<>"ACCEPTÉ")),1,0) -> 0 | AR152: =IF(AQ152=1,SUM(AQ$7:AQ152),"")
A153: =IF(E153="","",ROW()-6) -> 147 | B153: TFT 716 → TL7-MMFW2 | C153: 07 | D153: 1.00 | E153: JN°144 | F153: D | G153: 6" | H153: 11 | I153: API 5L_X60 | J153: TFT-PPL-05 | K153: Z70235 | L153: =IF(K153="","",IFERROR(INDEX(BARDAGE!$C$7:$C$1506,MATCH(K153,BARDAGE!$B$7:$B$1506,0)),"? hors registre")) -> 24803579 | M153: Z69714 | N153: =IF(M153="","",IFERROR(INDEX(BARDAGE!$C$7:$C$1506,MATCH(M153,BARDAGE!$B$7:$B$1506,0)),"? hors registre")) -> 24803581 | O153: WR-05 | P153: WR-05 | Q153: WR-06 | R153: 45886 | S153: 45886 | T153: VT-011 | U153: A | V153: 45895 | W153: L-RT-11 | X153: A | AK153: =IF(E153="","",(X153<>"")+(AC153<>"")+(AH153<>"")) -> 1 | AL153: =IF(AH153<>"",AH153,IF(AC153<>"",AC153,IF(X153<>"",X153,""))) -> A | AM153: =IF(E153="","",IF(R153="","À SOUDER",IF(U153="","VT EN ATTENTE",IF(U153="R","VT REJETÉ – À REPRENDRE",IF(AL153="","À RADIOGRAPHIER",IF(AL153="A","ACCEPTÉ",IF(AL153="NX","NX – RT À REFAIRE",IF(IF(AK153=1,Z153,IF(AK153=2,AE153,""))="A","RÉPARÉ – À RADIOGRAPHIER",IF(IF(AK153=1,Z153,IF(AK153=2,AE153,""))="R","VT REJETÉ – À REPRENDRE",IF(OR(AL153="CO",AL153="NT"),"COUPE – À RESOUDER","À RÉPARER")))))))))) -> ACCEPTÉ | AN153: =IF(AND(ISNUMBER(R153),OR(AM153="À RADIOGRAPHIER",AM153="RÉPARÉ – À RADIOGRAPHIER",AM153="NX – RT À REFAIRE",AM153="À RÉPARER",AM153="COUPE – À RESOUDER",AM153="VT REJETÉ – À REPRENDRE")),MAX(0,'PROGRAMME RT'!$C$4-R153),"") | AO153: =IF(AND(OR(AM153="À RADIOGRAPHIER",AM153="RÉPARÉ – À RADIOGRAPHIER",AM153="NX – RT À REFAIRE"),OR('PROGRAMME RT'!$D$5="TOUTES",B153='PROGRAMME RT'!$D$5)),1,0) -> 0 | AP153: =IF(AO153=1,SUM(AO$7:AO153),"") | AQ153: =IF(AND(OR(X153="R",X153="NX",X153="NT",X153="CO"),OR('JOINTS DE RÉPARATION'!$D$5="TOUTES",B153='JOINTS DE RÉPARATION'!$D$5),OR('JOINTS DE RÉPARATION'!$L$4="TOUS",AM153<>"ACCEPTÉ")),1,0) -> 0 | AR153: =IF(AQ153=1,SUM(AQ$7:AQ153),"")
A154: =IF(E154="","",ROW()-6) -> 148 | B154: TFT 716 → TL7-MMFW2 | C154: 07 | D154: 1.00 | E154: JN°145 | F154: D | G154: 6" | H154: 11 | I154: API 5L_X60 | J154: TFT-PPL-05 | K154: Z69714 | L154: =IF(K154="","",IFERROR(INDEX(BARDAGE!$C$7:$C$1506,MATCH(K154,BARDAGE!$B$7:$B$1506,0)),"? hors registre")) -> 24803581 | M154: Z69171 | N154: =IF(M154="","",IFERROR(INDEX(BARDAGE!$C$7:$C$1506,MATCH(M154,BARDAGE!$B$7:$B$1506,0)),"? hors registre")) -> 24803578 | O154: WR-05 | P154: WR-05 | Q154: WR-10 | R154: 45886 | S154: 45886 | T154: VT-011 | U154: A | V154: 45895 | W154: L-RT-11 | X154: A | AK154: =IF(E154="","",(X154<>"")+(AC154<>"")+(AH154<>"")) -> 1 | AL154: =IF(AH154<>"",AH154,IF(AC154<>"",AC154,IF(X154<>"",X154,""))) -> A | AM154: =IF(E154="","",IF(R154="","À SOUDER",IF(U154="","VT EN ATTENTE",IF(U154="R","VT REJETÉ – À REPRENDRE",IF(AL154="","À RADIOGRAPHIER",IF(AL154="A","ACCEPTÉ",IF(AL154="NX","NX – RT À REFAIRE",IF(IF(AK154=1,Z154,IF(AK154=2,AE154,""))="A","RÉPARÉ – À RADIOGRAPHIER",IF(IF(AK154=1,Z154,IF(AK154=2,AE154,""))="R","VT REJETÉ – À REPRENDRE",IF(OR(AL154="CO",AL154="NT"),"COUPE – À RESOUDER","À RÉPARER")))))))))) -> ACCEPTÉ | AN154: =IF(AND(ISNUMBER(R154),OR(AM154="À RADIOGRAPHIER",AM154="RÉPARÉ – À RADIOGRAPHIER",AM154="NX – RT À REFAIRE",AM154="À RÉPARER",AM154="COUPE – À RESOUDER",AM154="VT REJETÉ – À REPRENDRE")),MAX(0,'PROGRAMME RT'!$C$4-R154),"") | AO154: =IF(AND(OR(AM154="À RADIOGRAPHIER",AM154="RÉPARÉ – À RADIOGRAPHIER",AM154="NX – RT À REFAIRE"),OR('PROGRAMME RT'!$D$5="TOUTES",B154='PROGRAMME RT'!$D$5)),1,0) -> 0 | AP154: =IF(AO154=1,SUM(AO$7:AO154),"") | AQ154: =IF(AND(OR(X154="R",X154="NX",X154="NT",X154="CO"),OR('JOINTS DE RÉPARATION'!$D$5="TOUTES",B154='JOINTS DE RÉPARATION'!$D$5),OR('JOINTS DE RÉPARATION'!$L$4="TOUS",AM154<>"ACCEPTÉ")),1,0) -> 0 | AR154: =IF(AQ154=1,SUM(AQ$7:AQ154),"")
A155: =IF(E155="","",ROW()-6) -> 149 | B155: TFT 716 → TL7-MMFW2 | C155: 07 | D155: 1.00 | E155: JN°146 | F155: D | G155: 6" | H155: 11 | I155: API 5L_X60 | J155: TFT-PPL-05 | K155: Z69171 | L155: =IF(K155="","",IFERROR(INDEX(BARDAGE!$C$7:$C$1506,MATCH(K155,BARDAGE!$B$7:$B$1506,0)),"? hors registre")) -> 24803578 | M155: Z69172 | N155: =IF(M155="","",IFERROR(INDEX(BARDAGE!$C$7:$C$1506,MATCH(M155,BARDAGE!$B$7:$B$1506,0)),"? hors registre")) -> 24803578 | O155: WR-05 | P155: WR-05 | Q155: WR-10 | R155: 45886 | S155: 45886 | T155: VT-011 | U155: A | V155: 45895 | W155: L-RT-11 | X155: A | AK155: =IF(E155="","",(X155<>"")+(AC155<>"")+(AH155<>"")) -> 1 | AL155: =IF(AH155<>"",AH155,IF(AC155<>"",AC155,IF(X155<>"",X155,""))) -> A | AM155: =IF(E155="","",IF(R155="","À SOUDER",IF(U155="","VT EN ATTENTE",IF(U155="R","VT REJETÉ – À REPRENDRE",IF(AL155="","À RADIOGRAPHIER",IF(AL155="A","ACCEPTÉ",IF(AL155="NX","NX – RT À REFAIRE",IF(IF(AK155=1,Z155,IF(AK155=2,AE155,""))="A","RÉPARÉ – À RADIOGRAPHIER",IF(IF(AK155=1,Z155,IF(AK155=2,AE155,""))="R","VT REJETÉ – À REPRENDRE",IF(OR(AL155="CO",AL155="NT"),"COUPE – À RESOUDER","À RÉPARER")))))))))) -> ACCEPTÉ | AN155: =IF(AND(ISNUMBER(R155),OR(AM155="À RADIOGRAPHIER",AM155="RÉPARÉ – À RADIOGRAPHIER",AM155="NX – RT À REFAIRE",AM155="À RÉPARER",AM155="COUPE – À RESOUDER",AM155="VT REJETÉ – À REPRENDRE")),MAX(0,'PROGRAMME RT'!$C$4-R155),"") | AO155: =IF(AND(OR(AM155="À RADIOGRAPHIER",AM155="RÉPARÉ – À RADIOGRAPHIER",AM155="NX – RT À REFAIRE"),OR('PROGRAMME RT'!$D$5="TOUTES",B155='PROGRAMME RT'!$D$5)),1,0) -> 0 | AP155: =IF(AO155=1,SUM(AO$7:AO155),"") | AQ155: =IF(AND(OR(X155="R",X155="NX",X155="NT",X155="CO"),OR('JOINTS DE RÉPARATION'!$D$5="TOUTES",B155='JOINTS DE RÉPARATION'!$D$5),OR('JOINTS DE RÉPARATION'!$L$4="TOUS",AM155<>"ACCEPTÉ")),1,0) -> 0 | AR155: =IF(AQ155=1,SUM(AQ$7:AQ155),"")
A156: =IF(E156="","",ROW()-6) -> 150 | B156: TFT 716 → TL7-MMFW2 | C156: 07 | D156: 1.00 | E156: JN°147 | F156: D | G156: 6" | H156: 11 | I156: API 5L_X60 | J156: TFT-PPL-05 | K156: Z69172 | L156: =IF(K156="","",IFERROR(INDEX(BARDAGE!$C$7:$C$1506,MATCH(K156,BARDAGE!$B$7:$B$1506,0)),"? hors registre")) -> 24803578 | M156: Z69175 | N156: =IF(M156="","",IFERROR(INDEX(BARDAGE!$C$7:$C$1506,MATCH(M156,BARDAGE!$B$7:$B$1506,0)),"? hors registre")) -> 24803578 | O156: WR-05 | P156: WR-05 | Q156: WR-06 | R156: 45886 | S156: 45886 | T156: VT-011 | U156: A | V156: 45895 | W156: L-RT-11 | X156: A | AK156: =IF(E156="","",(X156<>"")+(AC156<>"")+(AH156<>"")) -> 1 | AL156: =IF(AH156<>"",AH156,IF(AC156<>"",AC156,IF(X156<>"",X156,""))) -> A | AM156: =IF(E156="","",IF(R156="","À SOUDER",IF(U156="","VT EN ATTENTE",IF(U156="R","VT REJETÉ – À REPRENDRE",IF(AL156="","À RADIOGRAPHIER",IF(AL156="A","ACCEPTÉ",IF(AL156="NX","NX – RT À REFAIRE",IF(IF(AK156=1,Z156,IF(AK156=2,AE156,""))="A","RÉPARÉ – À RADIOGRAPHIER",IF(IF(AK156=1,Z156,IF(AK156=2,AE156,""))="R","VT REJETÉ – À REPRENDRE",IF(OR(AL156="CO",AL156="NT"),"COUPE – À RESOUDER","À RÉPARER")))))))))) -> ACCEPTÉ | AN156: =IF(AND(ISNUMBER(R156),OR(AM156="À RADIOGRAPHIER",AM156="RÉPARÉ – À RADIOGRAPHIER",AM156="NX – RT À REFAIRE",AM156="À RÉPARER",AM156="COUPE – À RESOUDER",AM156="VT REJETÉ – À REPRENDRE")),MAX(0,'PROGRAMME RT'!$C$4-R156),"") | AO156: =IF(AND(OR(AM156="À RADIOGRAPHIER",AM156="RÉPARÉ – À RADIOGRAPHIER",AM156="NX – RT À REFAIRE"),OR('PROGRAMME RT'!$D$5="TOUTES",B156='PROGRAMME RT'!$D$5)),1,0) -> 0 | AP156: =IF(AO156=1,SUM(AO$7:AO156),"") | AQ156: =IF(AND(OR(X156="R",X156="NX",X156="NT",X156="CO"),OR('JOINTS DE RÉPARATION'!$D$5="TOUTES",B156='JOINTS DE RÉPARATION'!$D$5),OR('JOINTS DE RÉPARATION'!$L$4="TOUS",AM156<>"ACCEPTÉ")),1,0) -> 0 | AR156: =IF(AQ156=1,SUM(AQ$7:AQ156),"")
A157: =IF(E157="","",ROW()-6) -> 151 | B157: TFT 716 → TL7-MMFW2 | C157: 07 | D157: 1.00 | E157: JN°148 | F157: D | G157: 6" | H157: 11 | I157: API 5L_X60 | J157: TFT-PPL-05 | K157: Z69175 | L157: =IF(K157="","",IFERROR(INDEX(BARDAGE!$C$7:$C$1506,MATCH(K157,BARDAGE!$B$7:$B$1506,0)),"? hors registre")) -> 24803578 | M157: Z69204 | N157: =IF(M157="","",IFERROR(INDEX(BARDAGE!$C$7:$C$1506,MATCH(M157,BARDAGE!$B$7:$B$1506,0)),"? hors registre")) -> 24803578 | O157: WR-05 | P157: WR-05 | Q157: WR-02 | R157: 45886 | S157: 45886 | T157: VT-011 | U157: A | V157: 45895 | W157: L-RT-11 | X157: A | AK157: =IF(E157="","",(X157<>"")+(AC157<>"")+(AH157<>"")) -> 1 | AL157: =IF(AH157<>"",AH157,IF(AC157<>"",AC157,IF(X157<>"",X157,""))) -> A | AM157: =IF(E157="","",IF(R157="","À SOUDER",IF(U157="","VT EN ATTENTE",IF(U157="R","VT REJETÉ – À REPRENDRE",IF(AL157="","À RADIOGRAPHIER",IF(AL157="A","ACCEPTÉ",IF(AL157="NX","NX – RT À REFAIRE",IF(IF(AK157=1,Z157,IF(AK157=2,AE157,""))="A","RÉPARÉ – À RADIOGRAPHIER",IF(IF(AK157=1,Z157,IF(AK157=2,AE157,""))="R","VT REJETÉ – À REPRENDRE",IF(OR(AL157="CO",AL157="NT"),"COUPE – À RESOUDER","À RÉPARER")))))))))) -> ACCEPTÉ | AN157: =IF(AND(ISNUMBER(R157),OR(AM157="À RADIOGRAPHIER",AM157="RÉPARÉ – À RADIOGRAPHIER",AM157="NX – RT À REFAIRE",AM157="À RÉPARER",AM157="COUPE – À RESOUDER",AM157="VT REJETÉ – À REPRENDRE")),MAX(0,'PROGRAMME RT'!$C$4-R157),"") | AO157: =IF(AND(OR(AM157="À RADIOGRAPHIER",AM157="RÉPARÉ – À RADIOGRAPHIER",AM157="NX – RT À REFAIRE"),OR('PROGRAMME RT'!$D$5="TOUTES",B157='PROGRAMME RT'!$D$5)),1,0) -> 0 | AP157: =IF(AO157=1,SUM(AO$7:AO157),"") | AQ157: =IF(AND(OR(X157="R",X157="NX",X157="NT",X157="CO"),OR('JOINTS DE RÉPARATION'!$D$5="TOUTES",B157='JOINTS DE RÉPARATION'!$D$5),OR('JOINTS DE RÉPARATION'!$L$4="TOUS",AM157<>"ACCEPTÉ")),1,0) -> 0 | AR157: =IF(AQ157=1,SUM(AQ$7:AQ157),"")
A158: =IF(E158="","",ROW()-6) -> 152 | B158: TFT 716 → TL7-MMFW2 | C158: 07 | D158: 1.00 | E158: JN°149 | F158: D | G158: 6" | H158: 11 | I158: API 5L_X60 | J158: TFT-PPL-05 | K158: Z69204 | L158: =IF(K158="","",IFERROR(INDEX(BARDAGE!$C$7:$C$1506,MATCH(K158,BARDAGE!$B$7:$B$1506,0)),"? hors registre")) -> 24803578 | M158: Z72758 | N158: =IF(M158="","",IFERROR(INDEX(BARDAGE!$C$7:$C$1506,MATCH(M158,BARDAGE!$B$7:$B$1506,0)),"? hors registre")) -> 24102495 | O158: WR-05 | P158: WR-05 | Q158: WR-02 | R158: 45886 | S158: 45886 | T158: VT-011 | U158: A | V158: 45895 | W158: L-RT-11 | X158: A | AK158: =IF(E158="","",(X158<>"")+(AC158<>"")+(AH158<>"")) -> 1 | AL158: =IF(AH158<>"",AH158,IF(AC158<>"",AC158,IF(X158<>"",X158,""))) -> A | AM158: =IF(E158="","",IF(R158="","À SOUDER",IF(U158="","VT EN ATTENTE",IF(U158="R","VT REJETÉ – À REPRENDRE",IF(AL158="","À RADIOGRAPHIER",IF(AL158="A","ACCEPTÉ",IF(AL158="NX","NX – RT À REFAIRE",IF(IF(AK158=1,Z158,IF(AK158=2,AE158,""))="A","RÉPARÉ – À RADIOGRAPHIER",IF(IF(AK158=1,Z158,IF(AK158=2,AE158,""))="R","VT REJETÉ – À REPRENDRE",IF(OR(AL158="CO",AL158="NT"),"COUPE – À RESOUDER","À RÉPARER")))))))))) -> ACCEPTÉ | AN158: =IF(AND(ISNUMBER(R158),OR(AM158="À RADIOGRAPHIER",AM158="RÉPARÉ – À RADIOGRAPHIER",AM158="NX – RT À REFAIRE",AM158="À RÉPARER",AM158="COUPE – À RESOUDER",AM158="VT REJETÉ – À REPRENDRE")),MAX(0,'PROGRAMME RT'!$C$4-R158),"") | AO158: =IF(AND(OR(AM158="À RADIOGRAPHIER",AM158="RÉPARÉ – À RADIOGRAPHIER",AM158="NX – RT À REFAIRE"),OR('PROGRAMME RT'!$D$5="TOUTES",B158='PROGRAMME RT'!$D$5)),1,0) -> 0 | AP158: =IF(AO158=1,SUM(AO$7:AO158),"") | AQ158: =IF(AND(OR(X158="R",X158="NX",X158="NT",X158="CO"),OR('JOINTS DE RÉPARATION'!$D$5="TOUTES",B158='JOINTS DE RÉPARATION'!$D$5),OR('JOINTS DE RÉPARATION'!$L$4="TOUS",AM158<>"ACCEPTÉ")),1,0) -> 0 | AR158: =IF(AQ158=1,SUM(AQ$7:AQ158),"")
A159: =IF(E159="","",ROW()-6) -> 153 | B159: TFT 716 → TL7-MMFW2 | C159: 07 | D159: 1.00 | E159: JN°150 | F159: D | G159: 6" | H159: 11 | I159: API 5L_X60 | J159: TFT-PPL-05 | K159: Z72758 | L159: =IF(K159="","",IFERROR(INDEX(BARDAGE!$C$7:$C$1506,MATCH(K159,BARDAGE!$B$7:$B$1506,0)),"? hors registre")) -> 24102495 | M159: Z73583 | N159: =IF(M159="","",IFERROR(INDEX(BARDAGE!$C$7:$C$1506,MATCH(M159,BARDAGE!$B$7:$B$1506,0)),"? hors registre")) -> 24102488 | O159: WR-05 | P159: WR-05 | Q159: WR-06 | R159: 45886 | S159: 45886 | T159: VT-011 | U159: A | V159: 45895 | W159: L-RT-11 | X159: A | AK159: =IF(E159="","",(X159<>"")+(AC159<>"")+(AH159<>"")) -> 1 | AL159: =IF(AH159<>"",AH159,IF(AC159<>"",AC159,IF(X159<>"",X159,""))) -> A | AM159: =IF(E159="","",IF(R159="","À SOUDER",IF(U159="","VT EN ATTENTE",IF(U159="R","VT REJETÉ – À REPRENDRE",IF(AL159="","À RADIOGRAPHIER",IF(AL159="A","ACCEPTÉ",IF(AL159="NX","NX – RT À REFAIRE",IF(IF(AK159=1,Z159,IF(AK159=2,AE159,""))="A","RÉPARÉ – À RADIOGRAPHIER",IF(IF(AK159=1,Z159,IF(AK159=2,AE159,""))="R","VT REJETÉ – À REPRENDRE",IF(OR(AL159="CO",AL159="NT"),"COUPE – À RESOUDER","À RÉPARER")))))))))) -> ACCEPTÉ | AN159: =IF(AND(ISNUMBER(R159),OR(AM159="À RADIOGRAPHIER",AM159="RÉPARÉ – À RADIOGRAPHIER",AM159="NX – RT À REFAIRE",AM159="À RÉPARER",AM159="COUPE – À RESOUDER",AM159="VT REJETÉ – À REPRENDRE")),MAX(0,'PROGRAMME RT'!$C$4-R159),"") | AO159: =IF(AND(OR(AM159="À RADIOGRAPHIER",AM159="RÉPARÉ – À RADIOGRAPHIER",AM159="NX – RT À REFAIRE"),OR('PROGRAMME RT'!$D$5="TOUTES",B159='PROGRAMME RT'!$D$5)),1,0) -> 0 | AP159: =IF(AO159=1,SUM(AO$7:AO159),"") | AQ159: =IF(AND(OR(X159="R",X159="NX",X159="NT",X159="CO"),OR('JOINTS DE RÉPARATION'!$D$5="TOUTES",B159='JOINTS DE RÉPARATION'!$D$5),OR('JOINTS DE RÉPARATION'!$L$4="TOUS",AM159<>"ACCEPTÉ")),1,0) -> 0 | AR159: =IF(AQ159=1,SUM(AQ$7:AQ159),"")
A160: =IF(E160="","",ROW()-6) -> 154 | B160: TFT 716 → TL7-MMFW2 | C160: 07 | D160: 1.00 | E160: JN°151 | F160: D | G160: 6" | H160: 11 | I160: API 5L_X60 | J160: TFT-PPL-05 | K160: Z73583 | L160: =IF(K160="","",IFERROR(INDEX(BARDAGE!$C$7:$C$1506,MATCH(K160,BARDAGE!$B$7:$B$1506,0)),"? hors registre")) -> 24102488 | M160: Z73580 | N160: =IF(M160="","",IFERROR(INDEX(BARDAGE!$C$7:$C$1506,MATCH(M160,BARDAGE!$B$7:$B$1506,0)),"? hors registre")) -> 24102488 | O160: WR-05 | P160: WR-05 | Q160: WR-02 | R160: 45886 | S160: 45886 | T160: VT-011 | U160: A | V160: 45895 | W160: L-RT-11 | X160: A | AK160: =IF(E160="","",(X160<>"")+(AC160<>"")+(AH160<>"")) -> 1 | AL160: =IF(AH160<>"",AH160,IF(AC160<>"",AC160,IF(X160<>"",X160,""))) -> A | AM160: =IF(E160="","",IF(R160="","À SOUDER",IF(U160="","VT EN ATTENTE",IF(U160="R","VT REJETÉ – À REPRENDRE",IF(AL160="","À RADIOGRAPHIER",IF(AL160="A","ACCEPTÉ",IF(AL160="NX","NX – RT À REFAIRE",IF(IF(AK160=1,Z160,IF(AK160=2,AE160,""))="A","RÉPARÉ – À RADIOGRAPHIER",IF(IF(AK160=1,Z160,IF(AK160=2,AE160,""))="R","VT REJETÉ – À REPRENDRE",IF(OR(AL160="CO",AL160="NT"),"COUPE – À RESOUDER","À RÉPARER")))))))))) -> ACCEPTÉ | AN160: =IF(AND(ISNUMBER(R160),OR(AM160="À RADIOGRAPHIER",AM160="RÉPARÉ – À RADIOGRAPHIER",AM160="NX – RT À REFAIRE",AM160="À RÉPARER",AM160="COUPE – À RESOUDER",AM160="VT REJETÉ – À REPRENDRE")),MAX(0,'PROGRAMME RT'!$C$4-R160),"") | AO160: =IF(AND(OR(AM160="À RADIOGRAPHIER",AM160="RÉPARÉ – À RADIOGRAPHIER",AM160="NX – RT À REFAIRE"),OR('PROGRAMME RT'!$D$5="TOUTES",B160='PROGRAMME RT'!$D$5)),1,0) -> 0 | AP160: =IF(AO160=1,SUM(AO$7:AO160),"") | AQ160: =IF(AND(OR(X160="R",X160="NX",X160="NT",X160="CO"),OR('JOINTS DE RÉPARATION'!$D$5="TOUTES",B160='JOINTS DE RÉPARATION'!$D$5),OR('JOINTS DE RÉPARATION'!$L$4="TOUS",AM160<>"ACCEPTÉ")),1,0) -> 0 | AR160: =IF(AQ160=1,SUM(AQ$7:AQ160),"")
...

Sheet PV CARNET SOUDURE
D1: =PARAMÈTRES!$C$4 | S1: Code : | Z1: Calcul (ne pas modifier)
S2: Date : | Z2: =COUNTIF('CARNET DE SOUDURE'!$B$7:$B$1506,$E$5)
S3: ="Page "&$Z$4&"/"&$Z$3 | Z3: =MAX(1,ROUNDUP($Z$2/35,0))
A4: Carnet de soudure | Z4: =IF(ISNUMBER($U$5),MIN(MAX(1,INT($U$5)),$Z$3),1)
A5: Ligne / ouvrage : | E5: TFT 716 → TL7-MMFW2 | J5: Longueur TOTAL : | L5: =SUMIF(BARDAGE!$I$7:$I$1506,$E$5,BARDAGE!$F$7:$F$1506) | N5: ZONE A : | O5: =SUMPRODUCT(('CARNET DE SOUDURE'!$B$7:$B$1506=$E$5)*('CARNET DE SOUDURE'!$F$7:$F$1506="A")*SUMIF(BARDAGE!$B$7:$B$1506,'CARNET DE SOUDURE'!$K$7:$K$1506,BARDAGE!$F$7:$F$1506)) | Q5: ZONE D : | R5: =SUMPRODUCT(('CARNET DE SOUDURE'!$B$7:$B$1506=$E$5)*('CARNET DE SOUDURE'!$F$7:$F$1506="D")*SUMIF(BARDAGE!$B$7:$B$1506,'CARNET DE SOUDURE'!$K$7:$K$1506,BARDAGE!$F$7:$F$1506)) | T5: Page : | U5: 1 | V5: ="/ "&$Z$3 | Z5: ◀ Choisissez la ligne (case E5) et la page (case U5)
A6: Identification de soudure | O6: Repère soudeurs | R6: Nuance : | T6: =IFERROR(INDEX('CARNET DE SOUDURE'!$I$7:$I$1506,MATCH($E$5,'CARNET DE SOUDURE'!$B$7:$B$1506,0))&"","")
A7: Fiche tronçon N° | B7: PK N° | C7: Zone | D7: N° joint | E7: Pipe 1 | F7: N° Coulée 1 | G7: Longueur 1 | H7: Pipe 2 | I7: N° Coulée 2 | J7: Longueur 2 | K7: Ø (") | L7: EP | M7: Date de soudage | N7: WPS | O7: 1ère passe | P7: 2ème passe | Q7: B+F | R7: VT-FINAL rapport n° | S7: RT-FINAL rapport n° | T7: VT-01 rapport n° | U7: RT-01 rapport n° | V7: VT-02 rapport n° | W7: RT-02 rapport n°
