Workbook
Name Liste_BAR: OFFSET(Listes!$Q$2,0,0,MAX(1,COUNTIF(Listes!$Q$2:$Q$501,"?*")),1)
Name Liste_CIN: OFFSET(Listes!$R$2,0,0,MAX(1,COUNTIF(Listes!$R$2:$R$501,"?*")),1)
Name Liste_ENR: OFFSET(Listes!$S$2,0,0,MAX(1,COUNTIF(Listes!$S$2:$S$501,"?*")),1)
Name Liste_LIT: OFFSET(Listes!$T$2,0,0,MAX(1,COUNTIF(Listes!$T$2:$T$501,"?*")),1)
Name Liste_MEF: OFFSET(Listes!$U$2,0,0,MAX(1,COUNTIF(Listes!$U$2:$U$501,"?*")),1)
Name Liste_OUV: OFFSET(Listes!$O$2,0,0,MAX(1,COUNTIF(Listes!$O$2:$O$501,"?*")),1)
Name Liste_PIS: OFFSET(Listes!$P$2,0,0,MAX(1,COUNTIF(Listes!$P$2:$P$501,"?*")),1)
Name Liste_PRE: OFFSET(Listes!$V$2,0,0,MAX(1,COUNTIF(Listes!$V$2:$V$501,"?*")),1)
Name Liste_RFI: OFFSET(Registre!$B$2,0,0,MAX(1,COUNTA(Registre!$B$2:$B$1999)),1)

Sheet Mode d'emploi
B2: REGISTRE QA/QC – PV & RFI (sans macro)
B4: 1. Saisie
B5: • Feuille « Registre » : une ligne par inspection. Choisissez le Type, saisissez le RFI No (unique), le N° de rapport, l'ouvrage, le plan, la désignation, le tronçon et la conclusion.
B6: • Feuilles grises « Données … » / « Tubes Bardage » / « Joints Enrobage » : informations propres à certains PV (une ligne par RFI, ou une ligne par tube / joint).
B7: • Item No et points d'intervention (CST, QCI, C1, CA, TPI1, TPI2) se remplissent automatiquement selon le Type et la Désignation, d'après les ITP 21063-G0-QAQC-ITP-0053 et ITP-0051 (feuille « ITP »). Une saisie manuelle dans la cellule remplace la valeur automatique.
B8: 2. Édition
B9: • Ouvrez la feuille du PV (onglets bleus) ou la feuille « RFI » (onglet rouge).
B10: • Cliquez sur la case « RFI nº » (liste déroulante) et choisissez le RFI No : la liste ne propose que les RFI du bon type, et la fiche se remplit automatiquement.
B11: • Imprimez (Ctrl+P) ou Fichier > Exporter > PDF : la fiche tient sur une page A4.
B13: 3. Cases à cocher
B14: • La conclusion (Accepté / Rejeté / Non applicable) saisie dans le Registre coche automatiquement la bonne case.
B15: • Les points d'inspection sans colonne dédiée sont cochés « C » quand la conclusion est « Accepté » ; sinon ils restent vides pour être cochés à la main.
... B23: • Les colonnes sont au format Texte : les zéros de « 0001 » sont conservés.

Sheet Registre
A1: Type | B1: RFI No | C1: N° Rapport | D1: Date d'inspection | E1: Ouvrage | F1: Plan nº | G1: Désignation | H1: Tronçon N° | I1: Joint début | J1: Joint fin | K1: PK début | L1: PK fin | M1: Longueur (ml) | N1: Conclusion | O1: Remarques | P1: Discipline (RFI) | Q1: Lieu (RFI) – vide = Ouvrage | R1: Item No (RFI) | S1: Heure (RFI) | T1: Description (RFI) – vide = Désignation | U1: CST | V1: QCI | W1: C1 | X1: CA | Y1: TPI1 | Z1: TPI2 | AA1: Clé (auto) | AB1: Clé ITP (auto)
A2: Relevé topographique | B2: 21063-G26-PPL-RFI-0001 | D2: 45933 | E2: TRUNKLINE FROM ISW MFD TO TFTⅡCPF | F2: 21061-0000-PPL-TDW-0009 | G2: Relevé Topographique pré-construction | K2: pk (18+650 Au 19+450 ) | P2: PPL | R2: =IF($AB2="","",IFERROR(INDEX(ITP!$G$3:$G$46,MATCH($AB2,ITP!$E$3:$E$46,0)),"")) | S2: 08:00 | U2: =IF($AB2="","",IFERROR(INDEX(ITP!$I$3:$I$46,MATCH($AB2,ITP!$E$3:$E$46,0)),"")) | V2: =IF($AB2="","",IFERROR(INDEX(ITP!$J$3:$J$46,MATCH($AB2,ITP!$E$3:$E$46,0)),"")) | W2: =IF($AB2="","",IFERROR(INDEX(ITP!$K$3:$K$46,MATCH($AB2,ITP!$E$3:$E$46,0)),"")) | X2: =IF($AB2="","",IFERROR(INDEX(ITP!$L$3:$L$46,MATCH($AB2,ITP!$E$3:$E$46,0)),"")) | Y2: =IF($AB2="","",IFERROR(INDEX(ITP!$M$3:$M$46,MATCH($AB2,ITP!$E$3:$E$46,0)),"")) | Z2: =IF($AB2="","",IFERROR(INDEX(ITP!$N$3:$N$46,MATCH($AB2,ITP!$E$3:$E$46,0)),"")) | AA2: =IF(A2="","",A2&"|"&COUNTIF($A$2:A2,A2)) | AB2: =IF($A2="","",IFERROR(INDEX(ITP!$C$3:$C$21,MATCH(1,INDEX((ITP!$A$3:$A$21=$A2)*(((ITP!$B$3:$B$21="")+ISNUMBER(SEARCH(ITP!$B$3:$B$21,$G2&" "&$T2)))>0),0),0)),""))
A3: Piste de travail | B3: 21063-G26-PPL-RFI-0002 | D3: 45935 | E3: TRUNKLINE FROM ISW MFD TO TFTⅡCPF | F3: 21063-G0-PPL-PR-0007 | G3: Inspection piste de travail | K3: PK( 18+650 Au 19+450 ) | P3: PPL | R3: =IF($AB3="","",IFERROR(INDEX(ITP!$G$3:$G$46,MATCH($AB3,ITP!$E$3:$E$46,0)),"")) | S3: 08:00 | U3: =IF($AB3="","",IFERROR(INDEX(ITP!$I$3:$I$46,MATCH($AB3,ITP!$E$3:$E$46,0)),"")) | V3: =IF($AB3="","",IFERROR(INDEX(ITP!$J$3:$J$46,MATCH($AB3,ITP!$E$3:$E$46,0)),"")) | W3: =IF($AB3="","",IFERROR(INDEX(ITP!$K$3:$K$46,MATCH($AB3,ITP!$E$3:$E$46,0)),"")) | X3: =IF($AB3="","",IFERROR(INDEX(ITP!$L$3:$L$46,MATCH($AB3,ITP!$E$3:$E$46,0)),"")) | Y3: =IF($AB3="","",IFERROR(INDEX(ITP!$M$3:$M$46,MATCH($AB3,ITP!$E$3:$E$46,0)),"")) | Z3: =IF($AB3="","",IFERROR(INDEX(ITP!$N$3:$N$46,MATCH($AB3,ITP!$E$3:$E$46,0)),"")) | AA3: =IF(A3="","",A3&"|"&COUNTIF($A$2:A3,A3)) | AB3: =IF($A3="","",IFERROR(INDEX(ITP!$C$3:$C$21,MATCH(1,INDEX((ITP!$A$3:$A$21=$A3)*(((ITP!$B$3:$B$21="")+ISNUMBER(SEARCH(ITP!$B$3:$B$21,$G3&" "&$T3)))>0),0),0)),""))
A4: Relevé topographique | B4: 21063-G26-PPL-RFI-0003 | D4: 45936 | E4: TRUNKLINE FROM ISW MFD TO TFTⅡCPF | F4: 21061-0000-PPL-TDW-0008 | G4: Relevé Topographique pré-construction | K4: pk (12+200 Au 16+300 ) (19+450 Au 24+730 ) | P4: PPL | R4: =IF($AB4="","",IFERROR(INDEX(ITP!$G$3:$G$46,MATCH($AB4,ITP!$E$3:$E$46,0)),"")) | S4: 08:00 | U4: =IF($AB4="","",IFERROR(INDEX(ITP!$I$3:$I$46,MATCH($AB4,ITP!$E$3:$E$46,0)),"")) | V4: =IF($AB4="","",IFERROR(INDEX(ITP!$J$3:$J$46,MATCH($AB4,ITP!$E$3:$E$46,0)),"")) | W4: =IF($AB4="","",IFERROR(INDEX(ITP!$K$3:$K$46,MATCH($AB4,ITP!$E$3:$E$46,0)),"")) | X4: =IF($AB4="","",IFERROR(INDEX(ITP!$L$3:$L$46,MATCH($AB4,ITP!$E$3:$E$46,0)),"")) | Y4: =IF($AB4="","",IFERROR(INDEX(ITP!$M$3:$M$46,MATCH($AB4,ITP!$E$3:$E$46,0)),"")) | Z4: =IF($AB4="","",IFERROR(INDEX(ITP!$N$3:$N$46,MATCH($AB4,ITP!$E$3:$E$46,0)),"")) | AA4: =IF(A4="","",A4&"|"&COUNTIF($A$2:A4,A4)) | AB4: =IF($A4="","",IFERROR(INDEX(ITP!$C$3:$C$21,MATCH(1,INDEX((ITP!$A$3:$A$21=$A4)*(((ITP!$B$3:$B$21="")+ISNUMBER(SEARCH(ITP!$B$3:$B$21,$G4&" "&$T4)))>0),0),0)),""))
A5: Piste de travail | B5: 21063-G26-PPL-RFI-0004 | D5: 45936 | E5: TRUNKLINE FROM ISW MFD TO TFTⅡCPF | F5: 21063-G0-PPL-PR-0007 | G5: Inspection piste de travail | K5: PK( 16+300 Au 18+400 ) | P5: PPL | R5: =IF($AB5="","",IFERROR(INDEX(ITP!$G$3:$G$46,MATCH($AB5,ITP!$E$3:$E$46,0)),"")) | S5: 08:00 | U5: =IF($AB5="","",IFERROR(INDEX(ITP!$I$3:$I$46,MATCH($AB5,ITP!$E$3:$E$46,0)),"")) | V5: =IF($AB5="","",IFERROR(INDEX(ITP!$J$3:$J$46,MATCH($AB5,ITP!$E$3:$E$46,0)),"")) | W5: =IF($AB5="","",IFERROR(INDEX(ITP!$K$3:$K$46,MATCH($AB5,ITP!$E$3:$E$46,0)),"")) | X5: =IF($AB5="","",IFERROR(INDEX(ITP!$L$3:$L$46,MATCH($AB5,ITP!$E$3:$E$46,0)),"")) | Y5: =IF($AB5="","",IFERROR(INDEX(ITP!$M$3:$M$46,MATCH($AB5,ITP!$E$3:$E$46,0)),"")) | Z5: =IF($AB5="","",IFERROR(INDEX(ITP!$N$3:$N$46,MATCH($AB5,ITP!$E$3:$E$46,0)),"")) | AA5: =IF(A5="","",A5&"|"&COUNTIF($A$2:A5,A5)) | AB5: =IF($A5="","",IFERROR(INDEX(ITP!$C$3:$C$21,MATCH(1,INDEX((ITP!$A$3:$A$21=$A5)*(((ITP!$B$3:$B$21="")+ISNUMBER(SEARCH(ITP!$B$3:$B$21,$G5&" "&$T5)))>0),0),0)),""))
A6: Piste de travail | B6: 21063-G26-PPL-RFI-0005 | D6: 45940 | E6: TRUNKLINE FROM ISW MFD TO TFTⅡCPF | F6: 21063-G0-PPL-PR-0007 | G6: Inspection piste de travail | K6: PK( 14+850 Au 16+300 ) | P6: PPL | R6: =IF($AB6="","",IFERROR(INDEX(ITP!$G$3:$G$46,MATCH($AB6,ITP!$E$3:$E$46,0)),"")) | S6: 08:00 | U6: =IF($AB6="","",IFERROR(INDEX(ITP!$I$3:$I$46,MATCH($AB6,ITP!$E$3:$E$46,0)),"")) | V6: =IF($AB6="","",IFERROR(INDEX(ITP!$J$3:$J$46,MATCH($AB6,ITP!$E$3:$E$46,0)),"")) | W6: =IF($AB6="","",IFERROR(INDEX(ITP!$K$3:$K$46,MATCH($AB6,ITP!$E$3:$E$46,0)),"")) | X6: =IF($AB6="","",IFERROR(INDEX(ITP!$L$3:$L$46,MATCH($AB6,ITP!$E$3:$E$46,0)),"")) | Y6: =IF($AB6="","",IFERROR(INDEX(ITP!$M$3:$M$46,MATCH($AB6,ITP!$E$3:$E$46,0)),"")) | Z6: =IF($AB6="","",IFERROR(INDEX(ITP!$N$3:$N$46,MATCH($AB6,ITP!$E$3:$E$46,0)),"")) | AA6: =IF(A6="","",A6&"|"&COUNTIF($A$2:A6,A6)) | AB6: =IF($A6="","",IFERROR(INDEX(ITP!$C$3:$C$21,MATCH(1,INDEX((ITP!$A$3:$A$21=$A6)*(((ITP!$B$3:$B$21="")+ISNUMBER(SEARCH(ITP!$B$3:$B$21,$G6&" "&$T6)))>0),0),0)),""))
A7: Piste de travail | B7: 21063-G26-PPL-RFI-0006 | D7: 45946 | E7: TRUNKLINE FROM ISW MFD TO TFTⅡCPF | F7: 21063-G0-PPL-PR-0007 | G7: Inspection piste de travail | K7: PK( 12+300 Au 13+000 ) | P7: PPL | R7: =IF($AB7="","",IFERROR(INDEX(ITP!$G$3:$G$46,MATCH($AB7,ITP!$E$3:$E$46,0)),"")) | S7: 08:00 | U7: =IF($AB7="","",IFERROR(INDEX(ITP!$I$3:$I$46,MATCH($AB7,ITP!$E$3:$E$46,0)),"")) | V7: =IF($AB7="","",IFERROR(INDEX(ITP!$J$3:$J$46,MATCH($AB7,ITP!$E$3:$E$46,0)),"")) | W7: =IF($AB7="","",IFERROR(INDEX(ITP!$K$3:$K$46,MATCH($AB7,ITP!$E$3:$E$46,0)),"")) | X7: =IF($AB7="","",IFERROR(INDEX(ITP!$L$3:$L$46,MATCH($AB7,ITP!$E$3:$E$46,0)),"")) | Y7: =IF($AB7="","",IFERROR(INDEX(ITP!$M$3:$M$46,MATCH($AB7,ITP!$E$3:$E$46,0)),"")) | Z7: =IF($AB7="","",IFERROR(INDEX(ITP!$N$3:$N$46,MATCH($AB7,ITP!$E$3:$E$46,0)),"")) | AA7: =IF(A7="","",A7&"|"&COUNTIF($A$2:A7,A7)) | AB7: =IF($A7="","",IFERROR(INDEX(ITP!$C$3:$C$21,MATCH(1,INDEX((ITP!$A$3:$A$21=$A7)*(((ITP!$B$3:$B$21="")+ISNUMBER(SEARCH(ITP!$B$3:$B$21,$G7&" "&$T7)))>0),0),0)),""))
A8: Piste de travail | B8: 21063-G26-PPL-RFI-0007 | D8: 45946 | E8: TRUNKLINE FROM ISW MFD TO TFTⅡCPF | F8: 21063-G0-PPL-PR-0007 | G8: Inspection piste de travail | K8: PK( 13+300 Au 14+800 ) | P8: PPL | R8: =IF($AB8="","",IFERROR(INDEX(ITP!$G$3:$G$46,MATCH($AB8,ITP!$E$3:$E$46,0)),"")) | S8: 08:00 | U8: =IF($AB8="","",IFERROR(INDEX(ITP!$I$3:$I$46,MATCH($AB8,ITP!$E$3:$E$46,0)),"")) | V8: =IF($AB8="","",IFERROR(INDEX(ITP!$J$3:$J$46,MATCH($AB8,ITP!$E$3:$E$46,0)),"")) | W8: =IF($AB8="","",IFERROR(INDEX(ITP!$K$3:$K$46,MATCH($AB8,ITP!$E$3:$E$46,0)),"")) | X8: =IF($AB8="","",IFERROR(INDEX(ITP!$L$3:$L$46,MATCH($AB8,ITP!$E$3:$E$46,0)),"")) | Y8: =IF($AB8="","",IFERROR(INDEX(ITP!$M$3:$M$46,MATCH($AB8,ITP!$E$3:$E$46,0)),"")) | Z8: =IF($AB8="","",IFERROR(INDEX(ITP!$N$3:$N$46,MATCH($AB8,ITP!$E$3:$E$46,0)),"")) | AA8: =IF(A8="","",A8&"|"&COUNTIF($A$2:A8,A8)) | AB8: =IF($A8="","",IFERROR(INDEX(ITP!$C$3:$C$21,MATCH(1,INDEX((ITP!$A$3:$A$21=$A8)*(((ITP!$B$3:$B$21="")+ISNUMBER(SEARCH(ITP!$B$3:$B$21,$G8&" "&$T8)))>0),0),0)),""))
A9: Piste de travail | B9: 21063-G26-PPL-RFI-0008 | D9: 45946 | E9: TRUNKLINE FROM ISW MFD TO TFTⅡCPF | F9: 21063-G0-PPL-PR-0007 | G9: Inspection piste de travail ISW-CPF | K9: PK( 19+700 Au 21+100 ) | P9: PPL | R9: =IF($AB9="","",IFERROR(INDEX(ITP!$G$3:$G$46,MATCH($AB9,ITP!$E$3:$E$46,0)),"")) | S9: 08:00 | U9: =IF($AB9="","",IFERROR(INDEX(ITP!$I$3:$I$46,MATCH($AB9,ITP!$E$3:$E$46,0)),"")) | V9: =IF($AB9="","",IFERROR(INDEX(ITP!$J$3:$J$46,MATCH($AB9,ITP!$E$3:$E$46,0)),"")) | W9: =IF($AB9="","",IFERROR(INDEX(ITP!$K$3:$K$46,MATCH($AB9,ITP!$E$3:$E$46,0)),"")) | X9: =IF($AB9="","",IFERROR(INDEX(ITP!$L$3:$L$46,MATCH($AB9,ITP!$E$3:$E$46,0)),"")) | Y9: =IF($AB9="","",IFERROR(INDEX(ITP!$M$3:$M$46,MATCH($AB9,ITP!$E$3:$E$46,0)),"")) | Z9: =IF($AB9="","",IFERROR(INDEX(ITP!$N$3:$N$46,MATCH($AB9,ITP!$E$3:$E$46,0)),"")) | AA9: =IF(A9="","",A9&"|"&COUNTIF($A$2:A9,A9)) | AB9: =IF($A9="","",IFERROR(INDEX(ITP!$C$3:$C$21,MATCH(1,INDEX((ITP!$A$3:$A$21=$A9)*(((ITP!$B$3:$B$21="")+ISNUMBER(SEARCH(ITP!$B$3:$B$21,$G9&" "&$T9)))>0),0),0)),""))
A10: Relevé topographique | B10: 21063-G26-PPL-RFI-0009 | D10: 45949 | E10: TRUNKLINE FROM ISW MFD TO TFTⅡCPF | F10: 21061-0000-PPL-SPC-0006 | G10: Relevé Topographique pré-construction | K10: pk (21+211 Au 22+100 ) (22+130 Au 22+230 ) | P10: PPL | R10: =IF($AB10="","",IFERROR(INDEX(ITP!$G$3:$G$46,MATCH($AB10,ITP!$E$3:$E$46,0)),"")) | S10: 08:00 | U10: =IF($AB10="","",IFERROR(INDEX(ITP!$I$3:$I$46,MATCH($AB10,ITP!$E$3:$E$46,0)),"")) | V10: =IF($AB10="","",IFERROR(INDEX(ITP!$J$3:$J$46,MATCH($AB10,ITP!$E$3:$E$46,0)),"")) | W10: =IF($AB10="","",IFERROR(INDEX(ITP!$K$3:$K$46,MATCH($AB10,ITP!$E$3:$E$46,0)),"")) | X10: =IF($AB10="","",IFERROR(INDEX(ITP!$L$3:$L$46,MATCH($AB10,ITP!$E$3:$E$46,0)),"")) | Y10: =IF($AB10="","",IFERROR(INDEX(ITP!$M$3:$M$46,MATCH($AB10,ITP!$E$3:$E$46,0)),"")) | Z10: =IF($AB10="","",IFERROR(INDEX(ITP!$N$3:$N$46,MATCH($AB10,ITP!$E$3:$E$46,0)),"")) | AA10: =IF(A10="","",A10&"|"&COUNTIF($A$2:A10,A10)) | AB10: =IF($A10="","",IFERROR(INDEX(ITP!$C$3:$C$21,MATCH(1,INDEX((ITP!$A$3:$A$21=$A10)*(((ITP!$B$3:$B$21="")+ISNUMBER(SEARCH(ITP!$B$3:$B$21,$G10&" "&$T10)))>0),0),0)),""))
A11: Piste de travail | B11: 21063-G26-PPL-RFI-0010 | D11: 45949 | E11: TRUNKLINE FROM ISW MFD TO TFTⅡCPF | F11: 21063-G0-PPL-PR-0007 | G11: Inspection piste de travail | K11: PK( 21+200 Au 22+100 ) (22+130 Au 22+230 ) | P11: PPL | R11: =IF($AB11="","",IFERROR(INDEX(ITP!$G$3:$G$46,MATCH($AB11,ITP!$E$3:$E$46,0)),"")) | S11: 08:00 | U11: =IF($AB11="","",IFERROR(INDEX(ITP!$I$3:$I$46,MATCH($AB11,ITP!$E$3:$E$46,0)),"")) | V11: =IF($AB11="","",IFERROR(INDEX(ITP!$J$3:$J$46,MATCH($AB11,ITP!$E$3:$E$46,0)),"")) | W11: =IF($AB11="","",IFERROR(INDEX(ITP!$K$3:$K$46,MATCH($AB11,ITP!$E$3:$E$46,0)),"")) | X11: =IF($AB11="","",IFERROR(INDEX(ITP!$L$3:$L$46,MATCH($AB11,ITP!$E$3:$E$46,0)),"")) | Y11: =IF($AB11="","",IFERROR(INDEX(ITP!$M$3:$M$46,MATCH($AB11,ITP!$E$3:$E$46,0)),"")) | Z11: =IF($AB11="","",IFERROR(INDEX(ITP!$N$3:$N$46,MATCH($AB11,ITP!$E$3:$E$46,0)),"")) | AA11: =IF(A11="","",A11&"|"&COUNTIF($A$2:A11,A11)) | AB11: =IF($A11="","",IFERROR(INDEX(ITP!$C$3:$C$21,MATCH(1,INDEX((ITP!$A$3:$A$21=$A11)*(((ITP!$B$3:$B$21="")+ISNUMBER(SEARCH(ITP!$B$3:$B$21,$G11&" "&$T11)))>0),0),0)),""))
A12: Piste de travail | B12: 21063-G26-PPL-RFI-0011 | D12: 45952 | E12: TRUNKLINE FROM ISW MFD TO TFTⅡCPF | F12: 21063-G0-PPL-PR-0007 | G12: Inspection piste de travail | K12: PK( 22+300 Au 22+850 )(22+900 Au 23+250 ) (23+300 Au 23+350) | P12: PPL | R12: =IF($AB12="","",IFERROR(INDEX(ITP!$G$3:$G$46,MATCH($AB12,ITP!$E$3:$E$46,0)),"")) | S12: 08:00 | U12: =IF($AB12="","",IFERROR(INDEX(ITP!$I$3:$I$46,MATCH($AB12,ITP!$E$3:$E$46,0)),"")) | V12: =IF($AB12="","",IFERROR(INDEX(ITP!$J$3:$J$46,MATCH($AB12,ITP!$E$3:$E$46,0)),"")) | W12: =IF($AB12="","",IFERROR(INDEX(ITP!$K$3:$K$46,MATCH($AB12,ITP!$E$3:$E$46,0)),"")) | X12: =IF($AB12="","",IFERROR(INDEX(ITP!$L$3:$L$46,MATCH($AB12,ITP!$E$3:$E$46,0)),"")) | Y12: =IF($AB12="","",IFERROR(INDEX(ITP!$M$3:$M$46,MATCH($AB12,ITP!$E$3:$E$46,0)),"")) | Z12: =IF($AB12="","",IFERROR(INDEX(ITP!$N$3:$N$46,MATCH($AB12,ITP!$E$3:$E$46,0)),"")) | AA12: =IF(A12="","",A12&"|"&COUNTIF($A$2:A12,A12)) | AB12: =IF($A12="","",IFERROR(INDEX(ITP!$C$3:$C$21,MATCH(1,INDEX((ITP!$A$3:$A$21=$A12)*(((ITP!$B$3:$B$21="")+ISNUMBER(SEARCH(ITP!$B$3:$B$21,$G12&" "&$T12)))>0),0),0)),""))
A13: Piste de travail | B13: 21063-G26-PPL-RFI-0012 | D13: 45956 | E13: TRUNKLINE FROM ISW MFD TO TFTⅡCPF | F13: 21063-G0-PPL-PR-0007 | G13: Inspection piste de travail ISW-CPF | K13: PK( 23+400 Au 24+000 ) | P13: PPL | R13: =IF($AB13="","",IFERROR(INDEX(ITP!$G$3:$G$46,MATCH($AB13,ITP!$E$3:$E$46,0)),"")) | S13: 08:00 | U13: =IF($AB13="","",IFERROR(INDEX(ITP!$I$3:$I$46,MATCH($AB13,ITP!$E$3:$E$46,0)),"")) | V13: =IF($AB13="","",IFERROR(INDEX(ITP!$J$3:$J$46,MATCH($AB13,ITP!$E$3:$E$46,0)),"")) | W13: =IF($AB13="","",IFERROR(INDEX(ITP!$K$3:$K$46,MATCH($AB13,ITP!$E$3:$E$46,0)),"")) | X13: =IF($AB13="","",IFERROR(INDEX(ITP!$L$3:$L$46,MATCH($AB13,ITP!$E$3:$E$46,0)),"")) | Y13: =IF($AB13="","",IFERROR(INDEX(ITP!$M$3:$M$46,MATCH($AB13,ITP!$E$3:$E$46,0)),"")) | Z13: =IF($AB13="","",IFERROR(INDEX(ITP!$N$3:$N$46,MATCH($AB13,ITP!$E$3:$E$46,0)),"")) | AA13: =IF(A13="","",A13&"|"&COUNTIF($A$2:A13,A13)) | AB13: =IF($A13="","",IFERROR(INDEX(ITP!$C$3:$C$21,MATCH(1,INDEX((ITP!$A$3:$A$21=$A13)*(((ITP!$B$3:$B$21="")+ISNUMBER(SEARCH(ITP!$B$3:$B$21,$G13&" "&$T13)))>0),0),0)),""))
A14: Relevé topographique | B14: 21063-G26-PPL-RFI-0013 | D14: 45957 | E14: TRUNKLINE FROM ISW MFD TO TFTⅡCPF | G14: Relevé Topographique pré-construction | K14: pk (16+300 Au 18+650 ) | P14: PPL | R14: =IF($AB14="","",IFERROR(INDEX(ITP!$G$3:$G$46,MATCH($AB14,ITP!$E$3:$E$46,0)),"")) | S14: 08:00 | U14: =IF($AB14="","",IFERROR(INDEX(ITP!$I$3:$I$46,MATCH($AB14,ITP!$E$3:$E$46,0)),"")) | V14: =IF($AB14="","",IFERROR(INDEX(ITP!$J$3:$J$46,MATCH($AB14,ITP!$E$3:$E$46,0)),"")) | W14: =IF($AB14="","",IFERROR(INDEX(ITP!$K$3:$K$46,MATCH($AB14,ITP!$E$3:$E$46,0)),"")) | X14: =IF($AB14="","",IFERROR(INDEX(ITP!$L$3:$L$46,MATCH($AB14,ITP!$E$3:$E$46,0)),"")) | Y14: =IF($AB14="","",IFERROR(INDEX(ITP!$M$3:$M$46,MATCH($AB14,ITP!$E$3:$E$46,0)),"")) | Z14: =IF($AB14="","",IFERROR(INDEX(ITP!$N$3:$N$46,MATCH($AB14,ITP!$E$3:$E$46,0)),"")) | AA14: =IF(A14="","",A14&"|"&COUNTIF($A$2:A14,A14)) | AB14: =IF($A14="","",IFERROR(INDEX(ITP!$C$3:$C$21,MATCH(1,INDEX((ITP!$A$3:$A$21=$A14)*(((ITP!$B$3:$B$21="")+ISNUMBER(SEARCH(ITP!$B$3:$B$21,$G14&" "&$T14)))>0),0),0)),""))
A15: Piste de travail | B15: 21063-G26-PPL-RFI-0014 | D15: 45959 | E15: TRUNKLINE FROM ISW MFD TO TFTⅡCPF | F15: 21063-G0-PPL-PR-0007 | G15: Inspection piste de travail | K15: PK( 18+400 Au 18+650 ) | P15: PPL | R15: =IF($AB15="","",IFERROR(INDEX(ITP!$G$3:$G$46,MATCH($AB15,ITP!$E$3:$E$46,0)),"")) | S15: 08:00 | U15: =IF($AB15="","",IFERROR(INDEX(ITP!$I$3:$I$46,MATCH($AB15,ITP!$E$3:$E$46,0)),"")) | V15: =IF($AB15="","",IFERROR(INDEX(ITP!$J$3:$J$46,MATCH($AB15,ITP!$E$3:$E$46,0)),"")) | W15: =IF($AB15="","",IFERROR(INDEX(ITP!$K$3:$K$46,MATCH($AB15,ITP!$E$3:$E$46,0)),"")) | X15: =IF($AB15="","",IFERROR(INDEX(ITP!$L$3:$L$46,MATCH($AB15,ITP!$E$3:$E$46,0)),"")) | Y15: =IF($AB15="","",IFERROR(INDEX(ITP!$M$3:$M$46,MATCH($AB15,ITP!$E$3:$E$46,0)),"")) | Z15: =IF($AB15="","",IFERROR(INDEX(ITP!$N$3:$N$46,MATCH($AB15,ITP!$E$3:$E$46,0)),"")) | AA15: =IF(A15="","",A15&"|"&COUNTIF($A$2:A15,A15)) | AB15: =IF($A15="","",IFERROR(INDEX(ITP!$C$3:$C$21,MATCH(1,INDEX((ITP!$A$3:$A$21=$A15)*(((ITP!$B$3:$B$21="")+ISNUMBER(SEARCH(ITP!$B$3:$B$21,$G15&" "&$T15)))>0),0),0)),""))
A16: Piste de travail | B16: 21063-G26-PPL-RFI-0015 | D16: 45968 | E16: TRUNKLINE FROM ISW MFD TO TFTⅡCPF | F16: 21063-G0-PPL-PR-0007 | G16: Inspection piste de travail ISW-CPF | K16: PK( 24+057 Au 24+701 ) | P16: PPL | R16: =IF($AB16="","",IFERROR(INDEX(ITP!$G$3:$G$46,MATCH($AB16,ITP!$E$3:$E$46,0)),"")) | S16: 08:00 | U16: =IF($AB16="","",IFERROR(INDEX(ITP!$I$3:$I$46,MATCH($AB16,ITP!$E$3:$E$46,0)),"")) | V16: =IF($AB16="","",IFERROR(INDEX(ITP!$J$3:$J$46,MATCH($AB16,ITP!$E$3:$E$46,0)),"")) | W16: =IF($AB16="","",IFERROR(INDEX(ITP!$K$3:$K$46,MATCH($AB16,ITP!$E$3:$E$46,0)),"")) | X16: =IF($AB16="","",IFERROR(INDEX(ITP!$L$3:$L$46,MATCH($AB16,ITP!$E$3:$E$46,0)),"")) | Y16: =IF($AB16="","",IFERROR(INDEX(ITP!$M$3:$M$46,MATCH($AB16,ITP!$E$3:$E$46,0)),"")) | Z16: =IF($AB16="","",IFERROR(INDEX(ITP!$N$3:$N$46,MATCH($AB16,ITP!$E$3:$E$46,0)),"")) | AA16: =IF(A16="","",A16&"|"&COUNTIF($A$2:A16,A16)) | AB16: =IF($A16="","",IFERROR(INDEX(ITP!$C$3:$C$21,MATCH(1,INDEX((ITP!$A$3:$A$21=$A16)*(((ITP!$B$3:$B$21="")+ISNUMBER(SEARCH(ITP!$B$3:$B$21,$G16&" "&$T16)))>0),0),0)),""))
A17: Ouverture de la tranchée | B17: 21063-G26-PPL-RFI-0016 | D17: 45973 | E17: TRUNKLINE FROM ISW MFD TO TFTⅡCPF | F17: 21061-0000-PPL-TDW-0009 | G17: Inspection de tranchée | K17: PK( 23+350 Au 23+850 ) | M17: 500 | P17: PPL | R17: =IF($AB17="","",IFERROR(INDEX(ITP!$G$3:$G$46,MATCH($AB17,ITP!$E$3:$E$46,0)),"")) | S17: 08:00 | U17: =IF($AB17="","",IFERROR(INDEX(ITP!$I$3:$I$46,MATCH($AB17,ITP!$E$3:$E$46,0)),"")) | V17: =IF($AB17="","",IFERROR(INDEX(ITP!$J$3:$J$46,MATCH($AB17,ITP!$E$3:$E$46,0)),"")) | W17: =IF($AB17="","",IFERROR(INDEX(ITP!$K$3:$K$46,MATCH($AB17,ITP!$E$3:$E$46,0)),"")) | X17: =IF($AB17="","",IFERROR(INDEX(ITP!$L$3:$L$46,MATCH($AB17,ITP!$E$3:$E$46,0)),"")) | Y17: =IF($AB17="","",IFERROR(INDEX(ITP!$M$3:$M$46,MATCH($AB17,ITP!$E$3:$E$46,0)),"")) | Z17: =IF($AB17="","",IFERROR(INDEX(ITP!$N$3:$N$46,MATCH($AB17,ITP!$E$3:$E$46,0)),"")) | AA17: =IF(A17="","",A17&"|"&COUNTIF($A$2:A17,A17)) | AB17: =IF($A17="","",IFERROR(INDEX(ITP!$C$3:$C$21,MATCH(1,INDEX((ITP!$A$3:$A$21=$A17)*(((ITP!$B$3:$B$21="")+ISNUMBER(SEARCH(ITP!$B$3:$B$21,$G17&" "&$T17)))>0),0),0)),""))
A18: Ouverture de la tranchée | B18: 21063-G26-PPL-RFI-0017 | D18: 45980 | E18: TRUNKLINE FROM ISW MFD TO TFTⅡCPF | F18: 21061-0000-PPL-TDW-0009 | G18: Inspection de tranchée | K18: PK( 23+800 Au 24+070 ) | M18: 270 | P18: PPL | R18: =IF($AB18="","",IFERROR(INDEX(ITP!$G$3:$G$46,MATCH($AB18,ITP!$E$3:$E$46,0)),"")) | S18: 08:00 | U18: =IF($AB18="","",IFERROR(INDEX(ITP!$I$3:$I$46,MATCH($AB18,ITP!$E$3:$E$46,0)),"")) | V18: =IF($AB18="","",IFERROR(INDEX(ITP!$J$3:$J$46,MATCH($AB18,ITP!$E$3:$E$46,0)),"")) | W18: =IF($AB18="","",IFERROR(INDEX(ITP!$K$3:$K$46,MATCH($AB18,ITP!$E$3:$E$46,0)),"")) | X18: =IF($AB18="","",IFERROR(INDEX(ITP!$L$3:$L$46,MATCH($AB18,ITP!$E$3:$E$46,0)),"")) | Y18: =IF($AB18="","",IFERROR(INDEX(ITP!$M$3:$M$46,MATCH($AB18,ITP!$E$3:$E$46,0)),"")) | Z18: =IF($AB18="","",IFERROR(INDEX(ITP!$N$3:$N$46,MATCH($AB18,ITP!$E$3:$E$46,0)),"")) | AA18: =IF(A18="","",A18&"|"&COUNTIF($A$2:A18,A18)) | AB18: =IF($A18="","",IFERROR(INDEX(ITP!$C$3:$C$21,MATCH(1,INDEX((ITP!$A$3:$A$21=$A18)*(((ITP!$B$3:$B$21="")+ISNUMBER(SEARCH(ITP!$B$3:$B$21,$G18&" "&$T18)))>0),0),0)),""))
A19: Relevé topographique | B19: 21063-G26-PPL-RFI-0018 | D19: 45981 | E19: TRUNKLINE FROM ISW MFD TO TFTⅡCPF | G19: Relevé Topographique pré-construction | K19: pk (10+687 Au 12+053 ) | M19: 1366 | P19: PPL | R19: =IF($AB19="","",IFERROR(INDEX(ITP!$G$3:$G$46,MATCH($AB19,ITP!$E$3:$E$46,0)),"")) | S19: 08:00 | U19: =IF($AB19="","",IFERROR(INDEX(ITP!$I$3:$I$46,MATCH($AB19,ITP!$E$3:$E$46,0)),"")) | V19: =IF($AB19="","",IFERROR(INDEX(ITP!$J$3:$J$46,MATCH($AB19,ITP!$E$3:$E$46,0)),"")) | W19: =IF($AB19="","",IFERROR(INDEX(ITP!$K$3:$K$46,MATCH($AB19,ITP!$E$3:$E$46,0)),"")) | X19: =IF($AB19="","",IFERROR(INDEX(ITP!$L$3:$L$46,MATCH($AB19,ITP!$E$3:$E$46,0)),"")) | Y19: =IF($AB19="","",IFERROR(INDEX(ITP!$M$3:$M$46,MATCH($AB19,ITP!$E$3:$E$46,0)),"")) | Z19: =IF($AB19="","",IFERROR(INDEX(ITP!$N$3:$N$46,MATCH($AB19,ITP!$E$3:$E$46,0)),"")) | AA19: =IF(A19="","",A19&"|"&COUNTIF($A$2:A19,A19)) | AB19: =IF($A19="","",IFERROR(INDEX(ITP!$C$3:$C$21,MATCH(1,INDEX((ITP!$A$3:$A$21=$A19)*(((ITP!$B$3:$B$21="")+ISNUMBER(SEARCH(ITP!$B$3:$B$21,$G19&" "&$T19)))>0),0),0)),""))
A20: Relevé topographique | B20: 21063-G26-PPL-RFI-0019 | D20: 45982 | E20: TRUNKLINE FROM ISW MFD TO TFTⅡCPF | G20: Relevé Topographique pré-construction | K20: pk (6+272 Au 10+687 ) | M20: 4415 | P20: PPL | R20: =IF($AB20="","",IFERROR(INDEX(ITP!$G$3:$G$46,MATCH($AB20,ITP!$E$3:$E$46,0)),"")) | S20: 08:00 | U20: =IF($AB20="","",IFERROR(INDEX(ITP!$I$3:$I$46,MATCH($AB20,ITP!$E$3:$E$46,0)),"")) | V20: =IF($AB20="","",IFERROR(INDEX(ITP!$J$3:$J$46,MATCH($AB20,ITP!$E$3:$E$46,0)),"")) | W20: =IF($AB20="","",IFERROR(INDEX(ITP!$K$3:$K$46,MATCH($AB20,ITP!$E$3:$E$46,0)),"")) | X20: =IF($AB20="","",IFERROR(INDEX(ITP!$L$3:$L$46,MATCH($AB20,ITP!$E$3:$E$46,0)),"")) | Y20: =IF($AB20="","",IFERROR(INDEX(ITP!$M$3:$M$46,MATCH($AB20,ITP!$E$3:$E$46,0)),"")) | Z20: =IF($AB20="","",IFERROR(INDEX(ITP!$N$3:$N$46,MATCH($AB20,ITP!$E$3:$E$46,0)),"")) | AA20: =IF(A20="","",A20&"|"&COUNTIF($A$2:A20,A20)) | AB20: =IF($A20="","",IFERROR(INDEX(ITP!$C$3:$C$21,MATCH(1,INDEX((ITP!$A$3:$A$21=$A20)*(((ITP!$B$3:$B$21="")+ISNUMBER(SEARCH(ITP!$B$3:$B$21,$G20&" "&$T20)))>0),0),0)),""))
A21: Relevé topographique | B21: 21063-G26-PPL-RFI-0020 | D21: 45983 | E21: TRUNKLINE FROM ISW MFD TO TFTⅡCPF | G21: Relevé Topographique pré-construction ISW/CPF | K21: pk (0+031 Au 4+101 ) | M21: 4070 | P21: PPL | R21: =IF($AB21="","",IFERROR(INDEX(ITP!$G$3:$G$46,MATCH($AB21,ITP!$E$3:$E$46,0)),"")) | S21: 08:00 | U21: =IF($AB21="","",IFERROR(INDEX(ITP!$I$3:$I$46,MATCH($AB21,ITP!$E$3:$E$46,0)),"")) | V21: =IF($AB21="","",IFERROR(INDEX(ITP!$J$3:$J$46,MATCH($AB21,ITP!$E$3:$E$46,0)),"")) | W21: =IF($AB21="","",IFERROR(INDEX(ITP!$K$3:$K$46,MATCH($AB21,ITP!$E$3:$E$46,0)),"")) | X21: =IF($AB21="","",IFERROR(INDEX(ITP!$L$3:$L$46,MATCH($AB21,ITP!$E$3:$E$46,0)),"")) | Y21: =IF($AB21="","",IFERROR(INDEX(ITP!$M$3:$M$46,MATCH($AB21,ITP!$E$3:$E$46,0)),"")) | Z21: =IF($AB21="","",IFERROR(INDEX(ITP!$N$3:$N$46,MATCH($AB21,ITP!$E$3:$E$46,0)),"")) | AA21: =IF(A21="","",A21&"|"&COUNTIF($A$2:A21,A21)) | AB21: =IF($A21="","",IFERROR(INDEX(ITP!$C$3:$C$21,MATCH(1,INDEX((ITP!$A$3:$A$21=$A21)*(((ITP!$B$3:$B$21="")+ISNUMBER(SEARCH(ITP!$B$3:$B$21,$G21&" "&$T21)))>0),0),0)),""))
A22: Ouverture de la tranchée | B22: 21063-G26-PPL-RFI-0021 | D22: 45985 | E22: TRUNKLINE FROM ISW MFD TO TFTⅡCPF | F22: 21061-0000-PPL-TDW-0009 | G22: Inspection de tranchée | K22: ( 24+110 au 24+180 ) ( 24+190 au 24+360 ) | M22: 70 | P22: PPL | R22: =IF($AB22="","",IFERROR(INDEX(ITP!$G$3:$G$46,MATCH($AB22,ITP!$E$3:$E$46,0)),"")) | S22: 08:00 | U22: =IF($AB22="","",IFERROR(INDEX(ITP!$I$3:$I$46,MATCH($AB22,ITP!$E$3:$E$46,0)),"")) | V22: =IF($AB22="","",IFERROR(INDEX(ITP!$J$3:$J$46,MATCH($AB22,ITP!$E$3:$E$46,0)),"")) | W22: =IF($AB22="","",IFERROR(INDEX(ITP!$K$3:$K$46,MATCH($AB22,ITP!$E$3:$E$46,0)),"")) | X22: =IF($AB22="","",IFERROR(INDEX(ITP!$L$3:$L$46,MATCH($AB22,ITP!$E$3:$E$46,0)),"")) | Y22: =IF($AB22="","",IFERROR(INDEX(ITP!$M$3:$M$46,MATCH($AB22,ITP!$E$3:$E$46,0)),"")) | Z22: =IF($AB22="","",IFERROR(INDEX(ITP!$N$3:$N$46,MATCH($AB22,ITP!$E$3:$E$46,0)),"")) | AA22: =IF(A22="","",A22&"|"&COUNTIF($A$2:A22,A22)) | AB22: =IF($A22="","",IFERROR(INDEX(ITP!$C$3:$C$21,MATCH(1,INDEX((ITP!$A$3:$A$21=$A22)*(((ITP!$B$3:$B$21="")+ISNUMBER(SEARCH(ITP!$B$3:$B$21,$G22&" "&$T22)))>0),0),0)),""))
A23: Piste de travail | B23: 21063-G26-PPL-RFI-0022 | D23: 45990 | E23: TRUNKLINE FROM ISW MFD TO TFTⅡCPF | F23: 21063-G0-PPL-PR-0007 | G23: Inspection piste de travail | K23: PK( 8+217 Au 8+243 ) ( 8+250 Au 9+030 ) | M23: 806 | P23: PPL | R23: =IF($AB23="","",IFERROR(INDEX(ITP!$G$3:$G$46,MATCH($AB23,ITP!$E$3:$E$46,0)),"")) | S23: 08:00 | U23: =IF($AB23="","",IFERROR(INDEX(ITP!$I$3:$I$46,MATCH($AB23,ITP!$E$3:$E$46,0)),"")) | V23: =IF($AB23="","",IFERROR(INDEX(ITP!$J$3:$J$46,MATCH($AB23,ITP!$E$3:$E$46,0)),"")) | W23: =IF($AB23="","",IFERROR(INDEX(ITP!$K$3:$K$46,MATCH($AB23,ITP!$E$3:$E$46,0)),"")) | X23: =IF($AB23="","",IFERROR(INDEX(ITP!$L$3:$L$46,MATCH($AB23,ITP!$E$3:$E$46,0)),"")) | Y23: =IF($AB23="","",IFERROR(INDEX(ITP!$M$3:$M$46,MATCH($AB23,ITP!$E$3:$E$46,0)),"")) | Z23: =IF($AB23="","",IFERROR(INDEX(ITP!$N$3:$N$46,MATCH($AB23,ITP!$E$3:$E$46,0)),"")) | AA23: =IF(A23="","",A23&"|"&COUNTIF($A$2:A23,A23)) | AB23: =IF($A23="","",IFERROR(INDEX(ITP!$C$3:$C$21,MATCH(1,INDEX((ITP!$A$3:$A$21=$A23)*(((ITP!$B$3:$B$21="")+ISNUMBER(SEARCH(ITP!$B$3:$B$21,$G23&" "&$T23)))>0),0),0)),""))
A24: Piste de travail | B24: 21063-G26-PPL-RFI-0023 | D24: 45991 | E24: TRUNKLINE FROM ISW MFD TO TFTⅡCPF | F24: 21063-G0-PPL-PR-0007 | G24: Inspection piste de travail | K24: PK( 9+470 Au 9+700 ) ( 10+720 Au 10+580 ) | M24: 170 | P24: PPL | R24: =IF($AB24="","",IFERROR(INDEX(ITP!$G$3:$G$46,MATCH($AB24,ITP!$E$3:$E$46,0)),"")) | S24: 08:00 | U24: =IF($AB24="","",IFERROR(INDEX(ITP!$I$3:$I$46,MATCH($AB24,ITP!$E$3:$E$46,0)),"")) | V24: =IF($AB24="","",IFERROR(INDEX(ITP!$J$3:$J$46,MATCH($AB24,ITP!$E$3:$E$46,0)),"")) | W24: =IF($AB24="","",IFERROR(INDEX(ITP!$K$3:$K$46,MATCH($AB24,ITP!$E$3:$E$46,0)),"")) | X24: =IF($AB24="","",IFERROR(INDEX(ITP!$L$3:$L$46,MATCH($AB24,ITP!$E$3:$E$46,0)),"")) | Y24: =IF($AB24="","",IFERROR(INDEX(ITP!$M$3:$M$46,MATCH($AB24,ITP!$E$3:$E$46,0)),"")) | Z24: =IF($AB24="","",IFERROR(INDEX(ITP!$N$3:$N$46,MATCH($AB24,ITP!$E$3:$E$46,0)),"")) | AA24: =IF(A24="","",A24&"|"&COUNTIF($A$2:A24,A24)) | AB24: =IF($A24="","",IFERROR(INDEX(ITP!$C$3:$C$21,MATCH(1,INDEX((ITP!$A$3:$A$21=$A24)*(((ITP!$B$3:$B$21="")+ISNUMBER(SEARCH(ITP!$B$3:$B$21,$G24&" "&$T24)))>0),0),0)),""))
A25: Ouverture de la tranchée | B25: 21063-G26-PPL-RFI-0024 | D25: 45992 | E25: TRUNKLINE FROM ISW MFD TO TFTⅡCPF | F25: 21061-0000-PPL-TDW-0009 | G25: Inspection de tranchée | K25: PK( 24+180 Au 24+190) ( 24+360 Au 24+680 ) | M25: 330 | P25: PPL | R25: =IF($AB25="","",IFERROR(INDEX(ITP!$G$3:$G$46,MATCH($AB25,ITP!$E$3:$E$46,0)),"")) | S25: 08:00 | U25: =IF($AB25="","",IFERROR(INDEX(ITP!$I$3:$I$46,MATCH($AB25,ITP!$E$3:$E$46,0)),"")) | V25: =IF($AB25="","",IFERROR(INDEX(ITP!$J$3:$J$46,MATCH($AB25,ITP!$E$3:$E$46,0)),"")) | W25: =IF($AB25="","",IFERROR(INDEX(ITP!$K$3:$K$46,MATCH($AB25,ITP!$E$3:$E$46,0)),"")) | X25: =IF($AB25="","",IFERROR(INDEX(ITP!$L$3:$L$46,MATCH($AB25,ITP!$E$3:$E$46,0)),"")) | Y25: =IF($AB25="","",IFERROR(INDEX(ITP!$M$3:$M$46,MATCH($AB25,ITP!$E$3:$E$46,0)),"")) | Z25: =IF($AB25="","",IFERROR(INDEX(ITP!$N$3:$N$46,MATCH($AB25,ITP!$E$3:$E$46,0)),"")) | AA25: =IF(A25="","",A25&"|"&COUNTIF($A$2:A25,A25)) | AB25: =IF($A25="","",IFERROR(INDEX(ITP!$C$3:$C$21,MATCH(1,INDEX((ITP!$A$3:$A$21=$A25)*(((ITP!$B$3:$B$21="")+ISNUMBER(SEARCH(ITP!$B$3:$B$21,$G25&" "&$T25)))>0),0),0)),""))
A26: Piste de travail | B26: 21063-G26-PPL-RFI-0025 | D26: 45997 | E26: TRUNKLINE FROM ISW MFD TO TFTⅡCPF | F26: 21063-G0-PPL-PR-0007 | G26: Inspection piste de travail | K26: PK( 10+200 Au 10+580 ) | M26: 380 | P26: PPL | R26: =IF($AB26="","",IFERROR(INDEX(ITP!$G$3:$G$46,MATCH($AB26,ITP!$E$3:$E$46,0)),"")) | S26: 08:00 | U26: =IF($AB26="","",IFERROR(INDEX(ITP!$I$3:$I$46,MATCH($AB26,ITP!$E$3:$E$46,0)),"")) | V26: =IF($AB26="","",IFERROR(INDEX(ITP!$J$3:$J$46,MATCH($AB26,ITP!$E$3:$E$46,0)),"")) | W26: =IF($AB26="","",IFERROR(INDEX(ITP!$K$3:$K$46,MATCH($AB26,ITP!$E$3:$E$46,0)),"")) | X26: =IF($AB26="","",IFERROR(INDEX(ITP!$L$3:$L$46,MATCH($AB26,ITP!$E$3:$E$46,0)),"")) | Y26: =IF($AB26="","",IFERROR(INDEX(ITP!$M$3:$M$46,MATCH($AB26,ITP!$E$3:$E$46,0)),"")) | Z26: =IF($AB26="","",IFERROR(INDEX(ITP!$N$3:$N$46,MATCH($AB26,ITP!$E$3:$E$46,0)),"")) | AA26: =IF(A26="","",A26&"|"&COUNTIF($A$2:A26,A26)) | AB26: =IF($A26="","",IFERROR(INDEX(ITP!$C$3:$C$21,MATCH(1,INDEX((ITP!$A$3:$A$21=$A26)*(((ITP!$B$3:$B$21="")+ISNUMBER(SEARCH(ITP!$B$3:$B$21,$G26&" "&$T26)))>0),0),0)),""))
A27: Ouverture de la tranchée | B27: 21063-G26-PPL-RFI-0026 | D27: 45998 | E27: TRUNKLINE FROM ISW MFD TO TFTⅡCPF | F27: 21061-0000-PPL-TDW-0009 | G27: Inspection de tranchée | K27: PK 23+ 000 AU PK 23+270 23+290 AU PK 23+330) | M27: 310 | P27: PPL | R27: =IF($AB27="","",IFERROR(INDEX(ITP!$G$3:$G$46,MATCH($AB27,ITP!$E$3:$E$46,0)),"")) | S27: 08:00 | U27: =IF($AB27="","",IFERROR(INDEX(ITP!$I$3:$I$46,MATCH($AB27,ITP!$E$3:$E$46,0)),"")) | V27: =IF($AB27="","",IFERROR(INDEX(ITP!$J$3:$J$46,MATCH($AB27,ITP!$E$3:$E$46,0)),"")) | W27: =IF($AB27="","",IFERROR(INDEX(ITP!$K$3:$K$46,MATCH($AB27,ITP!$E$3:$E$46,0)),"")) | X27: =IF($AB27="","",IFERROR(INDEX(ITP!$L$3:$L$46,MATCH($AB27,ITP!$E$3:$E$46,0)),"")) | Y27: =IF($AB27="","",IFERROR(INDEX(ITP!$M$3:$M$46,MATCH($AB27,ITP!$E$3:$E$46,0)),"")) | Z27: =IF($AB27="","",IFERROR(INDEX(ITP!$N$3:$N$46,MATCH($AB27,ITP!$E$3:$E$46,0)),"")) | AA27: =IF(A27="","",A27&"|"&COUNTIF($A$2:A27,A27)) | AB27: =IF($A27="","",IFERROR(INDEX(ITP!$C$3:$C$21,MATCH(1,INDEX((ITP!$A$3:$A$21=$A27)*(((ITP!$B$3:$B$21="")+ISNUMBER(SEARCH(ITP!$B$3:$B$21,$G27&" "&$T27)))>0),0),0)),""))
A28: Ouverture de la tranchée | B28: 21063-G26-PPL-RFI-0027 | D28: 46014 | E28: TRUNKLINE FROM ISW MFD TO TFTⅡCPF | F28: 21061-0000-PPL-TDW-0009 | G28: Inspection final de la tranchée | K28: 22+ 816 AU PK 23+000 22+237 AU PK 22+779 | M28: 726 | P28: PPL | R28: =IF($AB28="","",IFERROR(INDEX(ITP!$G$3:$G$46,MATCH($AB28,ITP!$E$3:$E$46,0)),"")) | S28: 08:00 | U28: =IF($AB28="","",IFERROR(INDEX(ITP!$I$3:$I$46,MATCH($AB28,ITP!$E$3:$E$46,0)),"")) | V28: =IF($AB28="","",IFERROR(INDEX(ITP!$J$3:$J$46,MATCH($AB28,ITP!$E$3:$E$46,0)),"")) | W28: =IF($AB28="","",IFERROR(INDEX(ITP!$K$3:$K$46,MATCH($AB28,ITP!$E$3:$E$46,0)),"")) | X28: =IF($AB28="","",IFERROR(INDEX(ITP!$L$3:$L$46,MATCH($AB28,ITP!$E$3:$E$46,0)),"")) | Y28: =IF($AB28="","",IFERROR(INDEX(ITP!$M$3:$M$46,MATCH($AB28,ITP!$E$3:$E$46,0)),"")) | Z28: =IF($AB28="","",IFERROR(INDEX(ITP!$N$3:$N$46,MATCH($AB28,ITP!$E$3:$E$46,0)),"")) | AA28: =IF(A28="","",A28&"|"&COUNTIF($A$2:A28,A28)) | AB28: =IF($A28="","",IFERROR(INDEX(ITP!$C$3:$C$21,MATCH(1,INDEX((ITP!$A$3:$A$21=$A28)*(((ITP!$B$3:$B$21="")+ISNUMBER(SEARCH(ITP!$B$3:$B$21,$G28&" "&$T28)))>0),0),0)),""))
A29: Relevé topographique | B29: 21063-G2-PPL-RFI-0028 | D29: 46023 | E29: ISB 302Z Vers MFD-ISB | G29: Relvé Topoghraphique de FLOWLINE | P29: PPL | R29: =IF($AB29="","",IFERROR(INDEX(ITP!$G$3:$G$46,MATCH($AB29,ITP!$E$3:$E$46,0)),"")) | S29: 08:00 | U29: =IF($AB29="","",IFERROR(INDEX(ITP!$I$3:$I$46,MATCH($AB29,ITP!$E$3:$E$46,0)),"")) | V29: =IF($AB29="","",IFERROR(INDEX(ITP!$J$3:$J$46,MATCH($AB29,ITP!$E$3:$E$46,0)),"")) | W29: =IF($AB29="","",IFERROR(INDEX(ITP!$K$3:$K$46,MATCH($AB29,ITP!$E$3:$E$46,0)),"")) | X29: =IF($AB29="","",IFERROR(INDEX(ITP!$L$3:$L$46,MATCH($AB29,ITP!$E$3:$E$46,0)),"")) | Y29: =IF($AB29="","",IFERROR(INDEX(ITP!$M$3:$M$46,MATCH($AB29,ITP!$E$3:$E$46,0)),"")) | Z29: =IF($AB29="","",IFERROR(INDEX(ITP!$N$3:$N$46,MATCH($AB29,ITP!$E$3:$E$46,0)),"")) | AA29: =IF(A29="","",A29&"|"&COUNTIF($A$2:A29,A29)) | AB29: =IF($A29="","",IFERROR(INDEX(ITP!$C$3:$C$21,MATCH(1,INDEX((ITP!$A$3:$A$21=$A29)*(((ITP!$B$3:$B$21="")+ISNUMBER(SEARCH(ITP!$B$3:$B$21,$G29&" "&$T29)))>0),0),0)),""))
A30: Relevé topographique | B30: 21063-G3-PPL-RFI-0029 | D30: 46023 | E30: ISB 303 Vers MFD-ISB | G30: Relvé Topoghraphique de FLOWLINE | P30: PPL | R30: =IF($AB30="","",IFERROR(INDEX(ITP!$G$3:$G$46,MATCH($AB30,ITP!$E$3:$E$46,0)),"")) | S30: 08:00 | U30: =IF($AB30="","",IFERROR(INDEX(ITP!$I$3:$I$46,MATCH($AB30,ITP!$E$3:$E$46,0)),"")) | V30: =IF($AB30="","",IFERROR(INDEX(ITP!$J$3:$J$46,MATCH($AB30,ITP!$E$3:$E$46,0)),"")) | W30: =IF($AB30="","",IFERROR(INDEX(ITP!$K$3:$K$46,MATCH($AB30,ITP!$E$3:$E$46,0)),"")) | X30: =IF($AB30="","",IFERROR(INDEX(ITP!$L$3:$L$46,MATCH($AB30,ITP!$E$3:$E$46,0)),"")) | Y30: =IF($AB30="","",IFERROR(INDEX(ITP!$M$3:$M$46,MATCH($AB30,ITP!$E$3:$E$46,0)),"")) | Z30: =IF($AB30="","",IFERROR(INDEX(ITP!$N$3:$N$46,MATCH($AB30,ITP!$E$3:$E$46,0)),"")) | AA30: =IF(A30="","",A30&"|"&COUNTIF($A$2:A30,A30)) | AB30: =IF($A30="","",IFERROR(INDEX(ITP!$C$3:$C$21,MATCH(1,INDEX((ITP!$A$3:$A$21=$A30)*(((ITP!$B$3:$B$21="")+ISNUMBER(SEARCH(ITP!$B$3:$B$21,$G30&" "&$T30)))>0),0),0)),""))
A31: Relevé topographique | B31: 21063-G4-PPL-RFI-0030 | D31: 46023 | E31: FLOWLINE ISB 304 Vers MFD-ISB | G31: Relvé Topoghraphique | P31: PPL | R31: =IF($AB31="","",IFERROR(INDEX(ITP!$G$3:$G$46,MATCH($AB31,ITP!$E$3:$E$46,0)),"")) | S31: 08:00 | U31: =IF($AB31="","",IFERROR(INDEX(ITP!$I$3:$I$46,MATCH($AB31,ITP!$E$3:$E$46,0)),"")) | V31: =IF($AB31="","",IFERROR(INDEX(ITP!$J$3:$J$46,MATCH($AB31,ITP!$E$3:$E$46,0)),"")) | W31: =IF($AB31="","",IFERROR(INDEX(ITP!$K$3:$K$46,MATCH($AB31,ITP!$E$3:$E$46,0)),"")) | X31: =IF($AB31="","",IFERROR(INDEX(ITP!$L$3:$L$46,MATCH($AB31,ITP!$E$3:$E$46,0)),"")) | Y31: =IF($AB31="","",IFERROR(INDEX(ITP!$M$3:$M$46,MATCH($AB31,ITP!$E$3:$E$46,0)),"")) | Z31: =IF($AB31="","",IFERROR(INDEX(ITP!$N$3:$N$46,MATCH($AB31,ITP!$E$3:$E$46,0)),"")) | AA31: =IF(A31="","",A31&"|"&COUNTIF($A$2:A31,A31)) | AB31: =IF($A31="","",IFERROR(INDEX(ITP!$C$3:$C$21,MATCH(1,INDEX((ITP!$A$3:$A$21=$A31)*(((ITP!$B$3:$B$21="")+ISNUMBER(SEARCH(ITP!$B$3:$B$21,$G31&" "&$T31)))>0),0),0)),""))
A32: Ouverture de la tranchée | B32: 21063-G26-PPL-RFI-0031 | D32: 46025 | F32: 21061-0000-PPL-TDW-0009 | G32: Inspection Final de la Tranchée | K32: 21+ 401 AU 21+550 21+600 au 22+250 | M32: 799 | P32: PPL | R32: =IF($AB32="","",IFERROR(INDEX(ITP!$G$3:$G$46,MATCH($AB32,ITP!$E$3:$E$46,0)),"")) | S32: 08:00 | U32: =IF($AB32="","",IFERROR(INDEX(ITP!$I$3:$I$46,MATCH($AB32,ITP!$E$3:$E$46,0)),"")) | V32: =IF($AB32="","",IFERROR(INDEX(ITP!$J$3:$J$46,MATCH($AB32,ITP!$E$3:$E$46,0)),"")) | W32: =IF($AB32="","",IFERROR(INDEX(ITP!$K$3:$K$46,MATCH($AB32,ITP!$E$3:$E$46,0)),"")) | X32: =IF($AB32="","",IFERROR(INDEX(ITP!$L$3:$L$46,MATCH($AB32,ITP!$E$3:$E$46,0)),"")) | Y32: =IF($AB32="","",IFERROR(INDEX(ITP!$M$3:$M$46,MATCH($AB32,ITP!$E$3:$E$46,0)),"")) | Z32: =IF($AB32="","",IFERROR(INDEX(ITP!$N$3:$N$46,MATCH($AB32,ITP!$E$3:$E$46,0)),"")) | AA32: =IF(A32="","",A32&"|"&COUNTIF($A$2:A32,A32)) | AB32: =IF($A32="","",IFERROR(INDEX(ITP!$C$3:$C$21,MATCH(1,INDEX((ITP!$A$3:$A$21=$A32)*(((ITP!$B$3:$B$21="")+ISNUMBER(SEARCH(ITP!$B$3:$B$21,$G32&" "&$T32)))>0),0),0)),""))
A33: Piste de travail | B33: 21063-G26-PPL-RFI-0032 | D33: 46039 | E33: TRUNKLINE FROM ISW MFD TO TFTⅡCPF | F33: 21063-G0-PPL-PR-0007 | G33: Inspection final de la Piste de travail | K33: 5+431 au 6+952 et 7+135 au 7+231 7+373 au 7+980 et 8+060 au 8+549 | M33: 2713 | P33: PPL | R33: =IF($AB33="","",IFERROR(INDEX(ITP!$G$3:$G$46,MATCH($AB33,ITP!$E$3:$E$46,0)),"")) | S33: 08:00 | U33: =IF($AB33="","",IFERROR(INDEX(ITP!$I$3:$I$46,MATCH($AB33,ITP!$E$3:$E$46,0)),"")) | V33: =IF($AB33="","",IFERROR(INDEX(ITP!$J$3:$J$46,MATCH($AB33,ITP!$E$3:$E$46,0)),"")) | W33: =IF($AB33="","",IFERROR(INDEX(ITP!$K$3:$K$46,MATCH($AB33,ITP!$E$3:$E$46,0)),"")) | X33: =IF($AB33="","",IFERROR(INDEX(ITP!$L$3:$L$46,MATCH($AB33,ITP!$E$3:$E$46,0)),"")) | Y33: =IF($AB33="","",IFERROR(INDEX(ITP!$M$3:$M$46,MATCH($AB33,ITP!$E$3:$E$46,0)),"")) | Z33: =IF($AB33="","",IFERROR(INDEX(ITP!$N$3:$N$46,MATCH($AB33,ITP!$E$3:$E$46,0)),"")) | AA33: =IF(A33="","",A33&"|"&COUNTIF($A$2:A33,A33)) | AB33: =IF($A33="","",IFERROR(INDEX(ITP!$C$3:$C$21,MATCH(1,INDEX((ITP!$A$3:$A$21=$A33)*(((ITP!$B$3:$B$21="")+ISNUMBER(SEARCH(ITP!$B$3:$B$21,$G33&" "&$T33)))>0),0),0)),""))
A34: Piste de travail | B34: 21063-G2-PPL-RFI-0033 | D34: 46039 | E34: ISB-302 | F34: 21063-G0-PPL-PR-0007 | G34: Inspection final de la Piste de travail | K34: PK 0+000 au 0+650 | M34: 650 | P34: PPL | R34: =IF($AB34="","",IFERROR(INDEX(ITP!$G$3:$G$46,MATCH($AB34,ITP!$E$3:$E$46,0)),"")) | S34: 08:00 | U34: =IF($AB34="","",IFERROR(INDEX(ITP!$I$3:$I$46,MATCH($AB34,ITP!$E$3:$E$46,0)),"")) | V34: =IF($AB34="","",IFERROR(INDEX(ITP!$J$3:$J$46,MATCH($AB34,ITP!$E$3:$E$46,0)),"")) | W34: =IF($AB34="","",IFERROR(INDEX(ITP!$K$3:$K$46,MATCH($AB34,ITP!$E$3:$E$46,0)),"")) | X34: =IF($AB34="","",IFERROR(INDEX(ITP!$L$3:$L$46,MATCH($AB34,ITP!$E$3:$E$46,0)),"")) | Y34: =IF($AB34="","",IFERROR(INDEX(ITP!$M$3:$M$46,MATCH($AB34,ITP!$E$3:$E$46,0)),"")) | Z34: =IF($AB34="","",IFERROR(INDEX(ITP!$N$3:$N$46,MATCH($AB34,ITP!$E$3:$E$46,0)),"")) | AA34: =IF(A34="","",A34&"|"&COUNTIF($A$2:A34,A34)) | AB34: =IF($A34="","",IFERROR(INDEX(ITP!$C$3:$C$21,MATCH(1,INDEX((ITP!$A$3:$A$21=$A34)*(((ITP!$B$3:$B$21="")+ISNUMBER(SEARCH(ITP!$B$3:$B$21,$G34&" "&$T34)))>0),0),0)),""))
A35: Piste de travail | B35: 21063-G3-PPL-RFI-0034 | D35: 46039 | E35: ISB-303 | F35: 21063-G0-PPL-PR-0007 | G35: Inspection final de la Piste de travail | K35: PK 0+000 au 0+619 | M35: 619 | P35: PPL | R35: =IF($AB35="","",IFERROR(INDEX(ITP!$G$3:$G$46,MATCH($AB35,ITP!$E$3:$E$46,0)),"")) | S35: 08:00 | U35: =IF($AB35="","",IFERROR(INDEX(ITP!$I$3:$I$46,MATCH($AB35,ITP!$E$3:$E$46,0)),"")) | V35: =IF($AB35="","",IFERROR(INDEX(ITP!$J$3:$J$46,MATCH($AB35,ITP!$E$3:$E$46,0)),"")) | W35: =IF($AB35="","",IFERROR(INDEX(ITP!$K$3:$K$46,MATCH($AB35,ITP!$E$3:$E$46,0)),"")) | X35: =IF($AB35="","",IFERROR(INDEX(ITP!$L$3:$L$46,MATCH($AB35,ITP!$E$3:$E$46,0)),"")) | Y35: =IF($AB35="","",IFERROR(INDEX(ITP!$M$3:$M$46,MATCH($AB35,ITP!$E$3:$E$46,0)),"")) | Z35: =IF($AB35="","",IFERROR(INDEX(ITP!$N$3:$N$46,MATCH($AB35,ITP!$E$3:$E$46,0)),"")) | AA35: =IF(A35="","",A35&"|"&COUNTIF($A$2:A35,A35)) | AB35: =IF($A35="","",IFERROR(INDEX(ITP!$C$3:$C$21,MATCH(1,INDEX((ITP!$A$3:$A$21=$A35)*(((ITP!$B$3:$B$21="")+ISNUMBER(SEARCH(ITP!$B$3:$B$21,$G35&" "&$T35)))>0),0),0)),""))
A36: Ouverture de la tranchée | B36: 21063-G26-PPL-RFI-0035 | D36: 46039 | E36: TRUNKLINE FROM ISW MFD TO TFTⅡCPF | F36: 21061-0000-PPL-TDW-0009 | G36: Inspection final de la tranchée | K36: PK (7+ 800 AU 8+000 et 8+020 AU 9+170) (9+ 710 AU 9+850 et 9+900 AU 10+800) (11+ 430 AU 11+530 et 11+620 AU 11+850) | M36: 1350 | P36: PPL | R36: =IF($AB36="","",IFERROR(INDEX(ITP!$G$3:$G$46,MATCH($AB36,ITP!$E$3:$E$46,0)),"")) | S36: 08:00 | U36: =IF($AB36="","",IFERROR(INDEX(ITP!$I$3:$I$46,MATCH($AB36,ITP!$E$3:$E$46,0)),"")) | V36: =IF($AB36="","",IFERROR(INDEX(ITP!$J$3:$J$46,MATCH($AB36,ITP!$E$3:$E$46,0)),"")) | W36: =IF($AB36="","",IFERROR(INDEX(ITP!$K$3:$K$46,MATCH($AB36,ITP!$E$3:$E$46,0)),"")) | X36: =IF($AB36="","",IFERROR(INDEX(ITP!$L$3:$L$46,MATCH($AB36,ITP!$E$3:$E$46,0)),"")) | Y36: =IF($AB36="","",IFERROR(INDEX(ITP!$M$3:$M$46,MATCH($AB36,ITP!$E$3:$E$46,0)),"")) | Z36: =IF($AB36="","",IFERROR(INDEX(ITP!$N$3:$N$46,MATCH($AB36,ITP!$E$3:$E$46,0)),"")) | AA36: =IF(A36="","",A36&"|"&COUNTIF($A$2:A36,A36)) | AB36: =IF($A36="","",IFERROR(INDEX(ITP!$C$3:$C$21,MATCH(1,INDEX((ITP!$A$3:$A$21=$A36)*(((ITP!$B$3:$B$21="")+ISNUMBER(SEARCH(ITP!$B$3:$B$21,$G36&" "&$T36)))>0),0),0)),""))
A37: Ouverture de la tranchée | B37: 21063-G26-PPL-RFI-0036 | D37: 46045 | E37: TRUNKLINE FROM ISW MFD TO TFTⅡCPF | F37: 21061-0000-PPL-TDW-0009 | G37: Inspection final de la tranchée | K37: PK 14+850 au 16+200 et 19+650 au 19+730 19+780 au 21+120 et 21+160 au 21+240 21+270 au 21+350 | M37: 2930 | P37: PPL | R37: =IF($AB37="","",IFERROR(INDEX(ITP!$G$3:$G$46,MATCH($AB37,ITP!$E$3:$E$46,0)),"")) | S37: 08:00 | U37: =IF($AB37="","",IFERROR(INDEX(ITP!$I$3:$I$46,MATCH($AB37,ITP!$E$3:$E$46,0)),"")) | V37: =IF($AB37="","",IFERROR(INDEX(ITP!$J$3:$J$46,MATCH($AB37,ITP!$E$3:$E$46,0)),"")) | W37: =IF($AB37="","",IFERROR(INDEX(ITP!$K$3:$K$46,MATCH($AB37,ITP!$E$3:$E$46,0)),"")) | X37: =IF($AB37="","",IFERROR(INDEX(ITP!$L$3:$L$46,MATCH($AB37,ITP!$E$3:$E$46,0)),"")) | Y37: =IF($AB37="","",IFERROR(INDEX(ITP!$M$3:$M$46,MATCH($AB37,ITP!$E$3:$E$46,0)),"")) | Z37: =IF($AB37="","",IFERROR(INDEX(ITP!$N$3:$N$46,MATCH($AB37,ITP!$E$3:$E$46,0)),"")) | AA37: =IF(A37="","",A37&"|"&COUNTIF($A$2:A37,A37)) | AB37: =IF($A37="","",IFERROR(INDEX(ITP!$C$3:$C$21,MATCH(1,INDEX((ITP!$A$3:$A$21=$A37)*(((ITP!$B$3:$B$21="")+ISNUMBER(SEARCH(ITP!$B$3:$B$21,$G37&" "&$T37)))>0),0),0)),""))
A38: Piste de travail | B38: 21063-G4-PPL-RFI-0037 | D38: 46046 | E38: ISB-304 | F38: 21063-G0-PPL-PR-0007 | G38: Inspection final de la Piste de travail | K38: PK 2+345 au 4+146 | M38: 1801 | P38: PPL | R38: =IF($AB38="","",IFERROR(INDEX(ITP!$G$3:$G$46,MATCH($AB38,ITP!$E$3:$E$46,0)),"")) | S38: 08:00 | U38: =IF($AB38="","",IFERROR(INDEX(ITP!$I$3:$I$46,MATCH($AB38,ITP!$E$3:$E$46,0)),"")) | V38: =IF($AB38="","",IFERROR(INDEX(ITP!$J$3:$J$46,MATCH($AB38,ITP!$E$3:$E$46,0)),"")) | W38: =IF($AB38="","",IFERROR(INDEX(ITP!$K$3:$K$46,MATCH($AB38,ITP!$E$3:$E$46,0)),"")) | X38: =IF($AB38="","",IFERROR(INDEX(ITP!$L$3:$L$46,MATCH($AB38,ITP!$E$3:$E$46,0)),"")) | Y38: =IF($AB38="","",IFERROR(INDEX(ITP!$M$3:$M$46,MATCH($AB38,ITP!$E$3:$E$46,0)),"")) | Z38: =IF($AB38="","",IFERROR(INDEX(ITP!$N$3:$N$46,MATCH($AB38,ITP!$E$3:$E$46,0)),"")) | AA38: =IF(A38="","",A38&"|"&COUNTIF($A$2:A38,A38)) | AB38: =IF($A38="","",IFERROR(INDEX(ITP!$C$3:$C$21,MATCH(1,INDEX((ITP!$A$3:$A$21=$A38)*(((ITP!$B$3:$B$21="")+ISNUMBER(SEARCH(ITP!$B$3:$B$21,$G38&" "&$T38)))>0),0),0)),""))
A39: Piste de travail | B39: 21063-G26-PPL-RFI-0038 | D39: 46048 | E39: TRUNKLINE FROM ISW MFD TO TFTⅡCPF | F39: 21063-G0-PPL-PR-0007 | G39: Inspection final de la Piste de travail | K39: PK 9+297 au 9+584 et 9+864 au 10+314 9+864 au 10+314 et 10+803 au 11+526 | M39: 1910 | P39: PPL | R39: =IF($AB39="","",IFERROR(INDEX(ITP!$G$3:$G$46,MATCH($AB39,ITP!$E$3:$E$46,0)),"")) | S39: 08:00 | U39: =IF($AB39="","",IFERROR(INDEX(ITP!$I$3:$I$46,MATCH($AB39,ITP!$E$3:$E$46,0)),"")) | V39: =IF($AB39="","",IFERROR(INDEX(ITP!$J$3:$J$46,MATCH($AB39,ITP!$E$3:$E$46,0)),"")) | W39: =IF($AB39="","",IFERROR(INDEX(ITP!$K$3:$K$46,MATCH($AB39,ITP!$E$3:$E$46,0)),"")) | X39: =IF($AB39="","",IFERROR(INDEX(ITP!$L$3:$L$46,MATCH($AB39,ITP!$E$3:$E$46,0)),"")) | Y39: =IF($AB39="","",IFERROR(INDEX(ITP!$M$3:$M$46,MATCH($AB39,ITP!$E$3:$E$46,0)),"")) | Z39: =IF($AB39="","",IFERROR(INDEX(ITP!$N$3:$N$46,MATCH($AB39,ITP!$E$3:$E$46,0)),"")) | AA39: =IF(A39="","",A39&"|"&COUNTIF($A$2:A39,A39)) | AB39: =IF($A39="","",IFERROR(INDEX(ITP!$C$3:$C$21,MATCH(1,INDEX((ITP!$A$3:$A$21=$A39)*(((ITP!$B$3:$B$21="")+ISNUMBER(SEARCH(ITP!$B$3:$B$21,$G39&" "&$T39)))>0),0),0)),""))
A40: Relevé topographique | B40: 21063-G25-PPL-RFI-0039 | D40: 46048 | E40: MFD-ISB Vers MFD-ISW | G40: Relvé Topoghraphique de FLOWLINE | P40: PPL | R40: =IF($AB40="","",IFERROR(INDEX(ITP!$G$3:$G$46,MATCH($AB40,ITP!$E$3:$E$46,0)),"")) | S40: 08:00 | U40: =IF($AB40="","",IFERROR(INDEX(ITP!$I$3:$I$46,MATCH($AB40,ITP!$E$3:$E$46,0)),"")) | V40: =IF($AB40="","",IFERROR(INDEX(ITP!$J$3:$J$46,MATCH($AB40,ITP!$E$3:$E$46,0)),"")) | W40: =IF($AB40="","",IFERROR(INDEX(ITP!$K$3:$K$46,MATCH($AB40,ITP!$E$3:$E$46,0)),"")) | X40: =IF($AB40="","",IFERROR(INDEX(ITP!$L$3:$L$46,MATCH($AB40,ITP!$E$3:$E$46,0)),"")) | Y40: =IF($AB40="","",IFERROR(INDEX(ITP!$M$3:$M$46,MATCH($AB40,ITP!$E$3:$E$46,0)),"")) | Z40: =IF($AB40="","",IFERROR(INDEX(ITP!$N$3:$N$46,MATCH($AB40,ITP!$E$3:$E$46,0)),"")) | AA40: =IF(A40="","",A40&"|"&COUNTIF($A$2:A40,A40)) | AB40: =IF($A40="","",IFERROR(INDEX(ITP!$C$3:$C$21,MATCH(1,INDEX((ITP!$A$3:$A$21=$A40)*(((ITP!$B$3:$B$21="")+ISNUMBER(SEARCH(ITP!$B$3:$B$21,$G40&" "&$T40)))>0),0),0)),""))
A41: Ouverture de la tranchée | B41: 21063-G26-PPL-RFI-0040 | D41: 46049 | E41: TRUNKLINE FROM ISW MFD TO TFTⅡCPF | F41: 21061-0000-PPL-TDW-0009 | G41: Inspection final de la tranchée ISW/CPF | K41: PK (6+620 au 6+990 et 7+110 au 7+150) (7+220 au 7+020 et 16+160 au 16+850 ) | M41: 1300 | P41: PPL | R41: =IF($AB41="","",IFERROR(INDEX(ITP!$G$3:$G$46,MATCH($AB41,ITP!$E$3:$E$46,0)),"")) | S41: 08:00 | U41: =IF($AB41="","",IFERROR(INDEX(ITP!$I$3:$I$46,MATCH($AB41,ITP!$E$3:$E$46,0)),"")) | V41: =IF($AB41="","",IFERROR(INDEX(ITP!$J$3:$J$46,MATCH($AB41,ITP!$E$3:$E$46,0)),"")) | W41: =IF($AB41="","",IFERROR(INDEX(ITP!$K$3:$K$46,MATCH($AB41,ITP!$E$3:$E$46,0)),"")) | X41: =IF($AB41="","",IFERROR(INDEX(ITP!$L$3:$L$46,MATCH($AB41,ITP!$E$3:$E$46,0)),"")) | Y41: =IF($AB41="","",IFERROR(INDEX(ITP!$M$3:$M$46,MATCH($AB41,ITP!$E$3:$E$46,0)),"")) | Z41: =IF($AB41="","",IFERROR(INDEX(ITP!$N$3:$N$46,MATCH($AB41,ITP!$E$3:$E$46,0)),"")) | AA41: =IF(A41="","",A41&"|"&COUNTIF($A$2:A41,A41)) | AB41: =IF($A41="","",IFERROR(INDEX(ITP!$C$3:$C$21,MATCH(1,INDEX((ITP!$A$3:$A$21=$A41)*(((ITP!$B$3:$B$21="")+ISNUMBER(SEARCH(ITP!$B$3:$B$21,$G41&" "&$T41)))>0),0),0)),""))
A42: Piste de travail | B42: 21063-G4-PPL-RFI-0041 | D42: 46050 | E42: ISB-304 to ISB MFD | F42: 21063-G0-PPL-PR-0007 | G42: Inspection final de la Piste de travail | K42: PK 0+000 to 2+361 | M42: 2361 | P42: PPL | R42: =IF($AB42="","",IFERROR(INDEX(ITP!$G$3:$G$46,MATCH($AB42,ITP!$E$3:$E$46,0)),"")) | S42: 08:00 | U42: =IF($AB42="","",IFERROR(INDEX(ITP!$I$3:$I$46,MATCH($AB42,ITP!$E$3:$E$46,0)),"")) | V42: =IF($AB42="","",IFERROR(INDEX(ITP!$J$3:$J$46,MATCH($AB42,ITP!$E$3:$E$46,0)),"")) | W42: =IF($AB42="","",IFERROR(INDEX(ITP!$K$3:$K$46,MATCH($AB42,ITP!$E$3:$E$46,0)),"")) | X42: =IF($AB42="","",IFERROR(INDEX(ITP!$L$3:$L$46,MATCH($AB42,ITP!$E$3:$E$46,0)),"")) | Y42: =IF($AB42="","",IFERROR(INDEX(ITP!$M$3:$M$46,MATCH($AB42,ITP!$E$3:$E$46,0)),"")) | Z42: =IF($AB42="","",IFERROR(INDEX(ITP!$N$3:$N$46,MATCH($AB42,ITP!$E$3:$E$46,0)),"")) | AA42: =IF(A42="","",A42&"|"&COUNTIF($A$2:A42,A42)) | AB42: =IF($A42="","",IFERROR(INDEX(ITP!$C$3:$C$21,MATCH(1,INDEX((ITP!$A$3:$A$21=$A42)*(((ITP!$B$3:$B$21="")+ISNUMBER(SEARCH(ITP!$B$3:$B$21,$G42&" "&$T42)))>0),0),0)),""))
A43: Ouverture de la tranchée | B43: 21063-G26-PPL-RFI-0042 | D43: 46052 | F43: 21061-0000-PPL-TDW-0009 | G43: Inspection final de la tranchée | K43: (12+350 au 13+000 et 13+300 au 14+800) | M43: 2150 | P43: PPL | R43: =IF($AB43="","",IFERROR(INDEX(ITP!$G$3:$G$46,MATCH($AB43,ITP!$E$3:$E$46,0)),"")) | S43: 08:00 | U43: =IF($AB43="","",IFERROR(INDEX(ITP!$I$3:$I$46,MATCH($AB43,ITP!$E$3:$E$46,0)),"")) | V43: =IF($AB43="","",IFERROR(INDEX(ITP!$J$3:$J$46,MATCH($AB43,ITP!$E$3:$E$46,0)),"")) | W43: =IF($AB43="","",IFERROR(INDEX(ITP!$K$3:$K$46,MATCH($AB43,ITP!$E$3:$E$46,0)),"")) | X43: =IF($AB43="","",IFERROR(INDEX(ITP!$L$3:$L$46,MATCH($AB43,ITP!$E$3:$E$46,0)),"")) | Y43: =IF($AB43="","",IFERROR(INDEX(ITP!$M$3:$M$46,MATCH($AB43,ITP!$E$3:$E$46,0)),"")) | Z43: =IF($AB43="","",IFERROR(INDEX(ITP!$N$3:$N$46,MATCH($AB43,ITP!$E$3:$E$46,0)),"")) | AA43: =IF(A43="","",A43&"|"&COUNTIF($A$2:A43,A43)) | AB43: =IF($A43="","",IFERROR(INDEX(ITP!$C$3:$C$21,MATCH(1,INDEX((ITP!$A$3:$A$21=$A43)*(((ITP!$B$3:$B$21="")+ISNUMBER(SEARCH(ITP!$B$3:$B$21,$G43&" "&$T43)))>0),0),0)),""))
A44: Transport et bardage | B44: 21063-G3-PPL-RFI-0043 | D44: 46052 | E44: ISB-303 TO ISB MFD | F44: 21063-G0-PPL-PR-0009 | G44: Bardage de pipe | K44: PK (0+050 to 0+602 ) | M44: 552 | P44: PPL | R44: =IF($AB44="","",IFERROR(INDEX(ITP!$G$3:$G$46,MATCH($AB44,ITP!$E$3:$E$46,0)),"")) | S44: 08:00 | U44: =IF($AB44="","",IFERROR(INDEX(ITP!$I$3:$I$46,MATCH($AB44,ITP!$E$3:$E$46,0)),"")) | V44: =IF($AB44="","",IFERROR(INDEX(ITP!$J$3:$J$46,MATCH($AB44,ITP!$E$3:$E$46,0)),"")) | W44: =IF($AB44="","",IFERROR(INDEX(ITP!$K$3:$K$46,MATCH($AB44,ITP!$E$3:$E$46,0)),"")) | X44: =IF($AB44="","",IFERROR(INDEX(ITP!$L$3:$L$46,MATCH($AB44,ITP!$E$3:$E$46,0)),"")) | Y44: =IF($AB44="","",IFERROR(INDEX(ITP!$M$3:$M$46,MATCH($AB44,ITP!$E$3:$E$46,0)),"")) | Z44: =IF($AB44="","",IFERROR(INDEX(ITP!$N$3:$N$46,MATCH($AB44,ITP!$E$3:$E$46,0)),"")) | AA44: =IF(A44="","",A44&"|"&COUNTIF($A$2:A44,A44)) | AB44: =IF($A44="","",IFERROR(INDEX(ITP!$C$3:$C$21,MATCH(1,INDEX((ITP!$A$3:$A$21=$A44)*(((ITP!$B$3:$B$21="")+ISNUMBER(SEARCH(ITP!$B$3:$B$21,$G44&" "&$T44)))>0),0),0)),""))
A45: Transport et bardage | B45: 21063-G4-PPL-RFI-0044 | D45: 46052 | E45: ISB-304 TO ISB MFD | F45: 21063-G0-PPL-PR-0009 | G45: Bardage de pipe | K45: PK (2+960 to 4+110 | M45: 1150 | P45: PPL | R45: =IF($AB45="","",IFERROR(INDEX(ITP!$G$3:$G$46,MATCH($AB45,ITP!$E$3:$E$46,0)),"")) | S45: 08:00 | U45: =IF($AB45="","",IFERROR(INDEX(ITP!$I$3:$I$46,MATCH($AB45,ITP!$E$3:$E$46,0)),"")) | V45: =IF($AB45="","",IFERROR(INDEX(ITP!$J$3:$J$46,MATCH($AB45,ITP!$E$3:$E$46,0)),"")) | W45: =IF($AB45="","",IFERROR(INDEX(ITP!$K$3:$K$46,MATCH($AB45,ITP!$E$3:$E$46,0)),"")) | X45: =IF($AB45="","",IFERROR(INDEX(ITP!$L$3:$L$46,MATCH($AB45,ITP!$E$3:$E$46,0)),"")) | Y45: =IF($AB45="","",IFERROR(INDEX(ITP!$M$3:$M$46,MATCH($AB45,ITP!$E$3:$E$46,0)),"")) | Z45: =IF($AB45="","",IFERROR(INDEX(ITP!$N$3:$N$46,MATCH($AB45,ITP!$E$3:$E$46,0)),"")) | AA45: =IF(A45="","",A45&"|"&COUNTIF($A$2:A45,A45)) | AB45: =IF($A45="","",IFERROR(INDEX(ITP!$C$3:$C$21,MATCH(1,INDEX((ITP!$A$3:$A$21=$A45)*(((ITP!$B$3:$B$21="")+ISNUMBER(SEARCH(ITP!$B$3:$B$21,$G45&" "&$T45)))>0),0),0)),""))
A46: Piste de travail | B46: 21063-G2-PPL-RFI-0045 | D46: 46052 | E46: ISB-302 | F46: 21063-G0-PPL-PR-0007 | G46: Inspection final de la Piste de travail | K46: PK 0+650 au 1+156 | M46: 506 | P46: PPL | R46: =IF($AB46="","",IFERROR(INDEX(ITP!$G$3:$G$46,MATCH($AB46,ITP!$E$3:$E$46,0)),"")) | S46: 08:00 | U46: =IF($AB46="","",IFERROR(INDEX(ITP!$I$3:$I$46,MATCH($AB46,ITP!$E$3:$E$46,0)),"")) | V46: =IF($AB46="","",IFERROR(INDEX(ITP!$J$3:$J$46,MATCH($AB46,ITP!$E$3:$E$46,0)),"")) | W46: =IF($AB46="","",IFERROR(INDEX(ITP!$K$3:$K$46,MATCH($AB46,ITP!$E$3:$E$46,0)),"")) | X46: =IF($AB46="","",IFERROR(INDEX(ITP!$L$3:$L$46,MATCH($AB46,ITP!$E$3:$E$46,0)),"")) | Y46: =IF($AB46="","",IFERROR(INDEX(ITP!$M$3:$M$46,MATCH($AB46,ITP!$E$3:$E$46,0)),"")) | Z46: =IF($AB46="","",IFERROR(INDEX(ITP!$N$3:$N$46,MATCH($AB46,ITP!$E$3:$E$46,0)),"")) | AA46: =IF(A46="","",A46&"|"&COUNTIF($A$2:A46,A46)) | AB46: =IF($A46="","",IFERROR(INDEX(ITP!$C$3:$C$21,MATCH(1,INDEX((ITP!$A$3:$A$21=$A46)*(((ITP!$B$3:$B$21="")+ISNUMBER(SEARCH(ITP!$B$3:$B$21,$G46&" "&$T46)))>0),0),0)),""))
A47: Ouverture de la tranchée | B47: 21063-G26-PPL-RFI-0046 | D47: 46060 | F47: 21061-0000-PPL-TDW-0009 | G47: Inspection final de la tranchée | K47: PK (16+850 au 17+100 et 17+120 au 18+450 et 18+470 au 18+790 et 18+810 au 19+000) | M47: 2090 | P47: PPL | R47: =IF($AB47="","",IFERROR(INDEX(ITP!$G$3:$G$46,MATCH($AB47,ITP!$E$3:$E$46,0)),"")) | S47: 08:00 | U47: =IF($AB47="","",IFERROR(INDEX(ITP!$I$3:$I$46,MATCH($AB47,ITP!$E$3:$E$46,0)),"")) | V47: =IF($AB47="","",IFERROR(INDEX(ITP!$J$3:$J$46,MATCH($AB47,ITP!$E$3:$E$46,0)),"")) | W47: =IF($AB47="","",IFERROR(INDEX(ITP!$K$3:$K$46,MATCH($AB47,ITP!$E$3:$E$46,0)),"")) | X47: =IF($AB47="","",IFERROR(INDEX(ITP!$L$3:$L$46,MATCH($AB47,ITP!$E$3:$E$46,0)),"")) | Y47: =IF($AB47="","",IFERROR(INDEX(ITP!$M$3:$M$46,MATCH($AB47,ITP!$E$3:$E$46,0)),"")) | Z47: =IF($AB47="","",IFERROR(INDEX(ITP!$N$3:$N$46,MATCH($AB47,ITP!$E$3:$E$46,0)),"")) | AA47: =IF(A47="","",A47&"|"&COUNTIF($A$2:A47,A47)) | AB47: =IF($A47="","",IFERROR(INDEX(ITP!$C$3:$C$21,MATCH(1,INDEX((ITP!$A$3:$A$21=$A47)*(((ITP!$B$3:$B$21="")+ISNUMBER(SEARCH(ITP!$B$3:$B$21,$G47&" "&$T47)))>0),0),0)),""))
A48: Transport et bardage | B48: 21063-G2-PPL-RFI-0047 | D48: 46060 | E48: ISB-302 TO ISB MFD | F48: 21063-G0-PPL-PR-0009 | G48: Bardage de pipe | K48: PK (0+100 to 1+430) | M48: 1330 | P48: PPL | R48: =IF($AB48="","",IFERROR(INDEX(ITP!$G$3:$G$46,MATCH($AB48,ITP!$E$3:$E$46,0)),"")) | S48: 08:00 | U48: =IF($AB48="","",IFERROR(INDEX(ITP!$I$3:$I$46,MATCH($AB48,ITP!$E$3:$E$46,0)),"")) | V48: =IF($AB48="","",IFERROR(INDEX(ITP!$J$3:$J$46,MATCH($AB48,ITP!$E$3:$E$46,0)),"")) | W48: =IF($AB48="","",IFERROR(INDEX(ITP!$K$3:$K$46,MATCH($AB48,ITP!$E$3:$E$46,0)),"")) | X48: =IF($AB48="","",IFERROR(INDEX(ITP!$L$3:$L$46,MATCH($AB48,ITP!$E$3:$E$46,0)),"")) | Y48: =IF($AB48="","",IFERROR(INDEX(ITP!$M$3:$M$46,MATCH($AB48,ITP!$E$3:$E$46,0)),"")) | Z48: =IF($AB48="","",IFERROR(INDEX(ITP!$N$3:$N$46,MATCH($AB48,ITP!$E$3:$E$46,0)),"")) | AA48: =IF(A48="","",A48&"|"&COUNTIF($A$2:A48,A48)) | AB48: =IF($A48="","",IFERROR(INDEX(ITP!$C$3:$C$21,MATCH(1,INDEX((ITP!$A$3:$A$21=$A48)*(((ITP!$B$3:$B$21="")+ISNUMBER(SEARCH(ITP!$B$3:$B$21,$G48&" "&$T48)))>0),0),0)),""))
A49: Ouverture de la tranchée | B49: 21063-G2-PPL-RFI-0048 | D49: 46063 | F49: 21061-0000-PPL-TDW-0009 | G49: Inspection final de la tranchée | K49: PK (12+991 au 13+167 ) | M49: 176 | P49: PPL | R49: =IF($AB49="","",IFERROR(INDEX(ITP!$G$3:$G$46,MATCH($AB49,ITP!$E$3:$E$46,0)),"")) | S49: 08:00 | U49: =IF($AB49="","",IFERROR(INDEX(ITP!$I$3:$I$46,MATCH($AB49,ITP!$E$3:$E$46,0)),"")) | V49: =IF($AB49="","",IFERROR(INDEX(ITP!$J$3:$J$46,MATCH($AB49,ITP!$E$3:$E$46,0)),"")) | W49: =IF($AB49="","",IFERROR(INDEX(ITP!$K$3:$K$46,MATCH($AB49,ITP!$E$3:$E$46,0)),"")) | X49: =IF($AB49="","",IFERROR(INDEX(ITP!$L$3:$L$46,MATCH($AB49,ITP!$E$3:$E$46,0)),"")) | Y49: =IF($AB49="","",IFERROR(INDEX(ITP!$M$3:$M$46,MATCH($AB49,ITP!$E$3:$E$46,0)),"")) | Z49: =IF($AB49="","",IFERROR(INDEX(ITP!$N$3:$N$46,MATCH($AB49,ITP!$E$3:$E$46,0)),"")) | AA49: =IF(A49="","",A49&"|"&COUNTIF($A$2:A49,A49)) | AB49: =IF($A49="","",IFERROR(INDEX(ITP!$C$3:$C$21,MATCH(1,INDEX((ITP!$A$3:$A$21=$A49)*(((ITP!$B$3:$B$21="")+ISNUMBER(SEARCH(ITP!$B$3:$B$21,$G49&" "&$T49)))>0),0),0)),""))
A50: Ouverture de la tranchée | B50: 21063-G2-PPL-RFI-0049 | D50: 46068 | F50: 21061-0000-PPL-TDW-0009 | G50: Inspection final de la tranchée | K50: PK (11+850 au 12+100 et 12+140 au 12+300 ) | M50: 410 | P50: PPL | R50: =IF($AB50="","",IFERROR(INDEX(ITP!$G$3:$G$46,MATCH($AB50,ITP!$E$3:$E$46,0)),"")) | S50: 08:00 | U50: =IF($AB50="","",IFERROR(INDEX(ITP!$I$3:$I$46,MATCH($AB50,ITP!$E$3:$E$46,0)),"")) | V50: =IF($AB50="","",IFERROR(INDEX(ITP!$J$3:$J$46,MATCH($AB50,ITP!$E$3:$E$46,0)),"")) | W50: =IF($AB50="","",IFERROR(INDEX(ITP!$K$3:$K$46,MATCH($AB50,ITP!$E$3:$E$46,0)),"")) | X50: =IF($AB50="","",IFERROR(INDEX(ITP!$L$3:$L$46,MATCH($AB50,ITP!$E$3:$E$46,0)),"")) | Y50: =IF($AB50="","",IFERROR(INDEX(ITP!$M$3:$M$46,MATCH($AB50,ITP!$E$3:$E$46,0)),"")) | Z50: =IF($AB50="","",IFERROR(INDEX(ITP!$N$3:$N$46,MATCH($AB50,ITP!$E$3:$E$46,0)),"")) | AA50: =IF(A50="","",A50&"|"&COUNTIF($A$2:A50,A50)) | AB50: =IF($A50="","",IFERROR(INDEX(ITP!$C$3:$C$21,MATCH(1,INDEX((ITP!$A$3:$A$21=$A50)*(((ITP!$B$3:$B$21="")+ISNUMBER(SEARCH(ITP!$B$3:$B$21,$G50&" "&$T50)))>0),0),0)),""))
A51: Transport et bardage | B51: 21063-G2-PPL-RFI-0050 | D51: 46068 | E51: ISB-302 TO ISB MFD | F51: 21063-G0-PPL-PR-0009 | G51: Bardage de pipe | K51: PK(0+100 au 1+215 ) | P51: PPL | R51: =IF($AB51="","",IFERROR(INDEX(ITP!$G$3:$G$46,MATCH($AB51,ITP!$E$3:$E$46,0)),"")) | S51: 08:00 | U51: =IF($AB51="","",IFERROR(INDEX(ITP!$I$3:$I$46,MATCH($AB51,ITP!$E$3:$E$46,0)),"")) | V51: =IF($AB51="","",IFERROR(INDEX(ITP!$J$3:$J$46,MATCH($AB51,ITP!$E$3:$E$46,0)),"")) | W51: =IF($AB51="","",IFERROR(INDEX(ITP!$K$3:$K$46,MATCH($AB51,ITP!$E$3:$E$46,0)),"")) | X51: =IF($AB51="","",IFERROR(INDEX(ITP!$L$3:$L$46,MATCH($AB51,ITP!$E$3:$E$46,0)),"")) | Y51: =IF($AB51="","",IFERROR(INDEX(ITP!$M$3:$M$46,MATCH($AB51,ITP!$E$3:$E$46,0)),"")) | Z51: =IF($AB51="","",IFERROR(INDEX(ITP!$N$3:$N$46,MATCH($AB51,ITP!$E$3:$E$46,0)),"")) | AA51: =IF(A51="","",A51&"|"&COUNTIF($A$2:A51,A51)) | AB51: =IF($A51="","",IFERROR(INDEX(ITP!$C$3:$C$21,MATCH(1,INDEX((ITP!$A$3:$A$21=$A51)*(((ITP!$B$3:$B$21="")+ISNUMBER(SEARCH(ITP!$B$3:$B$21,$G51&" "&$T51)))>0),0),0)),""))
A52: Transport et bardage | B52: 21063-G4-PPL-RFI-0051 | D52: 46068 | E52: ISB-304 TO ISB MFD | F52: 21063-G0-PPL-PR-0009 | G52: Bardage de pipe | K52: PK (0+100 au 2+960 ) | P52: PPL | R52: =IF($AB52="","",IFERROR(INDEX(ITP!$G$3:$G$46,MATCH($AB52,ITP!$E$3:$E$46,0)),"")) | S52: 08:00 | U52: =IF($AB52="","",IFERROR(INDEX(ITP!$I$3:$I$46,MATCH($AB52,ITP!$E$3:$E$46,0)),"")) | V52: =IF($AB52="","",IFERROR(INDEX(ITP!$J$3:$J$46,MATCH($AB52,ITP!$E$3:$E$46,0)),"")) | W52: =IF($AB52="","",IFERROR(INDEX(ITP!$K$3:$K$46,MATCH($AB52,ITP!$E$3:$E$46,0)),"")) | X52: =IF($AB52="","",IFERROR(INDEX(ITP!$L$3:$L$46,MATCH($AB52,ITP!$E$3:$E$46,0)),"")) | Y52: =IF($AB52="","",IFERROR(INDEX(ITP!$M$3:$M$46,MATCH($AB52,ITP!$E$3:$E$46,0)),"")) | Z52: =IF($AB52="","",IFERROR(INDEX(ITP!$N$3:$N$46,MATCH($AB52,ITP!$E$3:$E$46,0)),"")) | AA52: =IF(A52="","",A52&"|"&COUNTIF($A$2:A52,A52)) | AB52: =IF($A52="","",IFERROR(INDEX(ITP!$C$3:$C$21,MATCH(1,INDEX((ITP!$A$3:$A$21=$A52)*(((ITP!$B$3:$B$21="")+ISNUMBER(SEARCH(ITP!$B$3:$B$21,$G52&" "&$T52)))>0),0),0)),""))
A53: Relevé topographique | B53: 21063-G26-PPL-RFI-0052 | E53: FLOWLINE ISB 307Z Vers MFD-ISB | G53: Relvé Topoghraphique | O53: RFI annulée | P53: PPL | R53: =IF($AB53="","",IFERROR(INDEX(ITP!$G$3:$G$46,MATCH($AB53,ITP!$E$3:$E$46,0)),"")) | S53: 08:00 | U53: =IF($AB53="","",IFERROR(INDEX(ITP!$I$3:$I$46,MATCH($AB53,ITP!$E$3:$E$46,0)),"")) | V53: =IF($AB53="","",IFERROR(INDEX(ITP!$J$3:$J$46,MATCH($AB53,ITP!$E$3:$E$46,0)),"")) | W53: =IF($AB53="","",IFERROR(INDEX(ITP!$K$3:$K$46,MATCH($AB53,ITP!$E$3:$E$46,0)),"")) | X53: =IF($AB53="","",IFERROR(INDEX(ITP!$L$3:$L$46,MATCH($AB53,ITP!$E$3:$E$46,0)),"")) | Y53: =IF($AB53="","",IFERROR(INDEX(ITP!$M$3:$M$46,MATCH($AB53,ITP!$E$3:$E$46,0)),"")) | Z53: =IF($AB53="","",IFERROR(INDEX(ITP!$N$3:$N$46,MATCH($AB53,ITP!$E$3:$E$46,0)),"")) | AA53: =IF(A53="","",A53&"|"&COUNTIF($A$2:A53,A53)) | AB53: =IF($A53="","",IFERROR(INDEX(ITP!$C$3:$C$21,MATCH(1,INDEX((ITP!$A$3:$A$21=$A53)*(((ITP!$B$3:$B$21="")+ISNUMBER(SEARCH(ITP!$B$3:$B$21,$G53&" "&$T53)))>0),0),0)),""))
A54: Ouverture de la tranchée | B54: 21063-G26-PPL-RFI-0053 | D54: 46154 | F54: 21061-0000-PPL-TDW-0009 | G54: Inspection final de la tranchée | K54: PK (9+380 au 9+700 )(11+078 au 11+430 ) (11+000au 12+140 ) | P54: PPL | R54: =IF($AB54="","",IFERROR(INDEX(ITP!$G$3:$G$46,MATCH($AB54,ITP!$E$3:$E$46,0)),"")) | S54: 08:00 | U54: =IF($AB54="","",IFERROR(INDEX(ITP!$I$3:$I$46,MATCH($AB54,ITP!$E$3:$E$46,0)),"")) | V54: =IF($AB54="","",IFERROR(INDEX(ITP!$J$3:$J$46,MATCH($AB54,ITP!$E$3:$E$46,0)),"")) | W54: =IF($AB54="","",IFERROR(INDEX(ITP!$K$3:$K$46,MATCH($AB54,ITP!$E$3:$E$46,0)),"")) | X54: =IF($AB54="","",IFERROR(INDEX(ITP!$L$3:$L$46,MATCH($AB54,ITP!$E$3:$E$46,0)),"")) | Y54: =IF($AB54="","",IFERROR(INDEX(ITP!$M$3:$M$46,MATCH($AB54,ITP!$E$3:$E$46,0)),"")) | Z54: =IF($AB54="","",IFERROR(INDEX(ITP!$N$3:$N$46,MATCH($AB54,ITP!$E$3:$E$46,0)),"")) | AA54: =IF(A54="","",A54&"|"&COUNTIF($A$2:A54,A54)) | AB54: =IF($A54="","",IFERROR(INDEX(ITP!$C$3:$C$21,MATCH(1,INDEX((ITP!$A$3:$A$21=$A54)*(((ITP!$B$3:$B$21="")+ISNUMBER(SEARCH(ITP!$B$3:$B$21,$G54&" "&$T54)))>0),0),0)),""))
A55: Relevé topographique | B55: 21063-G7-PPL-RFI-0062 | D55: 46155 | E55: FLOWLINE ISB 307Z Vers MFD-ISB | G55: Relvé Topoghraphique | P55: PPL | R55: =IF($AB55="","",IFERROR(INDEX(ITP!$G$3:$G$46,MATCH($AB55,ITP!$E$3:$E$46,0)),"")) | S55: 08:00 | U55: =IF($AB55="","",IFERROR(INDEX(ITP!$I$3:$I$46,MATCH($AB55,ITP!$E$3:$E$46,0)),"")) | V55: =IF($AB55="","",IFERROR(INDEX(ITP!$J$3:$J$46,MATCH($AB55,ITP!$E$3:$E$46,0)),"")) | W55: =IF($AB55="","",IFERROR(INDEX(ITP!$K$3:$K$46,MATCH($AB55,ITP!$E$3:$E$46,0)),"")) | X55: =IF($AB55="","",IFERROR(INDEX(ITP!$L$3:$L$46,MATCH($AB55,ITP!$E$3:$E$46,0)),"")) | Y55: =IF($AB55="","",IFERROR(INDEX(ITP!$M$3:$M$46,MATCH($AB55,ITP!$E$3:$E$46,0)),"")) | Z55: =IF($AB55="","",IFERROR(INDEX(ITP!$N$3:$N$46,MATCH($AB55,ITP!$E$3:$E$46,0)),"")) | AA55: =IF(A55="","",A55&"|"&COUNTIF($A$2:A55,A55)) | AB55: =IF($A55="","",IFERROR(INDEX(ITP!$C$3:$C$21,MATCH(1,INDEX((ITP!$A$3:$A$21=$A55)*(((ITP!$B$3:$B$21="")+ISNUMBER(SEARCH(ITP!$B$3:$B$21,$G55&" "&$T55)))>0),0),0)),""))
A56: Ouverture de la tranchée | B56: 21063-G26-PPL-RFI-0063 | D56: 46186 | E56: TRUNKLINE FROM ISW MFD TO TFTⅡCPF | F56: 21061-0000-PPL-TDW-0009 | G56: Inspection final de la tranchée | K56: PK (9+380 au 9+700 )(11+078 au 11+430 ) (11+000au 12+140 ) | P56: PPL | R56: =IF($AB56="","",IFERROR(INDEX(ITP!$G$3:$G$46,MATCH($AB56,ITP!$E$3:$E$46,0)),"")) | S56: 08:00 | U56: =IF($AB56="","",IFERROR(INDEX(ITP!$I$3:$I$46,MATCH($AB56,ITP!$E$3:$E$46,0)),"")) | V56: =IF($AB56="","",IFERROR(INDEX(ITP!$J$3:$J$46,MATCH($AB56,ITP!$E$3:$E$46,0)),"")) | W56: =IF($AB56="","",IFERROR(INDEX(ITP!$K$3:$K$46,MATCH($AB56,ITP!$E$3:$E$46,0)),"")) | X56: =IF($AB56="","",IFERROR(INDEX(ITP!$L$3:$L$46,MATCH($AB56,ITP!$E$3:$E$46,0)),"")) | Y56: =IF($AB56="","",IFERROR(INDEX(ITP!$M$3:$M$46,MATCH($AB56,ITP!$E$3:$E$46,0)),"")) | Z56: =IF($AB56="","",IFERROR(INDEX(ITP!$N$3:$N$46,MATCH($AB56,ITP!$E$3:$E$46,0)),"")) | AA56: =IF(A56="","",A56&"|"&COUNTIF($A$2:A56,A56)) | AB56: =IF($A56="","",IFERROR(INDEX(ITP!$C$3:$C$21,MATCH(1,INDEX((ITP!$A$3:$A$21=$A56)*(((ITP!$B$3:$B$21="")+ISNUMBER(SEARCH(ITP!$B$3:$B$21,$G56&" "&$T56)))>0),0),0)),""))
A57: Piste de travail | B57: 21063-G26-PPL-RFI-0066 | D57: 46187 | E57: TRUNKLINE FROM ISW MFD TO TFTⅡCPF | F57: 21063-G0-PPL-PR-0007 | G57: Inspection final de la piste de travail | K57: PK (9+030 au 9+297 ) | P57: PPL | R57: =IF($AB57="","",IFERROR(INDEX(ITP!$G$3:$G$46,MATCH($AB57,ITP!$E$3:$E$46,0)),"")) | S57: 08:00 | U57: =IF($AB57="","",IFERROR(INDEX(ITP!$I$3:$I$46,MATCH($AB57,ITP!$E$3:$E$46,0)),"")) | V57: =IF($AB57="","",IFERROR(INDEX(ITP!$J$3:$J$46,MATCH($AB57,ITP!$E$3:$E$46,0)),"")) | W57: =IF($AB57="","",IFERROR(INDEX(ITP!$K$3:$K$46,MATCH($AB57,ITP!$E$3:$E$46,0)),"")) | X57: =IF($AB57="","",IFERROR(INDEX(ITP!$L$3:$L$46,MATCH($AB57,ITP!$E$3:$E$46,0)),"")) | Y57: =IF($AB57="","",IFERROR(INDEX(ITP!$M$3:$M$46,MATCH($AB57,ITP!$E$3:$E$46,0)),"")) | Z57: =IF($AB57="","",IFERROR(INDEX(ITP!$N$3:$N$46,MATCH($AB57,ITP!$E$3:$E$46,0)),"")) | AA57: =IF(A57="","",A57&"|"&COUNTIF($A$2:A57,A57)) | AB57: =IF($A57="","",IFERROR(INDEX(ITP!$C$3:$C$21,MATCH(1,INDEX((ITP!$A$3:$A$21=$A57)*(((ITP!$B$3:$B$21="")+ISNUMBER(SEARCH(ITP!$B$3:$B$21,$G57&" "&$T57)))>0),0),0)),""))
A58: Relevé topographique | B58: 21063-G6-PPL-RFI-0067 | D58: 46187 | E58: ISB-306Z | G58: levie | K58: PK (0+000 au 2+472 ) | P58: PPL | R58: =IF($AB58="","",IFERROR(INDEX(ITP!$G$3:$G$46,MATCH($AB58,ITP!$E$3:$E$46,0)),"")) | S58: 08:00 | U58: =IF($AB58="","",IFERROR(INDEX(ITP!$I$3:$I$46,MATCH($AB58,ITP!$E$3:$E$46,0)),"")) | V58: =IF($AB58="","",IFERROR(INDEX(ITP!$J$3:$J$46,MATCH($AB58,ITP!$E$3:$E$46,0)),"")) | W58: =IF($AB58="","",IFERROR(INDEX(ITP!$K$3:$K$46,MATCH($AB58,ITP!$E$3:$E$46,0)),"")) | X58: =IF($AB58="","",IFERROR(INDEX(ITP!$L$3:$L$46,MATCH($AB58,ITP!$E$3:$E$46,0)),"")) | Y58: =IF($AB58="","",IFERROR(INDEX(ITP!$M$3:$M$46,MATCH($AB58,ITP!$E$3:$E$46,0)),"")) | Z58: =IF($AB58="","",IFERROR(INDEX(ITP!$N$3:$N$46,MATCH($AB58,ITP!$E$3:$E$46,0)),"")) | AA58: =IF(A58="","",A58&"|"&COUNTIF($A$2:A58,A58)) | AB58: =IF($A58="","",IFERROR(INDEX(ITP!$C$3:$C$21,MATCH(1,INDEX((ITP!$A$3:$A$21=$A58)*(((ITP!$B$3:$B$21="")+ISNUMBER(SEARCH(ITP!$B$3:$B$21,$G58&" "&$T58)))>0),0),0)),""))
A59: Piste de travail | B59: 21063-G6-PPL-RFI-0068 | D59: 46187 | E59: ISB-306Z | F59: 21063-G0-PPL-PR-0007 | G59: Inspection final de la piste de travail | K59: PK (1+042 au 2+280 ) | P59: PPL | R59: =IF($AB59="","",IFERROR(INDEX(ITP!$G$3:$G$46,MATCH($AB59,ITP!$E$3:$E$46,0)),"")) | S59: 08:00 | U59: =IF($AB59="","",IFERROR(INDEX(ITP!$I$3:$I$46,MATCH($AB59,ITP!$E$3:$E$46,0)),"")) | V59: =IF($AB59="","",IFERROR(INDEX(ITP!$J$3:$J$46,MATCH($AB59,ITP!$E$3:$E$46,0)),"")) | W59: =IF($AB59="","",IFERROR(INDEX(ITP!$K$3:$K$46,MATCH($AB59,ITP!$E$3:$E$46,0)),"")) | X59: =IF($AB59="","",IFERROR(INDEX(ITP!$L$3:$L$46,MATCH($AB59,ITP!$E$3:$E$46,0)),"")) | Y59: =IF($AB59="","",IFERROR(INDEX(ITP!$M$3:$M$46,MATCH($AB59,ITP!$E$3:$E$46,0)),"")) | Z59: =IF($AB59="","",IFERROR(INDEX(ITP!$N$3:$N$46,MATCH($AB59,ITP!$E$3:$E$46,0)),"")) | AA59: =IF(A59="","",A59&"|"&COUNTIF($A$2:A59,A59)) | AB59: =IF($A59="","",IFERROR(INDEX(ITP!$C$3:$C$21,MATCH(1,INDEX((ITP!$A$3:$A$21=$A59)*(((ITP!$B$3:$B$21="")+ISNUMBER(SEARCH(ITP!$B$3:$B$21,$G59&" "&$T59)))>0),0),0)),""))
A60: Piste de travail | B60: 21063-G6-PPL-RFI-0070 | D60: 46192 | E60: ISB-306Z | F60: 21063-G0-PPL-PR-0007 | G60: Inspection final de la piste de travail | K60: PK (0+250 au 0+684 ) (0+700 au 1+042 ) | P60: PPL | R60: =IF($AB60="","",IFERROR(INDEX(ITP!$G$3:$G$46,MATCH($AB60,ITP!$E$3:$E$46,0)),"")) | S60: 08:00 | U60: =IF($AB60="","",IFERROR(INDEX(ITP!$I$3:$I$46,MATCH($AB60,ITP!$E$3:$E$46,0)),"")) | V60: =IF($AB60="","",IFERROR(INDEX(ITP!$J$3:$J$46,MATCH($AB60,ITP!$E$3:$E$46,0)),"")) | W60: =IF($AB60="","",IFERROR(INDEX(ITP!$K$3:$K$46,MATCH($AB60,ITP!$E$3:$E$46,0)),"")) | X60: =IF($AB60="","",IFERROR(INDEX(ITP!$L$3:$L$46,MATCH($AB60,ITP!$E$3:$E$46,0)),"")) | Y60: =IF($AB60="","",IFERROR(INDEX(ITP!$M$3:$M$46,MATCH($AB60,ITP!$E$3:$E$46,0)),"")) | Z60: =IF($AB60="","",IFERROR(INDEX(ITP!$N$3:$N$46,MATCH($AB60,ITP!$E$3:$E$46,0)),"")) | AA60: =IF(A60="","",A60&"|"&COUNTIF($A$2:A60,A60)) | AB60: =IF($A60="","",IFERROR(INDEX(ITP!$C$3:$C$21,MATCH(1,INDEX((ITP!$A$3:$A$21=$A60)*(((ITP!$B$3:$B$21="")+ISNUMBER(SEARCH(ITP!$B$3:$B$21,$G60&" "&$T60)))>0),0),0)),""))
A61: Piste de travail | B61: 21063-G8-PPL-RFI-0071 | D61: 46194 | E61: ISB-308Z | F61: 21063-G0-PPL-PR-0007 | G61: Inspection final de la piste de travail | K61: PK (0+121 au 1+097 ) | P61: PPL | R61: =IF($AB61="","",IFERROR(INDEX(ITP!$G$3:$G$46,MATCH($AB61,ITP!$E$3:$E$46,0)),"")) | S61: 08:00 | U61: =IF($AB61="","",IFERROR(INDEX(ITP!$I$3:$I$46,MATCH($AB61,ITP!$E$3:$E$46,0)),"")) | V61: =IF($AB61="","",IFERROR(INDEX(ITP!$J$3:$J$46,MATCH($AB61,ITP!$E$3:$E$46,0)),"")) | W61: =IF($AB61="","",IFERROR(INDEX(ITP!$K$3:$K$46,MATCH($AB61,ITP!$E$3:$E$46,0)),"")) | X61: =IF($AB61="","",IFERROR(INDEX(ITP!$L$3:$L$46,MATCH($AB61,ITP!$E$3:$E$46,0)),"")) | Y61: =IF($AB61="","",IFERROR(INDEX(ITP!$M$3:$M$46,MATCH($AB61,ITP!$E$3:$E$46,0)),"")) | Z61: =IF($AB61="","",IFERROR(INDEX(ITP!$N$3:$N$46,MATCH($AB61,ITP!$E$3:$E$46,0)),"")) | AA61: =IF(A61="","",A61&"|"&COUNTIF($A$2:A61,A61)) | AB61: =IF($A61="","",IFERROR(INDEX(ITP!$C$3:$C$21,MATCH(1,INDEX((ITP!$A$3:$A$21=$A61)*(((ITP!$B$3:$B$21="")+ISNUMBER(SEARCH(ITP!$B$3:$B$21,$G61&" "&$T61)))>0),0),0)),""))
A62: Transport et bardage | B62: 21063-G6-PPL-RFI-0072 | D62: 46196 | E62: ISB-306Z | F62: 21063-G0-PPL-PR-0009 | G62: Bardage de pipe | K62: PK (0+108 au 0+606 )(0+758 au 2+297 ) | P62: PPL | R62: =IF($AB62="","",IFERROR(INDEX(ITP!$G$3:$G$46,MATCH($AB62,ITP!$E$3:$E$46,0)),"")) | S62: 08:00 | U62: =IF($AB62="","",IFERROR(INDEX(ITP!$I$3:$I$46,MATCH($AB62,ITP!$E$3:$E$46,0)),"")) | V62: =IF($AB62="","",IFERROR(INDEX(ITP!$J$3:$J$46,MATCH($AB62,ITP!$E$3:$E$46,0)),"")) | W62: =IF($AB62="","",IFERROR(INDEX(ITP!$K$3:$K$46,MATCH($AB62,ITP!$E$3:$E$46,0)),"")) | X62: =IF($AB62="","",IFERROR(INDEX(ITP!$L$3:$L$46,MATCH($AB62,ITP!$E$3:$E$46,0)),"")) | Y62: =IF($AB62="","",IFERROR(INDEX(ITP!$M$3:$M$46,MATCH($AB62,ITP!$E$3:$E$46,0)),"")) | Z62: =IF($AB62="","",IFERROR(INDEX(ITP!$N$3:$N$46,MATCH($AB62,ITP!$E$3:$E$46,0)),"")) | AA62: =IF(A62="","",A62&"|"&COUNTIF($A$2:A62,A62)) | AB62: =IF($A62="","",IFERROR(INDEX(ITP!$C$3:$C$21,MATCH(1,INDEX((ITP!$A$3:$A$21=$A62)*(((ITP!$B$3:$B$21="")+ISNUMBER(SEARCH(ITP!$B$3:$B$21,$G62&" "&$T62)))>0),0),0)),""))
A63: Transport et bardage | B63: 21063-G8-PPL-RFI-0073 | D63: 46196 | E63: ISB-308Z | F63: 21063-G0-PPL-PR-0009 | G63: Bardage de pipe | K63: PK (0+121 au 1+097 ) | P63: PPL | R63: =IF($AB63="","",IFERROR(INDEX(ITP!$G$3:$G$46,MATCH($AB63,ITP!$E$3:$E$46,0)),"")) | S63: 08:00 | U63: =IF($AB63="","",IFERROR(INDEX(ITP!$I$3:$I$46,MATCH($AB63,ITP!$E$3:$E$46,0)),"")) | V63: =IF($AB63="","",IFERROR(INDEX(ITP!$J$3:$J$46,MATCH($AB63,ITP!$E$3:$E$46,0)),"")) | W63: =IF($AB63="","",IFERROR(INDEX(ITP!$K$3:$K$46,MATCH($AB63,ITP!$E$3:$E$46,0)),"")) | X63: =IF($AB63="","",IFERROR(INDEX(ITP!$L$3:$L$46,MATCH($AB63,ITP!$E$3:$E$46,0)),"")) | Y63: =IF($AB63="","",IFERROR(INDEX(ITP!$M$3:$M$46,MATCH($AB63,ITP!$E$3:$E$46,0)),"")) | Z63: =IF($AB63="","",IFERROR(INDEX(ITP!$N$3:$N$46,MATCH($AB63,ITP!$E$3:$E$46,0)),"")) | AA63: =IF(A63="","",A63&"|"&COUNTIF($A$2:A63,A63)) | AB63: =IF($A63="","",IFERROR(INDEX(ITP!$C$3:$C$21,MATCH(1,INDEX((ITP!$A$3:$A$21=$A63)*(((ITP!$B$3:$B$21="")+ISNUMBER(SEARCH(ITP!$B$3:$B$21,$G63&" "&$T63)))>0),0),0)),""))
A64: Relevé topographique | B64: 21063-G8-PPL-RFI-0074 | D64: 46195 | E64: ISB-308Z | G64: levie topo | K64: PK (0+000 au 1+288 ) | P64: PPL | R64: =IF($AB64="","",IFERROR(INDEX(ITP!$G$3:$G$46,MATCH($AB64,ITP!$E$3:$E$46,0)),"")) | S64: 08:00 | U64: =IF($AB64="","",IFERROR(INDEX(ITP!$I$3:$I$46,MATCH($AB64,ITP!$E$3:$E$46,0)),"")) | V64: =IF($AB64="","",IFERROR(INDEX(ITP!$J$3:$J$46,MATCH($AB64,ITP!$E$3:$E$46,0)),"")) | W64: =IF($AB64="","",IFERROR(INDEX(ITP!$K$3:$K$46,MATCH($AB64,ITP!$E$3:$E$46,0)),"")) | X64: =IF($AB64="","",IFERROR(INDEX(ITP!$L$3:$L$46,MATCH($AB64,ITP!$E$3:$E$46,0)),"")) | Y64: =IF($AB64="","",IFERROR(INDEX(ITP!$M$3:$M$46,MATCH($AB64,ITP!$E$3:$E$46,0)),"")) | Z64: =IF($AB64="","",IFERROR(INDEX(ITP!$N$3:$N$46,MATCH($AB64,ITP!$E$3:$E$46,0)),"")) | AA64: =IF(A64="","",A64&"|"&COUNTIF($A$2:A64,A64)) | AB64: =IF($A64="","",IFERROR(INDEX(ITP!$C$3:$C$21,MATCH(1,INDEX((ITP!$A$3:$A$21=$A64)*(((ITP!$B$3:$B$21="")+ISNUMBER(SEARCH(ITP!$B$3:$B$21,$G64&" "&$T64)))>0),0),0)),""))
A65: Piste de travail | B65: 21063-G7-PPL-RFI-0075 | D65: 46198 | E65: ISB-307Z | F65: 21063-G0-PPL-PR-0007 | G65: Inspection final de la piste de travail | K65: PK (0+000 au 1+332 ) (1+350 au 1+800 ) (1+820 au 3+469 ) | P65: PPL | R65: =IF($AB65="","",IFERROR(INDEX(ITP!$G$3:$G$46,MATCH($AB65,ITP!$E$3:$E$46,0)),"")) | S65: 08:00 | U65: =IF($AB65="","",IFERROR(INDEX(ITP!$I$3:$I$46,MATCH($AB65,ITP!$E$3:$E$46,0)),"")) | V65: =IF($AB65="","",IFERROR(INDEX(ITP!$J$3:$J$46,MATCH($AB65,ITP!$E$3:$E$46,0)),"")) | W65: =IF($AB65="","",IFERROR(INDEX(ITP!$K$3:$K$46,MATCH($AB65,ITP!$E$3:$E$46,0)),"")) | X65: =IF($AB65="","",IFERROR(INDEX(ITP!$L$3:$L$46,MATCH($AB65,ITP!$E$3:$E$46,0)),"")) | Y65: =IF($AB65="","",IFERROR(INDEX(ITP!$M$3:$M$46,MATCH($AB65,ITP!$E$3:$E$46,0)),"")) | Z65: =IF($AB65="","",IFERROR(INDEX(ITP!$N$3:$N$46,MATCH($AB65,ITP!$E$3:$E$46,0)),"")) | AA65: =IF(A65="","",A65&"|"&COUNTIF($A$2:A65,A65)) | AB65: =IF($A65="","",IFERROR(INDEX(ITP!$C$3:$C$21,MATCH(1,INDEX((ITP!$A$3:$A$21=$A65)*(((ITP!$B$3:$B$21="")+ISNUMBER(SEARCH(ITP!$B$3:$B$21,$G65&" "&$T65)))>0),0),0)),""))
A66: Transport et bardage | B66: 21063-G7-PPL-RFI-0081 | D66: 46206 | E66: ISB-307Z TO ISB MFD | F66: 21063-G0-PPL-PR-0009 | G66: Bardage de la ligne | K66: PK (0+200 au 1+257 ) (1+408 au 1+735 ) | P66: PPL | R66: =IF($AB66="","",IFERROR(INDEX(ITP!$G$3:$G$46,MATCH($AB66,ITP!$E$3:$E$46,0)),"")) | S66: 08:00 | U66: =IF($AB66="","",IFERROR(INDEX(ITP!$I$3:$I$46,MATCH($AB66,ITP!$E$3:$E$46,0)),"")) | V66: =IF($AB66="","",IFERROR(INDEX(ITP!$J$3:$J$46,MATCH($AB66,ITP!$E$3:$E$46,0)),"")) | W66: =IF($AB66="","",IFERROR(INDEX(ITP!$K$3:$K$46,MATCH($AB66,ITP!$E$3:$E$46,0)),"")) | X66: =IF($AB66="","",IFERROR(INDEX(ITP!$L$3:$L$46,MATCH($AB66,ITP!$E$3:$E$46,0)),"")) | Y66: =IF($AB66="","",IFERROR(INDEX(ITP!$M$3:$M$46,MATCH($AB66,ITP!$E$3:$E$46,0)),"")) | Z66: =IF($AB66="","",IFERROR(INDEX(ITP!$N$3:$N$46,MATCH($AB66,ITP!$E$3:$E$46,0)),"")) | AA66: =IF(A66="","",A66&"|"&COUNTIF($A$2:A66,A66)) | AB66: =IF($A66="","",IFERROR(INDEX(ITP!$C$3:$C$21,MATCH(1,INDEX((ITP!$A$3:$A$21=$A66)*(((ITP!$B$3:$B$21="")+ISNUMBER(SEARCH(ITP!$B$3:$B$21,$G66&" "&$T66)))>0),0),0)),""))
A67: Transport et bardage | B67: 21063-G7-PPL-RFI-0083 | D67: 46209 | E67: ISB-307Z TO ISB MFD | F67: 21063-G0-PPL-PR-0009 | G67: Bardage | K67: PK (0+120 au 0+200 ) (1+886 au 1+965 ) (2+071 au 3+469 ) | P67: PPL | R67: =IF($AB67="","",IFERROR(INDEX(ITP!$G$3:$G$46,MATCH($AB67,ITP!$E$3:$E$46,0)),"")) | S67: 08:00 | U67: =IF($AB67="","",IFERROR(INDEX(ITP!$I$3:$I$46,MATCH($AB67,ITP!$E$3:$E$46,0)),"")) | V67: =IF($AB67="","",IFERROR(INDEX(ITP!$J$3:$J$46,MATCH($AB67,ITP!$E$3:$E$46,0)),"")) | W67: =IF($AB67="","",IFERROR(INDEX(ITP!$K$3:$K$46,MATCH($AB67,ITP!$E$3:$E$46,0)),"")) | X67: =IF($AB67="","",IFERROR(INDEX(ITP!$L$3:$L$46,MATCH($AB67,ITP!$E$3:$E$46,0)),"")) | Y67: =IF($AB67="","",IFERROR(INDEX(ITP!$M$3:$M$46,MATCH($AB67,ITP!$E$3:$E$46,0)),"")) | Z67: =IF($AB67="","",IFERROR(INDEX(ITP!$N$3:$N$46,MATCH($AB67,ITP!$E$3:$E$46,0)),"")) | AA67: =IF(A67="","",A67&"|"&COUNTIF($A$2:A67,A67)) | AB67: =IF($A67="","",IFERROR(INDEX(ITP!$C$3:$C$21,MATCH(1,INDEX((ITP!$A$3:$A$21=$A67)*(((ITP!$B$3:$B$21="")+ISNUMBER(SEARCH(ITP!$B$3:$B$21,$G67&" "&$T67)))>0),0),0)),""))
A68: Cintrage | B68: 21063-G0-PPL-RFI-0085 | D68: 46211 | F68: 21061-0000-PPL-SPC-0008 | G68: Cintrage à froid | P68: PPL | R68: =IF($AB68="","",IFERROR(INDEX(ITP!$G$3:$G$46,MATCH($AB68,ITP!$E$3:$E$46,0)),"")) | S68: 08:00 | U68: =IF($AB68="","",IFERROR(INDEX(ITP!$I$3:$I$46,MATCH($AB68,ITP!$E$3:$E$46,0)),"")) | V68: =IF($AB68="","",IFERROR(INDEX(ITP!$J$3:$J$46,MATCH($AB68,ITP!$E$3:$E$46,0)),"")) | W68: =IF($AB68="","",IFERROR(INDEX(ITP!$K$3:$K$46,MATCH($AB68,ITP!$E$3:$E$46,0)),"")) | X68: =IF($AB68="","",IFERROR(INDEX(ITP!$L$3:$L$46,MATCH($AB68,ITP!$E$3:$E$46,0)),"")) | Y68: =IF($AB68="","",IFERROR(INDEX(ITP!$M$3:$M$46,MATCH($AB68,ITP!$E$3:$E$46,0)),"")) | Z68: =IF($AB68="","",IFERROR(INDEX(ITP!$N$3:$N$46,MATCH($AB68,ITP!$E$3:$E$46,0)),"")) | AA68: =IF(A68="","",A68&"|"&COUNTIF($A$2:A68,A68)) | AB68: =IF($A68="","",IFERROR(INDEX(ITP!$C$3:$C$21,MATCH(1,INDEX((ITP!$A$3:$A$21=$A68)*(((ITP!$B$3:$B$21="")+ISNUMBER(SEARCH(ITP!$B$3:$B$21,$G68&" "&$T68)))>0),0),0)),""))
A69: Relevé topographique | B69: 21063-G9-PPL-RFI-0086 | D69: 46213 | E69: FLOWLINE ISB 309Z | G69: Relvé Topoghraphique | P69: PPL | R69: =IF($AB69="","",IFERROR(INDEX(ITP!$G$3:$G$46,MATCH($AB69,ITP!$E$3:$E$46,0)),"")) | S69: 08:00 | U69: =IF($AB69="","",IFERROR(INDEX(ITP!$I$3:$I$46,MATCH($AB69,ITP!$E$3:$E$46,0)),"")) | V69: =IF($AB69="","",IFERROR(INDEX(ITP!$J$3:$J$46,MATCH($AB69,ITP!$E$3:$E$46,0)),"")) | W69: =IF($AB69="","",IFERROR(INDEX(ITP!$K$3:$K$46,MATCH($AB69,ITP!$E$3:$E$46,0)),"")) | X69: =IF($AB69="","",IFERROR(INDEX(ITP!$L$3:$L$46,MATCH($AB69,ITP!$E$3:$E$46,0)),"")) | Y69: =IF($AB69="","",IFERROR(INDEX(ITP!$M$3:$M$46,MATCH($AB69,ITP!$E$3:$E$46,0)),"")) | Z69: =IF($AB69="","",IFERROR(INDEX(ITP!$N$3:$N$46,MATCH($AB69,ITP!$E$3:$E$46,0)),"")) | AA69: =IF(A69="","",A69&"|"&COUNTIF($A$2:A69,A69)) | AB69: =IF($A69="","",IFERROR(INDEX(ITP!$C$3:$C$21,MATCH(1,INDEX((ITP!$A$3:$A$21=$A69)*(((ITP!$B$3:$B$21="")+ISNUMBER(SEARCH(ITP!$B$3:$B$21,$G69&" "&$T69)))>0),0),0)),""))
A70: Piste de travail | B70: 21063-G9-PPL-RFI-0088 | D70: 46216 | E70: ISB-309 | F70: 21063-G0-PPL-PR-0007 | G70: Inspection final de la piste de travail | K70: PK (5+018 to 1+782) | P70: PPL | R70: =IF($AB70="","",IFERROR(INDEX(ITP!$G$3:$G$46,MATCH($AB70,ITP!$E$3:$E$46,0)),"")) | S70: 08:00 | U70: =IF($AB70="","",IFERROR(INDEX(ITP!$I$3:$I$46,MATCH($AB70,ITP!$E$3:$E$46,0)),"")) | V70: =IF($AB70="","",IFERROR(INDEX(ITP!$J$3:$J$46,MATCH($AB70,ITP!$E$3:$E$46,0)),"")) | W70: =IF($AB70="","",IFERROR(INDEX(ITP!$K$3:$K$46,MATCH($AB70,ITP!$E$3:$E$46,0)),"")) | X70: =IF($AB70="","",IFERROR(INDEX(ITP!$L$3:$L$46,MATCH($AB70,ITP!$E$3:$E$46,0)),"")) | Y70: =IF($AB70="","",IFERROR(INDEX(ITP!$M$3:$M$46,MATCH($AB70,ITP!$E$3:$E$46,0)),"")) | Z70: =IF($AB70="","",IFERROR(INDEX(ITP!$N$3:$N$46,MATCH($AB70,ITP!$E$3:$E$46,0)),"")) | AA70: =IF(A70="","",A70&"|"&COUNTIF($A$2:A70,A70)) | AB70: =IF($A70="","",IFERROR(INDEX(ITP!$C$3:$C$21,MATCH(1,INDEX((ITP!$A$3:$A$21=$A70)*(((ITP!$B$3:$B$21="")+ISNUMBER(SEARCH(ITP!$B$3:$B$21,$G70&" "&$T70)))>0),0),0)),""))
A71: Transport et bardage | B71: 21063-G7-PPL-RFI-0089 | D71: 46216 | E71: ISB-309 TO ISB MFD | F71: 21063-G0-PPL-PR-0009 | G71: Bardage de la ligne | K71: PK (4+836 to 3+369) | P71: PPL | R71: =IF($AB71="","",IFERROR(INDEX(ITP!$G$3:$G$46,MATCH($AB71,ITP!$E$3:$E$46,0)),"")) | S71: 08:00 | U71: =IF($AB71="","",IFERROR(INDEX(ITP!$I$3:$I$46,MATCH($AB71,ITP!$E$3:$E$46,0)),"")) | V71: =IF($AB71="","",IFERROR(INDEX(ITP!$J$3:$J$46,MATCH($AB71,ITP!$E$3:$E$46,0)),"")) | W71: =IF($AB71="","",IFERROR(INDEX(ITP!$K$3:$K$46,MATCH($AB71,ITP!$E$3:$E$46,0)),"")) | X71: =IF($AB71="","",IFERROR(INDEX(ITP!$L$3:$L$46,MATCH($AB71,ITP!$E$3:$E$46,0)),"")) | Y71: =IF($AB71="","",IFERROR(INDEX(ITP!$M$3:$M$46,MATCH($AB71,ITP!$E$3:$E$46,0)),"")) | Z71: =IF($AB71="","",IFERROR(INDEX(ITP!$N$3:$N$46,MATCH($AB71,ITP!$E$3:$E$46,0)),"")) | AA71: =IF(A71="","",A71&"|"&COUNTIF($A$2:A71,A71)) | AB71: =IF($A71="","",IFERROR(INDEX(ITP!$C$3:$C$21,MATCH(1,INDEX((ITP!$A$3:$A$21=$A71)*(((ITP!$B$3:$B$21="")+ISNUMBER(SEARCH(ITP!$B$3:$B$21,$G71&" "&$T71)))>0),0),0)),""))
A72: Piste de travail | B72: 21063-G25-PPL-RFI-0094 | D72: 46219 | E72: ISB to ISW | F72: 21063-G0-PPL-PR-0007 | G72: Inspection final de la piste de travail | K72: PK(0+000 to 1+581) | P72: PPL | R72: =IF($AB72="","",IFERROR(INDEX(ITP!$G$3:$G$46,MATCH($AB72,ITP!$E$3:$E$46,0)),"")) | S72: 08:00 | U72: =IF($AB72="","",IFERROR(INDEX(ITP!$I$3:$I$46,MATCH($AB72,ITP!$E$3:$E$46,0)),"")) | V72: =IF($AB72="","",IFERROR(INDEX(ITP!$J$3:$J$46,MATCH($AB72,ITP!$E$3:$E$46,0)),"")) | W72: =IF($AB72="","",IFERROR(INDEX(ITP!$K$3:$K$46,MATCH($AB72,ITP!$E$3:$E$46,0)),"")) | X72: =IF($AB72="","",IFERROR(INDEX(ITP!$L$3:$L$46,MATCH($AB72,ITP!$E$3:$E$46,0)),"")) | Y72: =IF($AB72="","",IFERROR(INDEX(ITP!$M$3:$M$46,MATCH($AB72,ITP!$E$3:$E$46,0)),"")) | Z72: =IF($AB72="","",IFERROR(INDEX(ITP!$N$3:$N$46,MATCH($AB72,ITP!$E$3:$E$46,0)),"")) | AA72: =IF(A72="","",A72&"|"&COUNTIF($A$2:A72,A72)) | AB72: =IF($A72="","",IFERROR(INDEX(ITP!$C$3:$C$21,MATCH(1,INDEX((ITP!$A$3:$A$21=$A72)*(((ITP!$B$3:$B$21="")+ISNUMBER(SEARCH(ITP!$B$3:$B$21,$G72&" "&$T72)))>0),0),0)),""))
A73: Transport et bardage | B73: 21063-G9-PPL-RFI-0095 | D73: 46219 | E73: ISB-309 TO ISB MFD | F73: 21063-G0-PPL-PR-0009 | G73: Bardage de la ligne | K73: PK(3+369 au 2+754) | P73: PPL | R73: =IF($AB73="","",IFERROR(INDEX(ITP!$G$3:$G$46,MATCH($AB73,ITP!$E$3:$E$46,0)),"")) | S73: 08:00 | U73: =IF($AB73="","",IFERROR(INDEX(ITP!$I$3:$I$46,MATCH($AB73,ITP!$E$3:$E$46,0)),"")) | V73: =IF($AB73="","",IFERROR(INDEX(ITP!$J$3:$J$46,MATCH($AB73,ITP!$E$3:$E$46,0)),"")) | W73: =IF($AB73="","",IFERROR(INDEX(ITP!$K$3:$K$46,MATCH($AB73,ITP!$E$3:$E$46,0)),"")) | X73: =IF($AB73="","",IFERROR(INDEX(ITP!$L$3:$L$46,MATCH($AB73,ITP!$E$3:$E$46,0)),"")) | Y73: =IF($AB73="","",IFERROR(INDEX(ITP!$M$3:$M$46,MATCH($AB73,ITP!$E$3:$E$46,0)),"")) | Z73: =IF($AB73="","",IFERROR(INDEX(ITP!$N$3:$N$46,MATCH($AB73,ITP!$E$3:$E$46,0)),"")) | AA73: =IF(A73="","",A73&"|"&COUNTIF($A$2:A73,A73)) | AB73: =IF($A73="","",IFERROR(INDEX(ITP!$C$3:$C$21,MATCH(1,INDEX((ITP!$A$3:$A$21=$A73)*(((ITP!$B$3:$B$21="")+ISNUMBER(SEARCH(ITP!$B$3:$B$21,$G73&" "&$T73)))>0),0),0)),""))
A74: Transport et bardage | B74: 21063-G9-PPL-RFI-0096 | D74: 46224 | E74: ISB-309 TO ISB MFD | F74: 21063-G0-PPL-PR-0009 | G74: Bardage de la ligne | K74: PK(2+754 au 2+295 ) | P74: PPL | R74: =IF($AB74="","",IFERROR(INDEX(ITP!$G$3:$G$46,MATCH($AB74,ITP!$E$3:$E$46,0)),"")) | S74: 08:00 | U74: =IF($AB74="","",IFERROR(INDEX(ITP!$I$3:$I$46,MATCH($AB74,ITP!$E$3:$E$46,0)),"")) | V74: =IF($AB74="","",IFERROR(INDEX(ITP!$J$3:$J$46,MATCH($AB74,ITP!$E$3:$E$46,0)),"")) | W74: =IF($AB74="","",IFERROR(INDEX(ITP!$K$3:$K$46,MATCH($AB74,ITP!$E$3:$E$46,0)),"")) | X74: =IF($AB74="","",IFERROR(INDEX(ITP!$L$3:$L$46,MATCH($AB74,ITP!$E$3:$E$46,0)),"")) | Y74: =IF($AB74="","",IFERROR(INDEX(ITP!$M$3:$M$46,MATCH($AB74,ITP!$E$3:$E$46,0)),"")) | Z74: =IF($AB74="","",IFERROR(INDEX(ITP!$N$3:$N$46,MATCH($AB74,ITP!$E$3:$E$46,0)),"")) | AA74: =IF(A74="","",A74&"|"&COUNTIF($A$2:A74,A74)) | AB74: =IF($A74="","",IFERROR(INDEX(ITP!$C$3:$C$21,MATCH(1,INDEX((ITP!$A$3:$A$21=$A74)*(((ITP!$B$3:$B$21="")+ISNUMBER(SEARCH(ITP!$B$3:$B$21,$G74&" "&$T74)))>0),0),0)),""))
A75: Piste de travail | B75: 21063-G25-PPL-RFI-0099 | D75: 46227 | E75: ISB to ISW | F75: 21063-G0-PPL-PR-0007 | G75: Inspection final de la piste de travail | K75: PK(1+581 to 4+421 ) | P75: PPL | R75: =IF($AB75="","",IFERROR(INDEX(ITP!$G$3:$G$46,MATCH($AB75,ITP!$E$3:$E$46,0)),"")) | S75: 08:00 | U75: =IF($AB75="","",IFERROR(INDEX(ITP!$I$3:$I$46,MATCH($AB75,ITP!$E$3:$E$46,0)),"")) | V75: =IF($AB75="","",IFERROR(INDEX(ITP!$J$3:$J$46,MATCH($AB75,ITP!$E$3:$E$46,0)),"")) | W75: =IF($AB75="","",IFERROR(INDEX(ITP!$K$3:$K$46,MATCH($AB75,ITP!$E$3:$E$46,0)),"")) | X75: =IF($AB75="","",IFERROR(INDEX(ITP!$L$3:$L$46,MATCH($AB75,ITP!$E$3:$E$46,0)),"")) | Y75: =IF($AB75="","",IFERROR(INDEX(ITP!$M$3:$M$46,MATCH($AB75,ITP!$E$3:$E$46,0)),"")) | Z75: =IF($AB75="","",IFERROR(INDEX(ITP!$N$3:$N$46,MATCH($AB75,ITP!$E$3:$E$46,0)),"")) | AA75: =IF(A75="","",A75&"|"&COUNTIF($A$2:A75,A75)) | AB75: =IF($A75="","",IFERROR(INDEX(ITP!$C$3:$C$21,MATCH(1,INDEX((ITP!$A$3:$A$21=$A75)*(((ITP!$B$3:$B$21="")+ISNUMBER(SEARCH(ITP!$B$3:$B$21,$G75&" "&$T75)))>0),0),0)),""))
A76: Piste de travail | B76: 21063-G9-PPL-RFI-0100 | D76: 46227 | E76: ISB-309 | F76: 21063-G0-PPL-PR-0007 | G76: Inspection final de la piste de travail | K76: PK (1+782 to 0+000 ) | P76: PPL | R76: =IF($AB76="","",IFERROR(INDEX(ITP!$G$3:$G$46,MATCH($AB76,ITP!$E$3:$E$46,0)),"")) | S76: 08:00 | U76: =IF($AB76="","",IFERROR(INDEX(ITP!$I$3:$I$46,MATCH($AB76,ITP!$E$3:$E$46,0)),"")) | V76: =IF($AB76="","",IFERROR(INDEX(ITP!$J$3:$J$46,MATCH($AB76,ITP!$E$3:$E$46,0)),"")) | W76: =IF($AB76="","",IFERROR(INDEX(ITP!$K$3:$K$46,MATCH($AB76,ITP!$E$3:$E$46,0)),"")) | X76: =IF($AB76="","",IFERROR(INDEX(ITP!$L$3:$L$46,MATCH($AB76,ITP!$E$3:$E$46,0)),"")) | Y76: =IF($AB76="","",IFERROR(INDEX(ITP!$M$3:$M$46,MATCH($AB76,ITP!$E$3:$E$46,0)),"")) | Z76: =IF($AB76="","",IFERROR(INDEX(ITP!$N$3:$N$46,MATCH($AB76,ITP!$E$3:$E$46,0)),"")) | AA76: =IF(A76="","",A76&"|"&COUNTIF($A$2:A76,A76)) | AB76: =IF($A76="","",IFERROR(INDEX(ITP!$C$3:$C$21,MATCH(1,INDEX((ITP!$A$3:$A$21=$A76)*(((ITP!$B$3:$B$21="")+ISNUMBER(SEARCH(ITP!$B$3:$B$21,$G76&" "&$T76)))>0),0),0)),""))
A77: Transport et bardage | B77: 21063-G9-PPL-RFI-0101 | D77: 46228 | E77: ISB-309 TO ISB MFD | F77: 21063-G0-PPL-PR-0009 | G77: Bardage de la ligne | K77: PK (2+294 au 0+475) | P77: PPL | R77: =IF($AB77="","",IFERROR(INDEX(ITP!$G$3:$G$46,MATCH($AB77,ITP!$E$3:$E$46,0)),"")) | S77: 08:00 | U77: =IF($AB77="","",IFERROR(INDEX(ITP!$I$3:$I$46,MATCH($AB77,ITP!$E$3:$E$46,0)),"")) | V77: =IF($AB77="","",IFERROR(INDEX(ITP!$J$3:$J$46,MATCH($AB77,ITP!$E$3:$E$46,0)),"")) | W77: =IF($AB77="","",IFERROR(INDEX(ITP!$K$3:$K$46,MATCH($AB77,ITP!$E$3:$E$46,0)),"")) | X77: =IF($AB77="","",IFERROR(INDEX(ITP!$L$3:$L$46,MATCH($AB77,ITP!$E$3:$E$46,0)),"")) | Y77: =IF($AB77="","",IFERROR(INDEX(ITP!$M$3:$M$46,MATCH($AB77,ITP!$E$3:$E$46,0)),"")) | Z77: =IF($AB77="","",IFERROR(INDEX(ITP!$N$3:$N$46,MATCH($AB77,ITP!$E$3:$E$46,0)),"")) | AA77: =IF(A77="","",A77&"|"&COUNTIF($A$2:A77,A77)) | AB77: =IF($A77="","",IFERROR(INDEX(ITP!$C$3:$C$21,MATCH(1,INDEX((ITP!$A$3:$A$21=$A77)*(((ITP!$B$3:$B$21="")+ISNUMBER(SEARCH(ITP!$B$3:$B$21,$G77&" "&$T77)))>0),0),0)),""))
A78: Piste de travail | B78: 21063-G25-PPL-RFI-0105 | D78: 46240 | E78: ISB to ISW | F78: 21063-G0-PPL-PR-0007 | G78: Inspection final de la piste de travail | K78: PK (4+421 au 11+187) | P78: PPL | R78: =IF($AB78="","",IFERROR(INDEX(ITP!$G$3:$G$46,MATCH($AB78,ITP!$E$3:$E$46,0)),"")) | S78: 08:00 | U78: =IF($AB78="","",IFERROR(INDEX(ITP!$I$3:$I$46,MATCH($AB78,ITP!$E$3:$E$46,0)),"")) | V78: =IF($AB78="","",IFERROR(INDEX(ITP!$J$3:$J$46,MATCH($AB78,ITP!$E$3:$E$46,0)),"")) | W78: =IF($AB78="","",IFERROR(INDEX(ITP!$K$3:$K$46,MATCH($AB78,ITP!$E$3:$E$46,0)),"")) | X78: =IF($AB78="","",IFERROR(INDEX(ITP!$L$3:$L$46,MATCH($AB78,ITP!$E$3:$E$46,0)),"")) | Y78: =IF($AB78="","",IFERROR(INDEX(ITP!$M$3:$M$46,MATCH($AB78,ITP!$E$3:$E$46,0)),"")) | Z78: =IF($AB78="","",IFERROR(INDEX(ITP!$N$3:$N$46,MATCH($AB78,ITP!$E$3:$E$46,0)),"")) | AA78: =IF(A78="","",A78&"|"&COUNTIF($A$2:A78,A78)) | AB78: =IF($A78="","",IFERROR(INDEX(ITP!$C$3:$C$21,MATCH(1,INDEX((ITP!$A$3:$A$21=$A78)*(((ITP!$B$3:$B$21="")+ISNUMBER(SEARCH(ITP!$B$3:$B$21,$G78&" "&$T78)))>0),0),0)),""))
A79: Piste de travail | B79: 21063-G26-PPL-RFI-0109 | D79: 46243 | E79: ISW TO CPF | F79: 21063-G0-PPL-PR-0007 | G79: Inspection final de la piste de travail | K79: 0+020 to 5+431 | P79: PPL | R79: =IF($AB79="","",IFERROR(INDEX(ITP!$G$3:$G$46,MATCH($AB79,ITP!$E$3:$E$46,0)),"")) | S79: 08:00 | U79: =IF($AB79="","",IFERROR(INDEX(ITP!$I$3:$I$46,MATCH($AB79,ITP!$E$3:$E$46,0)),"")) | V79: =IF($AB79="","",IFERROR(INDEX(ITP!$J$3:$J$46,MATCH($AB79,ITP!$E$3:$E$46,0)),"")) | W79: =IF($AB79="","",IFERROR(INDEX(ITP!$K$3:$K$46,MATCH($AB79,ITP!$E$3:$E$46,0)),"")) | X79: =IF($AB79="","",IFERROR(INDEX(ITP!$L$3:$L$46,MATCH($AB79,ITP!$E$3:$E$46,0)),"")) | Y79: =IF($AB79="","",IFERROR(INDEX(ITP!$M$3:$M$46,MATCH($AB79,ITP!$E$3:$E$46,0)),"")) | Z79: =IF($AB79="","",IFERROR(INDEX(ITP!$N$3:$N$46,MATCH($AB79,ITP!$E$3:$E$46,0)),"")) | AA79: =IF(A79="","",A79&"|"&COUNTIF($A$2:A79,A79)) | AB79: =IF($A79="","",IFERROR(INDEX(ITP!$C$3:$C$21,MATCH(1,INDEX((ITP!$A$3:$A$21=$A79)*(((ITP!$B$3:$B$21="")+ISNUMBER(SEARCH(ITP!$B$3:$B$21,$G79&" "&$T79)))>0),0),0)),""))
A80: Transport et bardage | B80: 21063-G26-PPL-RFI-0116 | D80: 46250 | E80: ISB-309 TO ISB MFD | F80: 21063-G0-PPL-PR-0009 | G80: Bardage de la ligne | K80: PK (24+500 au 23+258)PK | P80: PPL | R80: =IF($AB80="","",IFERROR(INDEX(ITP!$G$3:$G$46,MATCH($AB80,ITP!$E$3:$E$46,0)),"")) | S80: 08:00 | U80: =IF($AB80="","",IFERROR(INDEX(ITP!$I$3:$I$46,MATCH($AB80,ITP!$E$3:$E$46,0)),"")) | V80: =IF($AB80="","",IFERROR(INDEX(ITP!$J$3:$J$46,MATCH($AB80,ITP!$E$3:$E$46,0)),"")) | W80: =IF($AB80="","",IFERROR(INDEX(ITP!$K$3:$K$46,MATCH($AB80,ITP!$E$3:$E$46,0)),"")) | X80: =IF($AB80="","",IFERROR(INDEX(ITP!$L$3:$L$46,MATCH($AB80,ITP!$E$3:$E$46,0)),"")) | Y80: =IF($AB80="","",IFERROR(INDEX(ITP!$M$3:$M$46,MATCH($AB80,ITP!$E$3:$E$46,0)),"")) | Z80: =IF($AB80="","",IFERROR(INDEX(ITP!$N$3:$N$46,MATCH($AB80,ITP!$E$3:$E$46,0)),"")) | AA80: =IF(A80="","",A80&"|"&COUNTIF($A$2:A80,A80)) | AB80: =IF($A80="","",IFERROR(INDEX(ITP!$C$3:$C$21,MATCH(1,INDEX((ITP!$A$3:$A$21=$A80)*(((ITP!$B$3:$B$21="")+ISNUMBER(SEARCH(ITP!$B$3:$B$21,$G80&" "&$T80)))>0),0),0)),""))
A81: Ouverture de la tranchée | B81: 21063-G2-PPL-RFI-0119 | D81: 46253 | F81: 21061-0000-PPL-TDW-0009 | G81: Inspection final de la tranchée | K81: PK (0+096 au 1+134 ) | P81: PPL | R81: =IF($AB81="","",IFERROR(INDEX(ITP!$G$3:$G$46,MATCH($AB81,ITP!$E$3:$E$46,0)),"")) | S81: 08:00 | U81: =IF($AB81="","",IFERROR(INDEX(ITP!$I$3:$I$46,MATCH($AB81,ITP!$E$3:$E$46,0)),"")) | V81: =IF($AB81="","",IFERROR(INDEX(ITP!$J$3:$J$46,MATCH($AB81,ITP!$E$3:$E$46,0)),"")) | W81: =IF($AB81="","",IFERROR(INDEX(ITP!$K$3:$K$46,MATCH($AB81,ITP!$E$3:$E$46,0)),"")) | X81: =IF($AB81="","",IFERROR(INDEX(ITP!$L$3:$L$46,MATCH($AB81,ITP!$E$3:$E$46,0)),"")) | Y81: =IF($AB81="","",IFERROR(INDEX(ITP!$M$3:$M$46,MATCH($AB81,ITP!$E$3:$E$46,0)),"")) | Z81: =IF($AB81="","",IFERROR(INDEX(ITP!$N$3:$N$46,MATCH($AB81,ITP!$E$3:$E$46,0)),"")) | AA81: =IF(A81="","",A81&"|"&COUNTIF($A$2:A81,A81)) | AB81: =IF($A81="","",IFERROR(INDEX(ITP!$C$3:$C$21,MATCH(1,INDEX((ITP!$A$3:$A$21=$A81)*(((ITP!$B$3:$B$21="")+ISNUMBER(SEARCH(ITP!$B$3:$B$21,$G81&" "&$T81)))>0),0),0)),""))
A82: Enrobage | B82: 21063-G2-PPL-RFI-0121 | D82: 46254 | F82: 21061-0000-COP-SPC-0005 | G82: Inspection test d'adherence des joints enrobes | K82: PK (0+096 au 1+134 ) | P82: PPL | R82: =IF($AB82="","",IFERROR(INDEX(ITP!$G$3:$G$46,MATCH($AB82,ITP!$E$3:$E$46,0)),"")) | S82: 08:00 | U82: =IF($AB82="","",IFERROR(INDEX(ITP!$I$3:$I$46,MATCH($AB82,ITP!$E$3:$E$46,0)),"")) | V82: =IF($AB82="","",IFERROR(INDEX(ITP!$J$3:$J$46,MATCH($AB82,ITP!$E$3:$E$46,0)),"")) | W82: =IF($AB82="","",IFERROR(INDEX(ITP!$K$3:$K$46,MATCH($AB82,ITP!$E$3:$E$46,0)),"")) | X82: =IF($AB82="","",IFERROR(INDEX(ITP!$L$3:$L$46,MATCH($AB82,ITP!$E$3:$E$46,0)),"")) | Y82: =IF($AB82="","",IFERROR(INDEX(ITP!$M$3:$M$46,MATCH($AB82,ITP!$E$3:$E$46,0)),"")) | Z82: =IF($AB82="","",IFERROR(INDEX(ITP!$N$3:$N$46,MATCH($AB82,ITP!$E$3:$E$46,0)),"")) | AA82: =IF(A82="","",A82&"|"&COUNTIF($A$2:A82,A82)) | AB82: =IF($A82="","",IFERROR(INDEX(ITP!$C$3:$C$21,MATCH(1,INDEX((ITP!$A$3:$A$21=$A82)*(((ITP!$B$3:$B$21="")+ISNUMBER(SEARCH(ITP!$B$3:$B$21,$G82&" "&$T82)))>0),0),0)),""))
A83: Lit de pose | B83: 21063-G2-PPL-RFI-0126 | D83: 46256 | G83: Inspection preparation de lit de pose dans la tranchée | K83: PK (0+096 au 1+134 ) | P83: PPL | R83: =IF($AB83="","",IFERROR(INDEX(ITP!$G$3:$G$46,MATCH($AB83,ITP!$E$3:$E$46,0)),"")) | S83: 08:00 | U83: =IF($AB83="","",IFERROR(INDEX(ITP!$I$3:$I$46,MATCH($AB83,ITP!$E$3:$E$46,0)),"")) | V83: =IF($AB83="","",IFERROR(INDEX(ITP!$J$3:$J$46,MATCH($AB83,ITP!$E$3:$E$46,0)),"")) | W83: =IF($AB83="","",IFERROR(INDEX(ITP!$K$3:$K$46,MATCH($AB83,ITP!$E$3:$E$46,0)),"")) | X83: =IF($AB83="","",IFERROR(INDEX(ITP!$L$3:$L$46,MATCH($AB83,ITP!$E$3:$E$46,0)),"")) | Y83: =IF($AB83="","",IFERROR(INDEX(ITP!$M$3:$M$46,MATCH($AB83,ITP!$E$3:$E$46,0)),"")) | Z83: =IF($AB83="","",IFERROR(INDEX(ITP!$N$3:$N$46,MATCH($AB83,ITP!$E$3:$E$46,0)),"")) | AA83: =IF(A83="","",A83&"|"&COUNTIF($A$2:A83,A83)) | AB83: =IF($A83="","",IFERROR(INDEX(ITP!$C$3:$C$21,MATCH(1,INDEX((ITP!$A$3:$A$21=$A83)*(((ITP!$B$3:$B$21="")+ISNUMBER(SEARCH(ITP!$B$3:$B$21,$G83&" "&$T83)))>0),0),0)),""))
A84: Mise en fouille | B84: 21063-G2-PPL-RFI-0127 | D84: 46256 | F84: 21063-G0-PPL-PR-0011 | G84: Inspection preparation pour la mise en fouille des tronçons de canalisation | K84: PK (0+096 au 1+134 ) | P84: PPL | R84: =IF($AB84="","",IFERROR(INDEX(ITP!$G$3:$G$46,MATCH($AB84,ITP!$E$3:$E$46,0)),"")) | S84: 08:00 | U84: =IF($AB84="","",IFERROR(INDEX(ITP!$I$3:$I$46,MATCH($AB84,ITP!$E$3:$E$46,0)),"")) | V84: =IF($AB84="","",IFERROR(INDEX(ITP!$J$3:$J$46,MATCH($AB84,ITP!$E$3:$E$46,0)),"")) | W84: =IF($AB84="","",IFERROR(INDEX(ITP!$K$3:$K$46,MATCH($AB84,ITP!$E$3:$E$46,0)),"")) | X84: =IF($AB84="","",IFERROR(INDEX(ITP!$L$3:$L$46,MATCH($AB84,ITP!$E$3:$E$46,0)),"")) | Y84: =IF($AB84="","",IFERROR(INDEX(ITP!$M$3:$M$46,MATCH($AB84,ITP!$E$3:$E$46,0)),"")) | Z84: =IF($AB84="","",IFERROR(INDEX(ITP!$N$3:$N$46,MATCH($AB84,ITP!$E$3:$E$46,0)),"")) | AA84: =IF(A84="","",A84&"|"&COUNTIF($A$2:A84,A84)) | AB84: =IF($A84="","",IFERROR(INDEX(ITP!$C$3:$C$21,MATCH(1,INDEX((ITP!$A$3:$A$21=$A84)*(((ITP!$B$3:$B$21="")+ISNUMBER(SEARCH(ITP!$B$3:$B$21,$G84&" "&$T84)))>0),0),0)),""))
A85: Enrobage | B85: 21063-G3-PPL-RFI-0130 | D85: 46258 | F85: 21061-0000-COP-SPC-0005 | G85: Inspection test d'adherence des joints enrobes | K85: PK (0+050 au 0+602 ) | P85: PPL | R85: =IF($AB85="","",IFERROR(INDEX(ITP!$G$3:$G$46,MATCH($AB85,ITP!$E$3:$E$46,0)),"")) | S85: 08:00 | U85: =IF($AB85="","",IFERROR(INDEX(ITP!$I$3:$I$46,MATCH($AB85,ITP!$E$3:$E$46,0)),"")) | V85: =IF($AB85="","",IFERROR(INDEX(ITP!$J$3:$J$46,MATCH($AB85,ITP!$E$3:$E$46,0)),"")) | W85: =IF($AB85="","",IFERROR(INDEX(ITP!$K$3:$K$46,MATCH($AB85,ITP!$E$3:$E$46,0)),"")) | X85: =IF($AB85="","",IFERROR(INDEX(ITP!$L$3:$L$46,MATCH($AB85,ITP!$E$3:$E$46,0)),"")) | Y85: =IF($AB85="","",IFERROR(INDEX(ITP!$M$3:$M$46,MATCH($AB85,ITP!$E$3:$E$46,0)),"")) | Z85: =IF($AB85="","",IFERROR(INDEX(ITP!$N$3:$N$46,MATCH($AB85,ITP!$E$3:$E$46,0)),"")) | AA85: =IF(A85="","",A85&"|"&COUNTIF($A$2:A85,A85)) | AB85: =IF($A85="","",IFERROR(INDEX(ITP!$C$3:$C$21,MATCH(1,INDEX((ITP!$A$3:$A$21=$A85)*(((ITP!$B$3:$B$21="")+ISNUMBER(SEARCH(ITP!$B$3:$B$21,$G85&" "&$T85)))>0),0),0)),""))
A86: Transport et bardage | B86: 21063-G26-PPL-RFI-0132 | D86: 46259 | E86: TRUNKLINE FROM ISW MFD TO TFTⅡCPF | F86: 21063-G0-PPL-PR-0009 | G86: Bardage de la ligne | K86: PK (0+050 au 0+602 ) | P86: PPL | R86: =IF($AB86="","",IFERROR(INDEX(ITP!$G$3:$G$46,MATCH($AB86,ITP!$E$3:$E$46,0)),"")) | S86: 08:00 | U86: =IF($AB86="","",IFERROR(INDEX(ITP!$I$3:$I$46,MATCH($AB86,ITP!$E$3:$E$46,0)),"")) | V86: =IF($AB86="","",IFERROR(INDEX(ITP!$J$3:$J$46,MATCH($AB86,ITP!$E$3:$E$46,0)),"")) | W86: =IF($AB86="","",IFERROR(INDEX(ITP!$K$3:$K$46,MATCH($AB86,ITP!$E$3:$E$46,0)),"")) | X86: =IF($AB86="","",IFERROR(INDEX(ITP!$L$3:$L$46,MATCH($AB86,ITP!$E$3:$E$46,0)),"")) | Y86: =IF($AB86="","",IFERROR(INDEX(ITP!$M$3:$M$46,MATCH($AB86,ITP!$E$3:$E$46,0)),"")) | Z86: =IF($AB86="","",IFERROR(INDEX(ITP!$N$3:$N$46,MATCH($AB86,ITP!$E$3:$E$46,0)),"")) | AA86: =IF(A86="","",A86&"|"&COUNTIF($A$2:A86,A86)) | AB86: =IF($A86="","",IFERROR(INDEX(ITP!$C$3:$C$21,MATCH(1,INDEX((ITP!$A$3:$A$21=$A86)*(((ITP!$B$3:$B$21="")+ISNUMBER(SEARCH(ITP!$B$3:$B$21,$G86&" "&$T86)))>0),0),0)),""))
A87: Ouverture de la tranchée | B87: 21063-G3-PPL-RFI-0134 | D87: 46261 | F87: 21061-0000-PPL-TDW-0009 | G87: Inspection final de la tranchée | K87: (0+050 au 0+602 ) | P87: PPL | R87: =IF($AB87="","",IFERROR(INDEX(ITP!$G$3:$G$46,MATCH($AB87,ITP!$E$3:$E$46,0)),"")) | S87: 08:00 | U87: =IF($AB87="","",IFERROR(INDEX(ITP!$I$3:$I$46,MATCH($AB87,ITP!$E$3:$E$46,0)),"")) | V87: =IF($AB87="","",IFERROR(INDEX(ITP!$J$3:$J$46,MATCH($AB87,ITP!$E$3:$E$46,0)),"")) | W87: =IF($AB87="","",IFERROR(INDEX(ITP!$K$3:$K$46,MATCH($AB87,ITP!$E$3:$E$46,0)),"")) | X87: =IF($AB87="","",IFERROR(INDEX(ITP!$L$3:$L$46,MATCH($AB87,ITP!$E$3:$E$46,0)),"")) | Y87: =IF($AB87="","",IFERROR(INDEX(ITP!$M$3:$M$46,MATCH($AB87,ITP!$E$3:$E$46,0)),"")) | Z87: =IF($AB87="","",IFERROR(INDEX(ITP!$N$3:$N$46,MATCH($AB87,ITP!$E$3:$E$46,0)),"")) | AA87: =IF(A87="","",A87&"|"&COUNTIF($A$2:A87,A87)) | AB87: =IF($A87="","",IFERROR(INDEX(ITP!$C$3:$C$21,MATCH(1,INDEX((ITP!$A$3:$A$21=$A87)*(((ITP!$B$3:$B$21="")+ISNUMBER(SEARCH(ITP!$B$3:$B$21,$G87&" "&$T87)))>0),0),0)),""))
A88: Pré-remblai | B88: 21063-G2-PPL-RFI-0135 | D88: 46262 | G88: Inspection POSE DE PETIT-REMBLAI | K88: PK (0+096 au 1+134 ) | P88: PPL | R88: =IF($AB88="","",IFERROR(INDEX(ITP!$G$3:$G$46,MATCH($AB88,ITP!$E$3:$E$46,0)),"")) | S88: 08:00 | U88: =IF($AB88="","",IFERROR(INDEX(ITP!$I$3:$I$46,MATCH($AB88,ITP!$E$3:$E$46,0)),"")) | V88: =IF($AB88="","",IFERROR(INDEX(ITP!$J$3:$J$46,MATCH($AB88,ITP!$E$3:$E$46,0)),"")) | W88: =IF($AB88="","",IFERROR(INDEX(ITP!$K$3:$K$46,MATCH($AB88,ITP!$E$3:$E$46,0)),"")) | X88: =IF($AB88="","",IFERROR(INDEX(ITP!$L$3:$L$46,MATCH($AB88,ITP!$E$3:$E$46,0)),"")) | Y88: =IF($AB88="","",IFERROR(INDEX(ITP!$M$3:$M$46,MATCH($AB88,ITP!$E$3:$E$46,0)),"")) | Z88: =IF($AB88="","",IFERROR(INDEX(ITP!$N$3:$N$46,MATCH($AB88,ITP!$E$3:$E$46,0)),"")) | AA88: =IF(A88="","",A88&"|"&COUNTIF($A$2:A88,A88)) | AB88: =IF($A88="","",IFERROR(INDEX(ITP!$C$3:$C$21,MATCH(1,INDEX((ITP!$A$3:$A$21=$A88)*(((ITP!$B$3:$B$21="")+ISNUMBER(SEARCH(ITP!$B$3:$B$21,$G88&" "&$T88)))>0),0),0)),""))
A89: Transport et bardage | B89: 21063-G26-PPL-RFI-0136 | D89: 46263 | E89: TRUNKLINE FROM ISW MFD TO TFTⅡCPF | F89: 21063-G0-PPL-PR-0009 | G89: Bardage de la ligne | K89: PK (21+000 au 19+761 ) | P89: PPL | R89: =IF($AB89="","",IFERROR(INDEX(ITP!$G$3:$G$46,MATCH($AB89,ITP!$E$3:$E$46,0)),"")) | S89: 08:00 | U89: =IF($AB89="","",IFERROR(INDEX(ITP!$I$3:$I$46,MATCH($AB89,ITP!$E$3:$E$46,0)),"")) | V89: =IF($AB89="","",IFERROR(INDEX(ITP!$J$3:$J$46,MATCH($AB89,ITP!$E$3:$E$46,0)),"")) | W89: =IF($AB89="","",IFERROR(INDEX(ITP!$K$3:$K$46,MATCH($AB89,ITP!$E$3:$E$46,0)),"")) | X89: =IF($AB89="","",IFERROR(INDEX(ITP!$L$3:$L$46,MATCH($AB89,ITP!$E$3:$E$46,0)),"")) | Y89: =IF($AB89="","",IFERROR(INDEX(ITP!$M$3:$M$46,MATCH($AB89,ITP!$E$3:$E$46,0)),"")) | Z89: =IF($AB89="","",IFERROR(INDEX(ITP!$N$3:$N$46,MATCH($AB89,ITP!$E$3:$E$46,0)),"")) | AA89: =IF(A89="","",A89&"|"&COUNTIF($A$2:A89,A89)) | AB89: =IF($A89="","",IFERROR(INDEX(ITP!$C$3:$C$21,MATCH(1,INDEX((ITP!$A$3:$A$21=$A89)*(((ITP!$B$3:$B$21="")+ISNUMBER(SEARCH(ITP!$B$3:$B$21,$G89&" "&$T89)))>0),0),0)),""))
A90: Lit de pose | B90: 21063-G3-PPL-RFI-0143 | D90: 46266 | G90: inspection preparation de lit de pose dans la tranchee | K90: PK (0+602 au 0+420 ) | P90: PPL | R90: =IF($AB90="","",IFERROR(INDEX(ITP!$G$3:$G$46,MATCH($AB90,ITP!$E$3:$E$46,0)),"")) | S90: 08:00 | U90: =IF($AB90="","",IFERROR(INDEX(ITP!$I$3:$I$46,MATCH($AB90,ITP!$E$3:$E$46,0)),"")) | V90: =IF($AB90="","",IFERROR(INDEX(ITP!$J$3:$J$46,MATCH($AB90,ITP!$E$3:$E$46,0)),"")) | W90: =IF($AB90="","",IFERROR(INDEX(ITP!$K$3:$K$46,MATCH($AB90,ITP!$E$3:$E$46,0)),"")) | X90: =IF($AB90="","",IFERROR(INDEX(ITP!$L$3:$L$46,MATCH($AB90,ITP!$E$3:$E$46,0)),"")) | Y90: =IF($AB90="","",IFERROR(INDEX(ITP!$M$3:$M$46,MATCH($AB90,ITP!$E$3:$E$46,0)),"")) | Z90: =IF($AB90="","",IFERROR(INDEX(ITP!$N$3:$N$46,MATCH($AB90,ITP!$E$3:$E$46,0)),"")) | AA90: =IF(A90="","",A90&"|"&COUNTIF($A$2:A90,A90)) | AB90: =IF($A90="","",IFERROR(INDEX(ITP!$C$3:$C$21,MATCH(1,INDEX((ITP!$A$3:$A$21=$A90)*(((ITP!$B$3:$B$21="")+ISNUMBER(SEARCH(ITP!$B$3:$B$21,$G90&" "&$T90)))>0),0),0)),""))
A91: Mise en fouille | B91: 21063-G3-PPL-RFI-0144 | D91: 46266 | F91: 21063-G0-PPL-PR-0011 | G91: Inspection preparation pour la mise en fouille des tronçons de canalisation | K91: PK (0+602 au 0+420 ) | P91: PPL | R91: =IF($AB91="","",IFERROR(INDEX(ITP!$G$3:$G$46,MATCH($AB91,ITP!$E$3:$E$46,0)),"")) | S91: 08:00 | U91: =IF($AB91="","",IFERROR(INDEX(ITP!$I$3:$I$46,MATCH($AB91,ITP!$E$3:$E$46,0)),"")) | V91: =IF($AB91="","",IFERROR(INDEX(ITP!$J$3:$J$46,MATCH($AB91,ITP!$E$3:$E$46,0)),"")) | W91: =IF($AB91="","",IFERROR(INDEX(ITP!$K$3:$K$46,MATCH($AB91,ITP!$E$3:$E$46,0)),"")) | X91: =IF($AB91="","",IFERROR(INDEX(ITP!$L$3:$L$46,MATCH($AB91,ITP!$E$3:$E$46,0)),"")) | Y91: =IF($AB91="","",IFERROR(INDEX(ITP!$M$3:$M$46,MATCH($AB91,ITP!$E$3:$E$46,0)),"")) | Z91: =IF($AB91="","",IFERROR(INDEX(ITP!$N$3:$N$46,MATCH($AB91,ITP!$E$3:$E$46,0)),"")) | AA91: =IF(A91="","",A91&"|"&COUNTIF($A$2:A91,A91)) | AB91: =IF($A91="","",IFERROR(INDEX(ITP!$C$3:$C$21,MATCH(1,INDEX((ITP!$A$3:$A$21=$A91)*(((ITP!$B$3:$B$21="")+ISNUMBER(SEARCH(ITP!$B$3:$B$21,$G91&" "&$T91)))>0),0),0)),""))
A92: Transport et bardage | B92: 21063-G26-PPL-RFI-0145 | D92: 46266 | E92: TRUNKLINE FROM ISW MFD TO TFTⅡCPF | F92: 21063-G0-PPL-PR-0009 | G92: Bardage de la ligne | K92: PK (19+400 au 16+600 ) | P92: PPL | R92: =IF($AB92="","",IFERROR(INDEX(ITP!$G$3:$G$46,MATCH($AB92,ITP!$E$3:$E$46,0)),"")) | S92: 08:00 | U92: =IF($AB92="","",IFERROR(INDEX(ITP!$I$3:$I$46,MATCH($AB92,ITP!$E$3:$E$46,0)),"")) | V92: =IF($AB92="","",IFERROR(INDEX(ITP!$J$3:$J$46,MATCH($AB92,ITP!$E$3:$E$46,0)),"")) | W92: =IF($AB92="","",IFERROR(INDEX(ITP!$K$3:$K$46,MATCH($AB92,ITP!$E$3:$E$46,0)),"")) | X92: =IF($AB92="","",IFERROR(INDEX(ITP!$L$3:$L$46,MATCH($AB92,ITP!$E$3:$E$46,0)),"")) | Y92: =IF($AB92="","",IFERROR(INDEX(ITP!$M$3:$M$46,MATCH($AB92,ITP!$E$3:$E$46,0)),"")) | Z92: =IF($AB92="","",IFERROR(INDEX(ITP!$N$3:$N$46,MATCH($AB92,ITP!$E$3:$E$46,0)),"")) | AA92: =IF(A92="","",A92&"|"&COUNTIF($A$2:A92,A92)) | AB92: =IF($A92="","",IFERROR(INDEX(ITP!$C$3:$C$21,MATCH(1,INDEX((ITP!$A$3:$A$21=$A92)*(((ITP!$B$3:$B$21="")+ISNUMBER(SEARCH(ITP!$B$3:$B$21,$G92&" "&$T92)))>0),0),0)),""))
A93: Ouverture de la tranchée | B93: 21063-G3-PPL-RFI-0150 | D93: 46268 | F93: 21061-0000-PPL-TDW-0009 | G93: Inspection final de la tranchée | K93: (0+420 au 0+132 ) | P93: PPL | R93: =IF($AB93="","",IFERROR(INDEX(ITP!$G$3:$G$46,MATCH($AB93,ITP!$E$3:$E$46,0)),"")) | S93: 08:00 | U93: =IF($AB93="","",IFERROR(INDEX(ITP!$I$3:$I$46,MATCH($AB93,ITP!$E$3:$E$46,0)),"")) | V93: =IF($AB93="","",IFERROR(INDEX(ITP!$J$3:$J$46,MATCH($AB93,ITP!$E$3:$E$46,0)),"")) | W93: =IF($AB93="","",IFERROR(INDEX(ITP!$K$3:$K$46,MATCH($AB93,ITP!$E$3:$E$46,0)),"")) | X93: =IF($AB93="","",IFERROR(INDEX(ITP!$L$3:$L$46,MATCH($AB93,ITP!$E$3:$E$46,0)),"")) | Y93: =IF($AB93="","",IFERROR(INDEX(ITP!$M$3:$M$46,MATCH($AB93,ITP!$E$3:$E$46,0)),"")) | Z93: =IF($AB93="","",IFERROR(INDEX(ITP!$N$3:$N$46,MATCH($AB93,ITP!$E$3:$E$46,0)),"")) | AA93: =IF(A93="","",A93&"|"&COUNTIF($A$2:A93,A93)) | AB93: =IF($A93="","",IFERROR(INDEX(ITP!$C$3:$C$21,MATCH(1,INDEX((ITP!$A$3:$A$21=$A93)*(((ITP!$B$3:$B$21="")+ISNUMBER(SEARCH(ITP!$B$3:$B$21,$G93&" "&$T93)))>0),0),0)),""))
A94: Lit de pose | B94: 21063-G3-PPL-RFI-0151 | D94: 46266 | G94: inspection preparation de lit de pose dans la tranchee | K94: PK (0+420 au 0+132 ) | P94: PPL | R94: =IF($AB94="","",IFERROR(INDEX(ITP!$G$3:$G$46,MATCH($AB94,ITP!$E$3:$E$46,0)),"")) | S94: 08:00 | U94: =IF($AB94="","",IFERROR(INDEX(ITP!$I$3:$I$46,MATCH($AB94,ITP!$E$3:$E$46,0)),"")) | V94: =IF($AB94="","",IFERROR(INDEX(ITP!$J$3:$J$46,MATCH($AB94,ITP!$E$3:$E$46,0)),"")) | W94: =IF($AB94="","",IFERROR(INDEX(ITP!$K$3:$K$46,MATCH($AB94,ITP!$E$3:$E$46,0)),"")) | X94: =IF($AB94="","",IFERROR(INDEX(ITP!$L$3:$L$46,MATCH($AB94,ITP!$E$3:$E$46,0)),"")) | Y94: =IF($AB94="","",IFERROR(INDEX(ITP!$M$3:$M$46,MATCH($AB94,ITP!$E$3:$E$46,0)),"")) | Z94: =IF($AB94="","",IFERROR(INDEX(ITP!$N$3:$N$46,MATCH($AB94,ITP!$E$3:$E$46,0)),"")) | AA94: =IF(A94="","",A94&"|"&COUNTIF($A$2:A94,A94)) | AB94: =IF($A94="","",IFERROR(INDEX(ITP!$C$3:$C$21,MATCH(1,INDEX((ITP!$A$3:$A$21=$A94)*(((ITP!$B$3:$B$21="")+ISNUMBER(SEARCH(ITP!$B$3:$B$21,$G94&" "&$T94)))>0),0),0)),""))
A95: Mise en fouille | B95: 21063-G3-PPL-RFI-0152 | D95: 46269 | F95: 21063-G0-PPL-PR-0011 | G95: Inspection preparation pour la mise en fouille des tronçons de canalisation | K95: PK (0+420 au 0+132 ) | P95: PPL | R95: =IF($AB95="","",IFERROR(INDEX(ITP!$G$3:$G$46,MATCH($AB95,ITP!$E$3:$E$46,0)),"")) | S95: 08:00 | U95: =IF($AB95="","",IFERROR(INDEX(ITP!$I$3:$I$46,MATCH($AB95,ITP!$E$3:$E$46,0)),"")) | V95: =IF($AB95="","",IFERROR(INDEX(ITP!$J$3:$J$46,MATCH($AB95,ITP!$E$3:$E$46,0)),"")) | W95: =IF($AB95="","",IFERROR(INDEX(ITP!$K$3:$K$46,MATCH($AB95,ITP!$E$3:$E$46,0)),"")) | X95: =IF($AB95="","",IFERROR(INDEX(ITP!$L$3:$L$46,MATCH($AB95,ITP!$E$3:$E$46,0)),"")) | Y95: =IF($AB95="","",IFERROR(INDEX(ITP!$M$3:$M$46,MATCH($AB95,ITP!$E$3:$E$46,0)),"")) | Z95: =IF($AB95="","",IFERROR(INDEX(ITP!$N$3:$N$46,MATCH($AB95,ITP!$E$3:$E$46,0)),"")) | AA95: =IF(A95="","",A95&"|"&COUNTIF($A$2:A95,A95)) | AB95: =IF($A95="","",IFERROR(INDEX(ITP!$C$3:$C$21,MATCH(1,INDEX((ITP!$A$3:$A$21=$A95)*(((ITP!$B$3:$B$21="")+ISNUMBER(SEARCH(ITP!$B$3:$B$21,$G95&" "&$T95)))>0),0),0)),""))
A96: Enrobage | B96: 21063-G4-PPL-RFI-0153 | D96: 46270 | F96: 21061-0000-COP-SPC-0005 | G96: Inspection test d'adherence des joints enrobes ISB-304 | K96: Pk (0+075 au 2+329) | P96: PPL | R96: =IF($AB96="","",IFERROR(INDEX(ITP!$G$3:$G$46,MATCH($AB96,ITP!$E$3:$E$46,0)),"")) | S96: 08:00 | U96: =IF($AB96="","",IFERROR(INDEX(ITP!$I$3:$I$46,MATCH($AB96,ITP!$E$3:$E$46,0)),"")) | V96: =IF($AB96="","",IFERROR(INDEX(ITP!$J$3:$J$46,MATCH($AB96,ITP!$E$3:$E$46,0)),"")) | W96: =IF($AB96="","",IFERROR(INDEX(ITP!$K$3:$K$46,MATCH($AB96,ITP!$E$3:$E$46,0)),"")) | X96: =IF($AB96="","",IFERROR(INDEX(ITP!$L$3:$L$46,MATCH($AB96,ITP!$E$3:$E$46,0)),"")) | Y96: =IF($AB96="","",IFERROR(INDEX(ITP!$M$3:$M$46,MATCH($AB96,ITP!$E$3:$E$46,0)),"")) | Z96: =IF($AB96="","",IFERROR(INDEX(ITP!$N$3:$N$46,MATCH($AB96,ITP!$E$3:$E$46,0)),"")) | AA96: =IF(A96="","",A96&"|"&COUNTIF($A$2:A96,A96)) | AB96: =IF($A96="","",IFERROR(INDEX(ITP!$C$3:$C$21,MATCH(1,INDEX((ITP!$A$3:$A$21=$A96)*(((ITP!$B$3:$B$21="")+ISNUMBER(SEARCH(ITP!$B$3:$B$21,$G96&" "&$T96)))>0),0),0)),""))
A97: Ouverture de la tranchée | B97: 21063-G4-PPL-RFI-0154 | D97: 46270 | E97: ISB-304 | F97: 21061-0000-PPL-TDW-0009 | G97: Inspection final de la tranchée | K97: PK (0+075 au 0+602 ) | P97: PPL | R97: =IF($AB97="","",IFERROR(INDEX(ITP!$G$3:$G$46,MATCH($AB97,ITP!$E$3:$E$46,0)),"")) | S97: 08:00 | U97: =IF($AB97="","",IFERROR(INDEX(ITP!$I$3:$I$46,MATCH($AB97,ITP!$E$3:$E$46,0)),"")) | V97: =IF($AB97="","",IFERROR(INDEX(ITP!$J$3:$J$46,MATCH($AB97,ITP!$E$3:$E$46,0)),"")) | W97: =IF($AB97="","",IFERROR(INDEX(ITP!$K$3:$K$46,MATCH($AB97,ITP!$E$3:$E$46,0)),"")) | X97: =IF($AB97="","",IFERROR(INDEX(ITP!$L$3:$L$46,MATCH($AB97,ITP!$E$3:$E$46,0)),"")) | Y97: =IF($AB97="","",IFERROR(INDEX(ITP!$M$3:$M$46,MATCH($AB97,ITP!$E$3:$E$46,0)),"")) | Z97: =IF($AB97="","",IFERROR(INDEX(ITP!$N$3:$N$46,MATCH($AB97,ITP!$E$3:$E$46,0)),"")) | AA97: =IF(A97="","",A97&"|"&COUNTIF($A$2:A97,A97)) | AB97: =IF($A97="","",IFERROR(INDEX(ITP!$C$3:$C$21,MATCH(1,INDEX((ITP!$A$3:$A$21=$A97)*(((ITP!$B$3:$B$21="")+ISNUMBER(SEARCH(ITP!$B$3:$B$21,$G97&" "&$T97)))>0),0),0)),""))
A98: Transport et bardage | B98: 21063-G26-PPL-RFI-0155 | D98: 46270 | E98: TRUNKLINE FROM ISW MFD TO TFTⅡCPF | F98: 21063-G0-PPL-PR-0009 | G98: Bardage de la ligne | K98: PK (16+600 au 13+069 ) | P98: PPL | R98: =IF($AB98="","",IFERROR(INDEX(ITP!$G$3:$G$46,MATCH($AB98,ITP!$E$3:$E$46,0)),"")) | S98: 08:00 | U98: =IF($AB98="","",IFERROR(INDEX(ITP!$I$3:$I$46,MATCH($AB98,ITP!$E$3:$E$46,0)),"")) | V98: =IF($AB98="","",IFERROR(INDEX(ITP!$J$3:$J$46,MATCH($AB98,ITP!$E$3:$E$46,0)),"")) | W98: =IF($AB98="","",IFERROR(INDEX(ITP!$K$3:$K$46,MATCH($AB98,ITP!$E$3:$E$46,0)),"")) | X98: =IF($AB98="","",IFERROR(INDEX(ITP!$L$3:$L$46,MATCH($AB98,ITP!$E$3:$E$46,0)),"")) | Y98: =IF($AB98="","",IFERROR(INDEX(ITP!$M$3:$M$46,MATCH($AB98,ITP!$E$3:$E$46,0)),"")) | Z98: =IF($AB98="","",IFERROR(INDEX(ITP!$N$3:$N$46,MATCH($AB98,ITP!$E$3:$E$46,0)),"")) | AA98: =IF(A98="","",A98&"|"&COUNTIF($A$2:A98,A98)) | AB98: =IF($A98="","",IFERROR(INDEX(ITP!$C$3:$C$21,MATCH(1,INDEX((ITP!$A$3:$A$21=$A98)*(((ITP!$B$3:$B$21="")+ISNUMBER(SEARCH(ITP!$B$3:$B$21,$G98&" "&$T98)))>0),0),0)),""))
A99: Mise en fouille | B99: 21063-G4-PPL-RFI-0157 | D99: 46271 | E99: ISB-304 | F99: 21063-G0-PPL-PR-0011 | G99: Inspection preparation pour la mise en fouille des tronçons de canalisation | K99: PK (0+075 au 0+602 ) | P99: PPL | R99: =IF($AB99="","",IFERROR(INDEX(ITP!$G$3:$G$46,MATCH($AB99,ITP!$E$3:$E$46,0)),"")) | S99: 08:00 | U99: =IF($AB99="","",IFERROR(INDEX(ITP!$I$3:$I$46,MATCH($AB99,ITP!$E$3:$E$46,0)),"")) | V99: =IF($AB99="","",IFERROR(INDEX(ITP!$J$3:$J$46,MATCH($AB99,ITP!$E$3:$E$46,0)),"")) | W99: =IF($AB99="","",IFERROR(INDEX(ITP!$K$3:$K$46,MATCH($AB99,ITP!$E$3:$E$46,0)),"")) | X99: =IF($AB99="","",IFERROR(INDEX(ITP!$L$3:$L$46,MATCH($AB99,ITP!$E$3:$E$46,0)),"")) | Y99: =IF($AB99="","",IFERROR(INDEX(ITP!$M$3:$M$46,MATCH($AB99,ITP!$E$3:$E$46,0)),"")) | Z99: =IF($AB99="","",IFERROR(INDEX(ITP!$N$3:$N$46,MATCH($AB99,ITP!$E$3:$E$46,0)),"")) | AA99: =IF(A99="","",A99&"|"&COUNTIF($A$2:A99,A99)) | AB99: =IF($A99="","",IFERROR(INDEX(ITP!$C$3:$C$21,MATCH(1,INDEX((ITP!$A$3:$A$21=$A99)*(((ITP!$B$3:$B$21="")+ISNUMBER(SEARCH(ITP!$B$3:$B$21,$G99&" "&$T99)))>0),0),0)),""))
A100: Lit de pose | B100: 21063-G4-PPL-RFI-0156 | D100: 46271 | E100: ISB-304 | G100: inspection preparation de lit de pose dans la tranchee | K100: PK (0+075 au 0+602 ) | P100: PPL | R100: =IF($AB100="","",IFERROR(INDEX(ITP!$G$3:$G$46,MATCH($AB100,ITP!$E$3:$E$46,0)),"")) | S100: 08:00 | U100: =IF($AB100="","",IFERROR(INDEX(ITP!$I$3:$I$46,MATCH($AB100,ITP!$E$3:$E$46,0)),"")) | V100: =IF($AB100="","",IFERROR(INDEX(ITP!$J$3:$J$46,MATCH($AB100,ITP!$E$3:$E$46,0)),"")) | W100: =IF($AB100="","",IFERROR(INDEX(ITP!$K$3:$K$46,MATCH($AB100,ITP!$E$3:$E$46,0)),"")) | X100: =IF($AB100="","",IFERROR(INDEX(ITP!$L$3:$L$46,MATCH($AB100,ITP!$E$3:$E$46,0)),"")) | Y100: =IF($AB100="","",IFERROR(INDEX(ITP!$M$3:$M$46,MATCH($AB100,ITP!$E$3:$E$46,0)),"")) | Z100: =IF($AB100="","",IFERROR(INDEX(ITP!$N$3:$N$46,MATCH($AB100,ITP!$E$3:$E$46,0)),"")) | AA100: =IF(A100="","",A100&"|"&COUNTIF($A$2:A100,A100)) | AB100: =IF($A100="","",IFERROR(INDEX(ITP!$C$3:$C$21,MATCH(1,INDEX((ITP!$A$3:$A$21=$A100)*(((ITP!$B$3:$B$21="")+ISNUMBER(SEARCH(ITP!$B$3:$B$21,$G100&" "&$T100)))>0),0),0)),""))
...

Sheet Impression groupée
A1: IMPRESSION GROUPÉE – collez ou choisissez les RFI à imprimer (colonne B), puis exportez les feuilles « Lot » en PDF
A2: Chaque feuille « Lot … » prend automatiquement les RFI de son type dans cette liste (max 20 par type). « Lot RFI » et « Lot RFI interne » prennent toute la liste (max 20).
A3: N° | B3: RFI No | C3: Type (auto) | D3: Rang dans le type (auto) | E3: Clé (auto) | F3: Ordre (auto) | H3: Feuille Lot | I3: Fiches à imprimer
A4: 1 | C4: =IF(B4="","",IFERROR(INDEX(Registre!$A$2:$A$1999,MATCH(B4,Registre!$B$2:$B$1999,0)),"⚠ absent du Registre")) | D4: =IF(OR(C4="",C4="⚠ absent du Registre"),"",COUNTIF(C$4:C4,C4)) | E4: =IF(D4="","",C4&"|"&D4) | F4: =IF(OR(B4="",C4="⚠ absent du Registre"),"",COUNTIFS(B$4:B4,"<>",C$4:C4,"<>⚠ absent du Registre")) | H4: Lot RFI | I4: =MIN(20,COUNT('Impression groupée'!$F$4:$F$103))
A5: 2 | C5: =IF(B5="","",IFERROR(INDEX(Registre!$A$2:$A$1999,MATCH(B5,Registre!$B$2:$B$1999,0)),"⚠ absent du Registre")) | D5: =IF(OR(C5="",C5="⚠ absent du Registre"),"",COUNTIF(C$4:C5,C5)) | E5: =IF(D5="","",C5&"|"&D5) | F5: =IF(OR(B5="",C5="⚠ absent du Registre"),"",COUNTIFS(B$4:B5,"<>",C$4:C5,"<>⚠ absent du Registre")) | H5: Lot RFI interne | I5: =MIN(20,COUNT('Impression groupée'!$F$4:$F$103))
A6: 3 | C6: =IF(B6="","",IFERROR(INDEX(Registre!$A$2:$A$1999,MATCH(B6,Registre!$B$2:$B$1999,0)),"⚠ absent du Registre")) | D6: =IF(OR(C6="",C6="⚠ absent du Registre"),"",COUNTIF(C$4:C6,C6)) | E6: =IF(D6="","",C6&"|"&D6) | F6: =IF(OR(B6="",C6="⚠ absent du Registre"),"",COUNTIFS(B$4:B6,"<>",C$4:C6,"<>⚠ absent du Registre")) | H6: Lot Ouverture | I6: =MIN(20,COUNTIF('Impression groupée'!$C$4:$C$103,"Ouverture de la tranchée"))
A7: 4 | C7: =IF(B7="","",IFERROR(INDEX(Registre!$A$2:$A$1999,MATCH(B7,Registre!$B$2:$B$1999,0)),"⚠ absent du Registre")) | D7: =IF(OR(C7="",C7="⚠ absent du Registre"),"",COUNTIF(C$4:C7,C7)) | E7: =IF(D7="","",C7&"|"&D7) | F7: =IF(OR(B7="",C7="⚠ absent du Registre"),"",COUNTIFS(B$4:B7,"<>",C$4:C7,"<>⚠ absent du Registre")) | H7: Lot Piste | I7: =MIN(20,COUNTIF('Impression groupée'!$C$4:$C$103,"Piste de travail"))
A8: 5 | C8: =IF(B8="","",IFERROR(INDEX(Registre!$A$2:$A$1999,MATCH(B8,Registre!$B$2:$B$1999,0)),"⚠ absent du Registre")) | D8: =IF(OR(C8="",C8="⚠ absent du Registre"),"",COUNTIF(C$4:C8,C8)) | E8: =IF(D8="","",C8&"|"&D8) | F8: =IF(OR(B8="",C8="⚠ absent du Registre"),"",COUNTIFS(B$4:B8,"<>",C$4:C8,"<>⚠ absent du Registre")) | H8: Lot Bardage | I8: =MIN(20,COUNTIF('Impression groupée'!$C$4:$C$103,"Transport et bardage"))
A9: 6 | C9: =IF(B9="","",IFERROR(INDEX(Registre!$A$2:$A$1999,MATCH(B9,Registre!$B$2:$B$1999,0)),"⚠ absent du Registre")) | D9: =IF(OR(C9="",C9="⚠ absent du Registre"),"",COUNTIF(C$4:C9,C9)) | E9: =IF(D9="","",C9&"|"&D9) | F9: =IF(OR(B9="",C9="⚠ absent du Registre"),"",COUNTIFS(B$4:B9,"<>",C$4:C9,"<>⚠ absent du Registre")) | H9: Lot Cintrage | I9: =MIN(20,COUNTIF('Impression groupée'!$C$4:$C$103,"Cintrage"))
A10: 7 | C10: =IF(B10="","",IFERROR(INDEX(Registre!$A$2:$A$1999,MATCH(B10,Registre!$B$2:$B$1999,0)),"⚠ absent du Registre")) | D10: =IF(OR(C10="",C10="⚠ absent du Registre"),"",COUNTIF(C$4:C10,C10)) | E10: =IF(D10="","",C10&"|"&D10) | F10: =IF(OR(B10="",C10="⚠ absent du Registre"),"",COUNTIFS(B$4:B10,"<>",C$4:C10,"<>⚠ absent du Registre")) | H10: Lot Enrobage | I10: =MIN(20,COUNTIF('Impression groupée'!$C$4:$C$103,"Enrobage"))
A11: 8 | C11: =IF(B11="","",IFERROR(INDEX(Registre!$A$2:$A$1999,MATCH(B11,Registre!$B$2:$B$1999,0)),"⚠ absent du Registre")) | D11: =IF(OR(C11="",C11="⚠ absent du Registre"),"",COUNTIF(C$4:C11,C11)) | E11: =IF(D11="","",C11&"|"&D11) | F11: =IF(OR(B11="",C11="⚠ absent du Registre"),"",COUNTIFS(B$4:B11,"<>",C$4:C11,"<>⚠ absent du Registre")) | H11: Lot Lit de pose | I11: =MIN(20,COUNTIF('Impression groupée'!$C$4:$C$103,"Lit de pose"))
A12: 9 | C12: =IF(B12="","",IFERROR(INDEX(Registre!$A$2:$A$1999,MATCH(B12,Registre!$B$2:$B$1999,0)),"⚠ absent du Registre")) | D12: =IF(OR(C12="",C12="⚠ absent du Registre"),"",COUNTIF(C$4:C12,C12)) | E12: =IF(D12="","",C12&"|"&D12) | F12: =IF(OR(B12="",C12="⚠ absent du Registre"),"",COUNTIFS(B$4:B12,"<>",C$4:C12,"<>⚠ absent du Registre")) | H12: Lot Mise en fouille | I12: =MIN(20,COUNTIF('Impression groupée'!$C$4:$C$103,"Mise en fouille"))
A13: 10 | C13: =IF(B13="","",IFERROR(INDEX(Registre!$A$2:$A$1999,MATCH(B13,Registre!$B$2:$B$1999,0)),"⚠ absent du Registre")) | D13: =IF(OR(C13="",C13="⚠ absent du Registre"),"",COUNTIF(C$4:C13,C13)) | E13: =IF(D13="","",C13&"|"&D13) | F13: =IF(OR(B13="",C13="⚠ absent du Registre"),"",COUNTIFS(B$4:B13,"<>",C$4:C13,"<>⚠ absent du Registre")) | H13: Lot Pre-remblai | I13: =MIN(20,COUNTIF('Impression groupée'!$C$4:$C$103,"Pré-remblai"))
A14: 11 | C14: =IF(B14="","",IFERROR(INDEX(Registre!$A$2:$A$1999,MATCH(B14,Registre!$B$2:$B$1999,0)),"⚠ absent du Registre")) | D14: =IF(OR(C14="",C14="⚠ absent du Registre"),"",COUNTIF(C$4:C14,C14)) | E14: =IF(D14="","",C14&"|"&D14) | F14: =IF(OR(B14="",C14="⚠ absent du Registre"),"",COUNTIFS(B$4:B14,"<>",C$4:C14,"<>⚠ absent du Registre"))
A15: 12 | C15: =IF(B15="","",IFERROR(INDEX(Registre!$A$2:$A$1999,MATCH(B15,Registre!$B$2:$B$1999,0)),"⚠ absent du Registre")) | D15: =IF(OR(C15="",C15="⚠ absent du Registre"),"",COUNTIF(C$4:C15,C15)) | E15: =IF(D15="","",C15&"|"&D15) | F15: =IF(OR(B15="",C15="⚠ absent du Registre"),"",COUNTIFS(B$4:B15,"<>",C$4:C15,"<>⚠ absent du Registre")) | H15: COMMENT EXPORTER EN UN SEUL PDF :
A16: 13 | C16: =IF(B16="","",IFERROR(INDEX(Registre!$A$2:$A$1999,MATCH(B16,Registre!$B$2:$B$1999,0)),"⚠ absent du Registre")) | D16: =IF(OR(C16="",C16="⚠ absent du Registre"),"",COUNTIF(C$4:C16,C16)) | E16: =IF(D16="","",C16&"|"&D16) | F16: =IF(OR(B16="",C16="⚠ absent du Registre"),"",COUNTIFS(B$4:B16,"<>",C$4:C16,"<>⚠ absent du Registre")) | H16: 1. Remplissez la colonne B (RFI à imprimer).
A17: 14 | C17: =IF(B17="","",IFERROR(INDEX(Registre!$A$2:$A$1999,MATCH(B17,Registre!$B$2:$B$1999,0)),"⚠ absent du Registre")) | D17: =IF(OR(C17="",C17="⚠ absent du Registre"),"",COUNTIF(C$4:C17,C17)) | E17: =IF(D17="","",C17&"|"&D17) | F17: =IF(OR(B17="",C17="⚠ absent du Registre"),"",COUNTIFS(B$4:B17,"<>",C$4:C17,"<>⚠ absent du Registre")) | H17: 2. Cliquez sur l'onglet du premier Lot utile, puis Ctrl + clic sur les autres Lots utiles.
A18: 15 | C18: =IF(B18="","",IFERROR(INDEX(Registre!$A$2:$A$1999,MATCH(B18,Registre!$B$2:$B$1999,0)),"⚠ absent du Registre")) | D18: =IF(OR(C18="",C18="⚠ absent du Registre"),"",COUNTIF(C$4:C18,C18)) | E18: =IF(D18="","",C18&"|"&D18) | F18: =IF(OR(B18="",C18="⚠ absent du Registre"),"",COUNTIFS(B$4:B18,"<>",C$4:C18,"<>⚠ absent du Registre")) | H18: 3. Fichier > Exporter > Créer PDF (ou Enregistrer sous > PDF).
A19: 16 | C19: =IF(B19="","",IFERROR(INDEX(Registre!$A$2:$A$1999,MATCH(B19,Registre!$B$2:$B$1999,0)),"⚠ absent du Registre")) | D19: =IF(OR(C19="",C19="⚠ absent du Registre"),"",COUNTIF(C$4:C19,C19)) | E19: =IF(D19="","",C19&"|"&D19) | F19: =IF(OR(B19="",C19="⚠ absent du Registre"),"",COUNTIFS(B$4:B19,"<>",C$4:C19,"<>⚠ absent du Registre")) | H19: Chaque RFI = une page ; seules les fiches remplies sont imprimées.
A20: 17 | C20: =IF(B20="","",IFERROR(INDEX(Registre!$A$2:$A$1999,MATCH(B20,Registre!$B$2:$B$1999,0)),"⚠ absent du Registre")) | D20: =IF(OR(C20="",C20="⚠ absent du Registre"),"",COUNTIF(C$4:C20,C20)) | E20: =IF(D20="","",C20&"|"&D20) | F20: =IF(OR(B20="",C20="⚠ absent du Registre"),"",COUNTIFS(B$4:B20,"<>",C$4:C20,"<>⚠ absent du Registre")) | H20: 4. Ensuite, cliquez sur l'onglet Registre pour désélectionner le groupe.
A21: 18 | C21: =IF(B21="","",IFERROR(INDEX(Registre!$A$2:$A$1999,MATCH(B21,Registre!$B$2:$B$1999,0)),"⚠ absent du Registre")) | D21: =IF(OR(C21="",C21="⚠ absent du Registre"),"",COUNTIF(C$4:C21,C21)) | E21: =IF(D21="","",C21&"|"&D21) | F21: =IF(OR(B21="",C21="⚠ absent du Registre"),"",COUNTIFS(B$4:B21,"<>",C$4:C21,"<>⚠ absent du Registre")) | H21: Si des pages vides sortent : Fichier > Imprimer > Pages de 1 à (nombre de la colonne I).
A22: 19 | C22: =IF(B22="","",IFERROR(INDEX(Registre!$A$2:$A$1999,MATCH(B22,Registre!$B$2:$B$1999,0)),"⚠ absent du Registre")) | D22: =IF(OR(C22="",C22="⚠ absent du Registre"),"",COUNTIF(C$4:C22,C22)) | E22: =IF(D22="","",C22&"|"&D22) | F22: =IF(OR(B22="",C22="⚠ absent du Registre"),"",COUNTIFS(B$4:B22,"<>",C$4:C22,"<>⚠ absent du Registre"))
A23: 20 | C23: =IF(B23="","",IFERROR(INDEX(Registre!$A$2:$A$1999,MATCH(B23,Registre!$B$2:$B$1999,0)),"⚠ absent du Registre")) | D23: =IF(OR(C23="",C23="⚠ absent du Registre"),"",COUNTIF(C$4:C23,C23)) | E23: =IF(D23="","",C23&"|"&D23) | F23: =IF(OR(B23="",C23="⚠ absent du Registre"),"",COUNTIFS(B$4:B23,"<>",C$4:C23,"<>⚠ absent du Registre"))
A24: 21 | C24: =IF(B24="","",IFERROR(INDEX(Registre!$A$2:$A$1999,MATCH(B24,Registre!$B$2:$B$1999,0)),"⚠ absent du Registre")) | D24: =IF(OR(C24="",C24="⚠ absent du Registre"),"",COUNTIF(C$4:C24,C24)) | E24: =IF(D24="","",C24&"|"&D24) | F24: =IF(OR(B24="",C24="⚠ absent du Registre"),"",COUNTIFS(B$4:B24,"<>",C$4:C24,"<>⚠ absent du Registre"))
A25: 22 | C25: =IF(B25="","",IFERROR(INDEX(Registre!$A$2:$A$1999,MATCH(B25,Registre!$B$2:$B$1999,0)),"⚠ absent du Registre")) | D25: =IF(OR(C25="",C25="⚠ absent du Registre"),"",COUNTIF(C$4:C25,C25)) | E25: =IF(D25="","",C25&"|"&D25) | F25: =IF(OR(B25="",C25="⚠ absent du Registre"),"",COUNTIFS(B$4:B25,"<>",C$4:C25,"<>⚠ absent du Registre"))
A26: 23 | C26: =IF(B26="","",IFERROR(INDEX(Registre!$A$2:$A$1999,MATCH(B26,Registre!$B$2:$B$1999,0)),"⚠ absent du Registre")) | D26: =IF(OR(C26="",C26="⚠ absent du Registre"),"",COUNTIF(C$4:C26,C26)) | E26: =IF(D26="","",C26&"|"&D26) | F26: =IF(OR(B26="",C26="⚠ absent du Registre"),"",COUNTIFS(B$4:B26,"<>",C$4:C26,"<>⚠ absent du Registre"))
A27: 24 | C27: =IF(B27="","",IFERROR(INDEX(Registre!$A$2:$A$1999,MATCH(B27,Registre!$B$2:$B$1999,0)),"⚠ absent du Registre")) | D27: =IF(OR(C27="",C27="⚠ absent du Registre"),"",COUNTIF(C$4:C27,C27)) | E27: =IF(D27="","",C27&"|"&D27) | F27: =IF(OR(B27="",C27="⚠ absent du Registre"),"",COUNTIFS(B$4:B27,"<>",C$4:C27,"<>⚠ absent du Registre"))
A28: 25 | C28: =IF(B28="","",IFERROR(INDEX(Registre!$A$2:$A$1999,MATCH(B28,Registre!$B$2:$B$1999,0)),"⚠ absent du Registre")) | D28: =IF(OR(C28="",C28="⚠ absent du Registre"),"",COUNTIF(C$4:C28,C28)) | E28: =IF(D28="","",C28&"|"&D28) | F28: =IF(OR(B28="",C28="⚠ absent du Registre"),"",COUNTIFS(B$4:B28,"<>",C$4:C28,"<>⚠ absent du Registre"))
A29: 26 | C29: =IF(B29="","",IFERROR(INDEX(Registre!$A$2:$A$1999,MATCH(B29,Registre!$B$2:$B$1999,0)),"⚠ absent du Registre")) | D29: =IF(OR(C29="",C29="⚠ absent du Registre"),"",COUNTIF(C$4:C29,C29)) | E29: =IF(D29="","",C29&"|"&D29) | F29: =IF(OR(B29="",C29="⚠ absent du Registre"),"",COUNTIFS(B$4:B29,"<>",C$4:C29,"<>⚠ absent du Registre"))
A30: 27 | C30: =IF(B30="","",IFERROR(INDEX(Registre!$A$2:$A$1999,MATCH(B30,Registre!$B$2:$B$1999,0)),"⚠ absent du Registre")) | D30: =IF(OR(C30="",C30="⚠ absent du Registre"),"",COUNTIF(C$4:C30,C30)) | E30: =IF(D30="","",C30&"|"&D30) | F30: =IF(OR(B30="",C30="⚠ absent du Registre"),"",COUNTIFS(B$4:B30,"<>",C$4:C30,"<>⚠ absent du Registre"))
A31: 28 | C31: =IF(B31="","",IFERROR(INDEX(Registre!$A$2:$A$1999,MATCH(B31,Registre!$B$2:$B$1999,0)),"⚠ absent du Registre")) | D31: =IF(OR(C31="",C31="⚠ absent du Registre"),"",COUNTIF(C$4:C31,C31)) | E31: =IF(D31="","",C31&"|"&D31) | F31: =IF(OR(B31="",C31="⚠ absent du Registre"),"",COUNTIFS(B$4:B31,"<>",C$4:C31,"<>⚠ absent du Registre"))
A32: 29 | C32: =IF(B32="","",IFERROR(INDEX(Registre!$A$2:$A$1999,MATCH(B32,Registre!$B$2:$B$1999,0)),"⚠ absent du Registre")) | D32: =IF(OR(C32="",C32="⚠ absent du Registre"),"",COUNTIF(C$4:C32,C32)) | E32: =IF(D32="","",C32&"|"&D32) | F32: =IF(OR(B32="",C32="⚠ absent du Registre"),"",COUNTIFS(B$4:B32,"<>",C$4:C32,"<>⚠ absent du Registre"))
A33: 30 | C33: =IF(B33="","",IFERROR(INDEX(Registre!$A$2:$A$1999,MATCH(B33,Registre!$B$2:$B$1999,0)),"⚠ absent du Registre")) | D33: =IF(OR(C33="",C33="⚠ absent du Registre"),"",COUNTIF(C$4:C33,C33)) | E33: =IF(D33="","",C33&"|"&D33) | F33: =IF(OR(B33="",C33="⚠ absent du Registre"),"",COUNTIFS(B$4:B33,"<>",C$4:C33,"<>⚠ absent du Registre"))
... A103: 100 | C103: =IF(B103="","",IFERROR(INDEX(Registre!$A$2:$A$1999,MATCH(B103,Registre!$B$2:$B$1999,0)),"⚠ absent du Registre")) | D103: =IF(OR(C103="",C103="⚠ absent du Registre"),"",COUNTIF(C$4:C103,C103)) | E103: =IF(D103="","",C103&"|"&D103) | F103: =IF(OR(B103="",C103="⚠ absent du Registre"),"",COUNTIFS(B$4:B103,"<>",C$4:C103,"<>⚠ absent du Registre"))

Sheet RFI
C1: =Paramètres!$C$2 | I1: =Paramètres!$D$2 | L1: Calcul (ne pas modifier) – ligne registre :
I2: ="Date: "&Paramètres!$E$2 | L2: =IFERROR(MATCH($G$5,Registre!$B$2:$B$1999,0),0)
I3: Page 1/1
A4: Demande d’inspection ( RFI )
A5: ="Discipline : "&IFERROR(IF(INDEX(Registre!$P$2:$P$1999,IF($L$2=0,-1,$L$2))&""<>"",INDEX(Registre!$P$2:$P$1999,IF($L$2=0,-1,$L$2))&"",TRIM(MID(SUBSTITUTE(INDEX(Registre!$B$2:$B$1999,IF($L$2=0,-1,$L$2)),"-",REPT(" ",100)),201,100))),"") | F5: RFI No: | G5: 21063-G26-PPL-RFI-0200
A6: ="Date d'inspection : "&IFERROR(RIGHT("0"&DAY(INDEX(Registre!$D$2:$D$1999,IF($L$2=0,-1,$L$2))),2)&"/"&RIGHT("0"&MONTH(INDEX(Registre!$D$2:$D$1999,IF($L$2=0,-1,$L$2))),2)&"/"&YEAR(INDEX(Registre!$D$2:$D$1999,IF($L$2=0,-1,$L$2))),IFERROR(INDEX(Registre!$D$2:$D$1999,IF($L$2=0,-1,$L$2))&"","")) | L6: ◀ Choisissez le RFI dans la case « RFI nº » (liste déroulante)
A7: ="Lieu : "&IF(IFERROR(INDEX(Registre!$Q$2:$Q$1999,IF($L$2=0,-1,$L$2))&"","")<>"",IFERROR(INDEX(Registre!$Q$2:$Q$1999,IF($L$2=0,-1,$L$2))&"",""),IFERROR(INDEX(Registre!$E$2:$E$1999,IF($L$2=0,-1,$L$2))&"",""))
A8: Heure de réception | C8: CPECC QA/QC | G8: GTFT QA/QC
C9: Nom/Date : | G9: Nom/Date :
A10: Item No. | B10: heure | C10: Description de l'inspection | E10: Point d'inspection
E11: C3 | G11: C1 | H11: CA | I11: TPI1 | J11: TPI2
E12: CST | F12: QCI
A13: =IFERROR(INDEX(Registre!$R$2:$R$1999,IF($L$2=0,-1,$L$2))&"","") | B13: =IFERROR(IF(ISNUMBER(INDEX(Registre!$S$2:$S$1999,IF($L$2=0,-1,$L$2))),RIGHT("0"&HOUR(INDEX(Registre!$S$2:$S$1999,IF($L$2=0,-1,$L$2))),2)&":"&RIGHT("0"&MINUTE(INDEX(Registre!$S$2:$S$1999,IF($L$2=0,-1,$L$2))),2),INDEX(Registre!$S$2:$S$1999,IF($L$2=0,-1,$L$2))&""),"") | C13: =IF(IFERROR(INDEX(Registre!$T$2:$T$1999,IF($L$2=0,-1,$L$2))&"","")<>"",IFERROR(INDEX(Registre!$T$2:$T$1999,IF($L$2=0,-1,$L$2))&"",""),IFERROR(INDEX(Registre!$G$2:$G$1999,IF($L$2=0,-1,$L$2))&"","")) | E13: =IFERROR(INDEX(Registre!$U$2:$U$1999,IF($L$2=0,-1,$L$2))&"","") | F13: =IFERROR(INDEX(Registre!$V$2:$V$1999,IF($L$2=0,-1,$L$2))&"","") | G13: =IFERROR(INDEX(Registre!$W$2:$W$1999,IF($L$2=0,-1,$L$2))&"","") | H13: =IFERROR(INDEX(Registre!$X$2:$X$1999,IF($L$2=0,-1,$L$2))&"","") | I13: =IFERROR(INDEX(Registre!$Y$2:$Y$1999,IF($L$2=0,-1,$L$2))&"","") | J13: =IFERROR(INDEX(Registre!$Z$2:$Z$1999,IF($L$2=0,-1,$L$2))&"","")
A14: CONCLUSION DE L'INSPECTION
A16: =IF(IFERROR(INDEX(Registre!$N$2:$N$1999,IF($L$2=0,-1,$L$2))&"","")="Accepté","☒","☐")&" Approuvé" | D16: =IF(IFERROR(INDEX(Registre!$N$2:$N$1999,IF($L$2=0,-1,$L$2))&"","")="Approuvé avec commentaires","☒","☐")&" Approuvé avec commentaires" | H16: =IF(IFERROR(INDEX(Registre!$N$2:$N$1999,IF($L$2=0,-1,$L$2))&"","")="Rejeté","☒","☐")&" Rejeté"
A17: ="Remarques : "&IFERROR(INDEX(Registre!$O$2:$O$1999,IF($L$2=0,-1,$L$2))&"","")
A18: APPROBATION | C18: C3 | G18: C1 | I18: CA
C19: CST | E19: QCI
A20: Nom
A21: Signature
A22: Date

Sheet RFI interne
C1: DEMANDE D'INSPECTION | H1: DIN-SMG-CQ-84 | L1: SAISIE (non imprimé)
H2: Date : 26/10/20 | L2: RFI (repris de la feuille RFI) | M2: =RFI!$G$5
H3: Page : 1/1 | L3: (N° interne = N° de la RFI)
L4: Corps d'état | M4: GENIE MECANIQUE
A5: Projet : Développement des champs gaziers de TFT II contrat & commissionning « réseau de collecte TFT sud off site –raccordement de vingt –quatre (24) puits producteur de gaz | F5: ="Demande d'inspection N° :"&CHAR(10)&RFI!$G$5 | L5: Demandée par | M5: KHOUBZI ABDELMOUNAIM
A6: ="Corps d'état : "&$M$4 | F6: ="Date : "&IFERROR(RIGHT("0"&DAY($M$14),2)&"/"&RIGHT("0"&MONTH($M$14),2)&"/"&YEAR($M$14),"") | I6: ="Heure : "&$M$7 | L6: Fonction | M6: INGENIEUR MECANIQUE
A7: ="Demandée par :"&CHAR(10)&$M$5 | F7: ="Fonction : "&$M$6 | L7: Heure de la demande | M7: 07:00
A8: ="Tache réalisée : "&RFI!$C$13 | L8: Type d'inspection / Essai | M8: visuel
A9: ="Localisation : "&IF($M$12=0,"",INDEX(Registre!$K$2:$K$1999,$M$12)&"")&IF(IF($M$12=0,"",INDEX(Registre!$L$2:$L$1999,$M$12)&"")<>""," au "&IF($M$12=0,"",INDEX(Registre!$L$2:$L$1999,$M$12)&""),"") | L9: Heure prévue (si vide au Registre) | M9: 08:00
A10: ="Plans de référence : "&IF($M$12=0,"",INDEX(Registre!$F$2:$F$1999,$M$12)&"") | L10: Heure de réception (= heure du haut) | M10: =$M$7
A11: ="Type d'inspection / Essai : "&$M$8
A12: ="Date prévue : "&IFERROR(RIGHT("0"&DAY($M$14),2)&"/"&RIGHT("0"&MONTH($M$14),2)&"/"&YEAR($M$14),"") | F12: ="Heure : "&IF(IF($M$12=0,"",INDEX(Registre!$S$2:$S$1999,$M$12)&"")<>"",IF($M$12=0,"",INDEX(Registre!$S$2:$S$1999,$M$12)&""),$M$9) | L12: Calcul – ligne Registre | M12: =IFERROR(MATCH($M$2,Registre!$B$2:$B$1999,0),0)
A13: Remarque : | L13: Calcul – date RFI (Registre) | M13: =IF($M$12=0,"",INDEX(Registre!$D$2:$D$1999,$M$12))
A14: Demande reçue par : | F14: ="Le : "&IFERROR(RIGHT("0"&DAY($M$14),2)&"/"&RIGHT("0"&MONTH($M$14),2)&"/"&YEAR($M$14),"") | I14: ="Heure : "&$M$10 | L14: Calcul – date demande interne (veille) | M14: =IF(ISNUMBER($M$13),$M$13-1,"")
L16: ◀ Choisissez le RFI dans la feuille « RFI » : cette fiche suit automatiquement. Les cases jaunes sont modifiables.

Sheet PV Ouverture
C1: =Paramètres!$C$3 | I1: =Paramètres!$D$3 | L1: Calcul (ne pas modifier) – ligne registre :
I2: ="Date: "&Paramètres!$E$3 | L2: =IFERROR(MATCH($H$8,Registre!$B$2:$B$1999,0),0)
I3: Page 1/1 | L3: =IFERROR(MATCH($H$8,'Données Ouverture'!$A$2:$A$501,0),0)
A4: PROCÈS-VERBAL OUVERTURE DE LA TRANCHÉE | L4: =IF($H$8="","",IF($L$2=0,"⚠ RFI absent du Registre",IF(INDEX(Registre!$A$2:$A$1999,IF($L$2=0,-1,$L$2))<>"Ouverture de la tranchée","⚠ Ce RFI est de type : "&INDEX(Registre!$A$2:$A$1999,IF($L$2=0,-1,$L$2)),"")))
A5: Ouvrages | C5: =IFERROR(INDEX(Registre!$E$2:$E$1999,IF($L$2=0,-1,$L$2))&"","")
A6: Plan nº | C6: =IFERROR(INDEX(Registre!$F$2:$F$1999,IF($L$2=0,-1,$L$2))&"","") | L6: ◀ Choisissez le RFI dans la case « RFI nº » (liste déroulante)
A7: Désignation | C7: =IFERROR(INDEX(Registre!$G$2:$G$1999,IF($L$2=0,-1,$L$2))&"","")
A8: Rapport nº | C8: =IFERROR(IF(INDEX(Registre!$C$2:$C$1999,IF($L$2=0,-1,$L$2))&""<>"",INDEX(Registre!$C$2:$C$1999,IF($L$2=0,-1,$L$2))&"",TEXT(COUNTIF(Registre!$A$2:INDEX(Registre!$A$2:$A$1999,IF($L$2=0,-1,$L$2)),INDEX(Registre!$A$2:$A$1999,IF($L$2=0,-1,$L$2))),"000")),"") | E8: RFI nº | H8: 21063-G26-PPL-RFI-0016
A9: ="Tronçon n° : "&IFERROR(INDEX(Registre!$H$2:$H$1999,IF($L$2=0,-1,$L$2))&"","")&" du "&IF(IFERROR(INDEX(Registre!$I$2:$I$1999,IF($L$2=0,-1,$L$2))&"","")<>"","Joint N° "&IFERROR(INDEX(Registre!$I$2:$I$1999,IF($L$2=0,-1,$L$2))&"","")&" ","")&"PK "&IFERROR(INDEX(Registre!$K$2:$K$1999,IF($L$2=0,-1,$L$2))&"","")&IF(OR(IFERROR(INDEX(Registre!$L$2:$L$1999,IF($L$2=0,-1,$L$2))&"","")<>"",IFERROR(INDEX(Registre!$J$2:$J$1999,IF($L$2=0,-1,$L$2))&"","")<>"")," au "&IF(IFERROR(INDEX(Registre!$J$2:$J$1999,IF($L$2=0,-1,$L$2))&"","")<>"","Joint N° "&IFERROR(INDEX(Registre!$J$2:$J$1999,IF($L$2=0,-1,$L$2))&"","")&" ","")&IF(IFERROR(INDEX(Registre!$L$2:$L$1999,IF($L$2=0,-1,$L$2))&"","")<>"","PK "&IFERROR(INDEX(Registre!$L$2:$L$1999,IF($L$2=0,-1,$L$2))&"",""),""),"") | I9: =IF(IFERROR(INDEX(Registre!$M$2:$M$1999,IF($L$2=0,-1,$L$2))&"","")="","Long :","Long : "&IFERROR(INDEX(Registre!$M$2:$M$1999,IF($L$2=0,-1,$L$2))&"","")&" ml")
A10: Inspection | I10: jugement
A11: Vérification de la profondeur de la tranchée selon diamètre de pipe et zone | I11: =IF(IFERROR(INDEX('Données Ouverture'!$B$2:$B$501,IF($L$3=0,-1,$L$3))&"","")="C","☒","☐")&" C"&" "&IF(IFERROR(INDEX('Données Ouverture'!$B$2:$B$501,IF($L$3=0,-1,$L$3))&"","")="NC","☒","☐")&" NC"
A12: Vérification de la largeur de la tranchée | I12: =IF(IFERROR(INDEX('Données Ouverture'!$C$2:$C$501,IF($L$3=0,-1,$L$3))&"","")="C","☒","☐")&" C"&" "&IF(IFERROR(INDEX('Données Ouverture'!$C$2:$C$501,IF($L$3=0,-1,$L$3))&"","")="NC","☒","☐")&" NC"
A13: ="Nature du terrain : "&IF(IFERROR(INDEX('Données Ouverture'!$D$2:$D$501,IF($L$3=0,-1,$L$3))&"","")="Dune de sable","☒","☐")&" Dune de sable"&" "&IF(IFERROR(INDEX('Données Ouverture'!$D$2:$D$501,IF($L$3=0,-1,$L$3))&"","")="Rocheux","☒","☐")&" Rocheux"&" "&IF(IFERROR(INDEX('Données Ouverture'!$D$2:$D$501,IF($L$3=0,-1,$L$3))&"","")="semi rocheux","☒","☐")&" semi rocheux"&" "&IF(IFERROR(INDEX('Données Ouverture'!$D$2:$D$501,IF($L$3=0,-1,$L$3))&"","")="Autres","☒","☐")&" Autres"
A14: ="Remarques : "&IFERROR(INDEX(Registre!$O$2:$O$1999,IF($L$2=0,-1,$L$2))&"","")
A15: Conclusion de l’inspection | C15: =IF(IFERROR(INDEX(Registre!$N$2:$N$1999,IF($L$2=0,-1,$L$2))&"","")="Non applicable","☒","☐")&" Non applicable" | G15: =IF(IFERROR(INDEX(Registre!$N$2:$N$1999,IF($L$2=0,-1,$L$2))&"","")="Accepté","☒","☐")&" Accepté" | I15: =IF(IFERROR(INDEX(Registre!$N$2:$N$1999,IF($L$2=0,-1,$L$2))&"","")="Rejeté","☒","☐")&" Rejeté"
A16: APPROBATION | C16: C3 | G16: C1 | I16: CA
C17: CST | E17: QCI
A18: Nom
A19: Signature
A20: Date

Sheet PV Piste
C1: =Paramètres!$C$4 | I1: =Paramètres!$D$4 | L1: Calcul (ne pas modifier) – ligne registre :
I2: ="Date: "&Paramètres!$E$4 | L2: =IFERROR(MATCH($H$8,Registre!$B$2:$B$1999,0),0)
I3: Page 1/1 | L3: =IFERROR(MATCH($H$8,'Données Piste'!$A$2:$A$501,0),0)
A4: PROCÈS VERBAL D’AMENAGEMENT DE LA PISTE DE TRAVAIL / PISTE DE SERVICE | L4: =IF($H$8="","",IF($L$2=0,"⚠ RFI absent du Registre",IF(INDEX(Registre!$A$2:$A$1999,IF($L$2=0,-1,$L$2))<>"Piste de travail","⚠ Ce RFI est de type : "&INDEX(Registre!$A$2:$A$1999,IF($L$2=0,-1,$L$2)),"")))
A5: Ouvrages | C5: =IFERROR(INDEX(Registre!$E$2:$E$1999,IF($L$2=0,-1,$L$2))&"","")
A6: Plan nº | C6: =IFERROR(INDEX(Registre!$F$2:$F$1999,IF($L$2=0,-1,$L$2))&"","") | L6: ◀ Choisissez le RFI dans la case « RFI nº » (liste déroulante)
A7: Désignation | C7: =IFERROR(INDEX(Registre!$G$2:$G$1999,IF($L$2=0,-1,$L$2))&"","")
A8: Rapport nº | C8: =IFERROR(IF(INDEX(Registre!$C$2:$C$1999,IF($L$2=0,-1,$L$2))&""<>"",INDEX(Registre!$C$2:$C$1999,IF($L$2=0,-1,$L$2))&"",TEXT(COUNTIF(Registre!$A$2:INDEX(Registre!$A$2:$A$1999,IF($L$2=0,-1,$L$2)),INDEX(Registre!$A$2:$A$1999,IF($L$2=0,-1,$L$2))),"000")),"") | E8: RFI nº | H8: 21063-G26-PPL-RFI-0002
A9: ="Tronçon n° : "&IFERROR(INDEX(Registre!$H$2:$H$1999,IF($L$2=0,-1,$L$2))&"","")&" du "&IF(IFERROR(INDEX(Registre!$I$2:$I$1999,IF($L$2=0,-1,$L$2))&"","")<>"","Joint N° "&IFERROR(INDEX(Registre!$I$2:$I$1999,IF($L$2=0,-1,$L$2))&"","")&" ","")&"PK "&IFERROR(INDEX(Registre!$K$2:$K$1999,IF($L$2=0,-1,$L$2))&"","")&IF(OR(IFERROR(INDEX(Registre!$L$2:$L$1999,IF($L$2=0,-1,$L$2))&"","")<>"",IFERROR(INDEX(Registre!$J$2:$J$1999,IF($L$2=0,-1,$L$2))&"","")<>"")," au "&IF(IFERROR(INDEX(Registre!$J$2:$J$1999,IF($L$2=0,-1,$L$2))&"","")<>"","Joint N° "&IFERROR(INDEX(Registre!$J$2:$J$1999,IF($L$2=0,-1,$L$2))&"","")&" ","")&IF(IFERROR(INDEX(Registre!$L$2:$L$1999,IF($L$2=0,-1,$L$2))&"","")<>"","PK "&IFERROR(INDEX(Registre!$L$2:$L$1999,IF($L$2=0,-1,$L$2))&"",""),""),"") | I9: =IF(IFERROR(INDEX(Registre!$M$2:$M$1999,IF($L$2=0,-1,$L$2))&"","")="","Long :","Long : "&IFERROR(INDEX(Registre!$M$2:$M$1999,IF($L$2=0,-1,$L$2))&"","")&" ml")
A10: ="Type de végétation : "&IF(IFERROR(INDEX('Données Piste'!$B$2:$B$501,IF($L$3=0,-1,$L$3))&"","")="Zone dégagée","☒","☐")&" Zone dégagée"&" "&IF(IFERROR(INDEX('Données Piste'!$B$2:$B$501,IF($L$3=0,-1,$L$3))&"","")="Cultivée","☒","☐")&" Cultivée"&" "&IF(IFERROR(INDEX('Données Piste'!$B$2:$B$501,IF($L$3=0,-1,$L$3))&"","")="Désertique","☒","☐")&" Désertique"&" "&IF(IFERROR(INDEX('Données Piste'!$B$2:$B$501,IF($L$3=0,-1,$L$3))&"","")="Marécageuses","☒","☐")&" Marécageuses"&" "&IF(IFERROR(INDEX('Données Piste'!$B$2:$B$501,IF($L$3=0,-1,$L$3))&"","")="Bois","☒","☐")&" Bois"&" "&IF(IFERROR(INDEX('Données Piste'!$B$2:$B$501,IF($L$3=0,-1,$L$3))&"","")="Autres","☒","☐")&" Autres"
A11: ="Nature de terrain : "&IF(IFERROR(INDEX('Données Piste'!$C$2:$C$501,IF($L$3=0,-1,$L$3))&"","")="nature","☒","☐")&" nature"&" "&IF(IFERROR(INDEX('Données Piste'!$C$2:$C$501,IF($L$3=0,-1,$L$3))&"","")="Relief","☒","☐")&" Relief"&" "&IF(IFERROR(INDEX('Données Piste'!$C$2:$C$501,IF($L$3=0,-1,$L$3))&"","")="Terrain désertique","☒","☐")&" Terrain désertique"&" "&IF(IFERROR(INDEX('Données Piste'!$C$2:$C$501,IF($L$3=0,-1,$L$3))&"","")="dunes de sable","☒","☐")&" dunes de sable"
A12: Certificat des matériaux utilisés | G12: =IF(IFERROR(INDEX('Données Piste'!$D$2:$D$501,IF($L$3=0,-1,$L$3))&"","")="Oui","☒","☐")&" Oui"&" "&IF(IFERROR(INDEX('Données Piste'!$D$2:$D$501,IF($L$3=0,-1,$L$3))&"","")="Non","☒","☐")&" Non"&" "&IF(IFERROR(INDEX('Données Piste'!$D$2:$D$501,IF($L$3=0,-1,$L$3))&"","")="NA","☒","☐")&" NA"
A13: Compactage selon spec projet | G13: =IF(IFERROR(INDEX('Données Piste'!$E$2:$E$501,IF($L$3=0,-1,$L$3))&"","")="Oui","☒","☐")&" Oui"&" "&IF(IFERROR(INDEX('Données Piste'!$E$2:$E$501,IF($L$3=0,-1,$L$3))&"","")="Non","☒","☐")&" Non"&" "&IF(IFERROR(INDEX('Données Piste'!$E$2:$E$501,IF($L$3=0,-1,$L$3))&"","")="NA","☒","☐")&" NA"
A14: Marquage et repérage de la limite de la piste | G14: =IF(IFERROR(INDEX('Données Piste'!$F$2:$F$501,IF($L$3=0,-1,$L$3))&"","")="C","☒","☐")&" C"&" "&IF(IFERROR(INDEX('Données Piste'!$F$2:$F$501,IF($L$3=0,-1,$L$3))&"","")="NC","☒","☐")&" NC"
A15: Largeur de la piste | G15: =IF(IFERROR(INDEX('Données Piste'!$G$2:$G$501,IF($L$3=0,-1,$L$3))&"","")="C","☒","☐")&" C"&" "&IF(IFERROR(INDEX('Données Piste'!$G$2:$G$501,IF($L$3=0,-1,$L$3))&"","")="NC","☒","☐")&" NC"
A16: Localisation et Protection des Installations Existantes | G16: =IF(IFERROR(INDEX('Données Piste'!$H$2:$H$501,IF($L$3=0,-1,$L$3))&"","")="C","☒","☐")&" C"&" "&IF(IFERROR(INDEX('Données Piste'!$H$2:$H$501,IF($L$3=0,-1,$L$3))&"","")="NC","☒","☐")&" NC"&" "&IF(IFERROR(INDEX('Données Piste'!$H$2:$H$501,IF($L$3=0,-1,$L$3))&"","")="NA","☒","☐")&" NA"
A17: ="Remarques : "&IFERROR(INDEX(Registre!$O$2:$O$1999,IF($L$2=0,-1,$L$2))&"","")
A18: Conclusion de l’inspection | C18: =IF(IFERROR(INDEX(Registre!$N$2:$N$1999,IF($L$2=0,-1,$L$2))&"","")="Non applicable","☒","☐")&" Non applicable" | G18: =IF(IFERROR(INDEX(Registre!$N$2:$N$1999,IF($L$2=0,-1,$L$2))&"","")="Accepté","☒","☐")&" Accepté" | I18: =IF(IFERROR(INDEX(Registre!$N$2:$N$1999,IF($L$2=0,-1,$L$2))&"","")="Rejeté","☒","☐")&" Rejeté"
A19: APPROBATION | C19: C3 | G19: C1 | I19: CA
C20: CST | E20: QCI
A21: Nom
A22: Signature
A23: Date

Sheet PV Bardage
C1: =Paramètres!$C$5 | I1: =Paramètres!$D$5 | L1: Calcul (ne pas modifier) – ligne registre :
I2: ="Date: "&Paramètres!$E$5 | L2: =IFERROR(MATCH($H$8,Registre!$B$2:$B$1999,0),0)
I3: Page 1/1
A4: Procès-Verbal de transport et bardage Pipe | L4: =IF($H$8="","",IF($L$2=0,"⚠ RFI absent du Registre",IF(INDEX(Registre!$A$2:$A$1999,IF($L$2=0,-1,$L$2))<>"Transport et bardage","⚠ Ce RFI est de type : "&INDEX(Registre!$A$2:$A$1999,IF($L$2=0,-1,$L$2)),"")))
A5: Ouvrages | C5: =IFERROR(INDEX(Registre!$E$2:$E$1999,IF($L$2=0,-1,$L$2))&"","")
A6: Plan nº | C6: =IFERROR(INDEX(Registre!$F$2:$F$1999,IF($L$2=0,-1,$L$2))&"","") | L6: ◀ Choisissez le RFI dans la case « RFI nº » (liste déroulante)
A7: Désignation | C7: =IFERROR(INDEX(Registre!$G$2:$G$1999,IF($L$2=0,-1,$L$2))&"","")
A8: Rapport nº | C8: =IFERROR(IF(INDEX(Registre!$C$2:$C$1999,IF($L$2=0,-1,$L$2))&""<>"",INDEX(Registre!$C$2:$C$1999,IF($L$2=0,-1,$L$2))&"",TEXT(COUNTIF(Registre!$A$2:INDEX(Registre!$A$2:$A$1999,IF($L$2=0,-1,$L$2)),INDEX(Registre!$A$2:$A$1999,IF($L$2=0,-1,$L$2))),"000")),"") | E8: DI/ (RFI) nº | H8: 21063-G9-PPL-RFI-0095
A9: ="Tronçon n° : "&IFERROR(INDEX(Registre!$H$2:$H$1999,IF($L$2=0,-1,$L$2))&"","")&" du "&IF(IFERROR(INDEX(Registre!$I$2:$I$1999,IF($L$2=0,-1,$L$2))&"","")<>"","Joint N° "&IFERROR(INDEX(Registre!$I$2:$I$1999,IF($L$2=0,-1,$L$2))&"","")&" ","")&"PK "&IFERROR(INDEX(Registre!$K$2:$K$1999,IF($L$2=0,-1,$L$2))&"","")&IF(OR(IFERROR(INDEX(Registre!$L$2:$L$1999,IF($L$2=0,-1,$L$2))&"","")<>"",IFERROR(INDEX(Registre!$J$2:$J$1999,IF($L$2=0,-1,$L$2))&"","")<>"")," au "&IF(IFERROR(INDEX(Registre!$J$2:$J$1999,IF($L$2=0,-1,$L$2))&"","")<>"","Joint N° "&IFERROR(INDEX(Registre!$J$2:$J$1999,IF($L$2=0,-1,$L$2))&"","")&" ","")&IF(IFERROR(INDEX(Registre!$L$2:$L$1999,IF($L$2=0,-1,$L$2))&"","")<>"","PK "&IFERROR(INDEX(Registre!$L$2:$L$1999,IF($L$2=0,-1,$L$2))&"",""),""),"") | I9: =IF(IFERROR(INDEX(Registre!$M$2:$M$1999,IF($L$2=0,-1,$L$2))&"","")="","Long :","Long : "&IFERROR(INDEX(Registre!$M$2:$M$1999,IF($L$2=0,-1,$L$2))&"","")&" ml")
A10: Inspection | I10: jugement
A11: N° | B11: N° pipe | C11: N° de coulée | D11: Diamètre | E11: EP mm | F11: Long (ml) | G11: Contrôle visuel
A12: =IF(IFERROR(INDEX('Tubes Bardage'!$B$2:$B$501,MATCH($H$8&"|1",'Tubes Bardage'!$I$2:$I$501,0))&"","")="","",TEXT(1,"00")) | B12: =IFERROR(INDEX('Tubes Bardage'!$B$2:$B$501,MATCH($H$8&"|1",'Tubes Bardage'!$I$2:$I$501,0))&"","") | C12: =IFERROR(INDEX('Tubes Bardage'!$C$2:$C$501,MATCH($H$8&"|1",'Tubes Bardage'!$I$2:$I$501,0))&"","") | D12: =IFERROR(INDEX('Tubes Bardage'!$D$2:$D$501,MATCH($H$8&"|1",'Tubes Bardage'!$I$2:$I$501,0))&"","") | E12: =IFERROR(INDEX('Tubes Bardage'!$E$2:$E$501,MATCH($H$8&"|1",'Tubes Bardage'!$I$2:$I$501,0))&"","") | F12: =IFERROR(INDEX('Tubes Bardage'!$F$2:$F$501,MATCH($H$8&"|1",'Tubes Bardage'!$I$2:$I$501,0))&"","") | G12: =IFERROR(INDEX('Tubes Bardage'!$G$2:$G$501,MATCH($H$8&"|1",'Tubes Bardage'!$I$2:$I$501,0))&"","") | I12: =IF(IFERROR(INDEX('Tubes Bardage'!$H$2:$H$501,MATCH($H$8&"|1",'Tubes Bardage'!$I$2:$I$501,0))&"","")="C","☒","☐")&" C"&" "&IF(IFERROR(INDEX('Tubes Bardage'!$H$2:$H$501,MATCH($H$8&"|1",'Tubes Bardage'!$I$2:$I$501,0))&"","")="NC","☒","☐")&" NC"
A13: =IF(IFERROR(INDEX('Tubes Bardage'!$B$2:$B$501,MATCH($H$8&"|2",'Tubes Bardage'!$I$2:$I$501,0))&"","")="","",TEXT(2,"00")) | B13: =IFERROR(INDEX('Tubes Bardage'!$B$2:$B$501,MATCH($H$8&"|2",'Tubes Bardage'!$I$2:$I$501,0))&"","") | C13: =IFERROR(INDEX('Tubes Bardage'!$C$2:$C$501,MATCH($H$8&"|2",'Tubes Bardage'!$I$2:$I$501,0))&"","") | D13: =IFERROR(INDEX('Tubes Bardage'!$D$2:$D$501,MATCH($H$8&"|2",'Tubes Bardage'!$I$2:$I$501,0))&"","") | E13: =IFERROR(INDEX('Tubes Bardage'!$E$2:$E$501,MATCH($H$8&"|2",'Tubes Bardage'!$I$2:$I$501,0))&"","") | F13: =IFERROR(INDEX('Tubes Bardage'!$F$2:$F$501,MATCH($H$8&"|2",'Tubes Bardage'!$I$2:$I$501,0))&"","") | G13: =IFERROR(INDEX('Tubes Bardage'!$G$2:$G$501,MATCH($H$8&"|2",'Tubes Bardage'!$I$2:$I$501,0))&"","") | I13: =IF(IFERROR(INDEX('Tubes Bardage'!$H$2:$H$501,MATCH($H$8&"|2",'Tubes Bardage'!$I$2:$I$501,0))&"","")="C","☒","☐")&" C"&" "&IF(IFERROR(INDEX('Tubes Bardage'!$H$2:$H$501,MATCH($H$8&"|2",'Tubes Bardage'!$I$2:$I$501,0))&"","")="NC","☒","☐")&" NC"
A14: =IF(IFERROR(INDEX('Tubes Bardage'!$B$2:$B$501,MATCH($H$8&"|3",'Tubes Bardage'!$I$2:$I$501,0))&"","")="","",TEXT(3,"00")) | B14: =IFERROR(INDEX('Tubes Bardage'!$B$2:$B$501,MATCH($H$8&"|3",'Tubes Bardage'!$I$2:$I$501,0))&"","") | C14: =IFERROR(INDEX('Tubes Bardage'!$C$2:$C$501,MATCH($H$8&"|3",'Tubes Bardage'!$I$2:$I$501,0))&"","") | D14: =IFERROR(INDEX('Tubes Bardage'!$D$2:$D$501,MATCH($H$8&"|3",'Tubes Bardage'!$I$2:$I$501,0))&"","") | E14: =IFERROR(INDEX('Tubes Bardage'!$E$2:$E$501,MATCH($H$8&"|3",'Tubes Bardage'!$I$2:$I$501,0))&"","") | F14: =IFERROR(INDEX('Tubes Bardage'!$F$2:$F$501,MATCH($H$8&"|3",'Tubes Bardage'!$I$2:$I$501,0))&"","") | G14: =IFERROR(INDEX('Tubes Bardage'!$G$2:$G$501,MATCH($H$8&"|3",'Tubes Bardage'!$I$2:$I$501,0))&"","") | I14: =IF(IFERROR(INDEX('Tubes Bardage'!$H$2:$H$501,MATCH($H$8&"|3",'Tubes Bardage'!$I$2:$I$501,0))&"","")="C","☒","☐")&" C"&" "&IF(IFERROR(INDEX('Tubes Bardage'!$H$2:$H$501,MATCH($H$8&"|3",'Tubes Bardage'!$I$2:$I$501,0))&"","")="NC","☒","☐")&" NC"
A15: =IF(IFERROR(INDEX('Tubes Bardage'!$B$2:$B$501,MATCH($H$8&"|4",'Tubes Bardage'!$I$2:$I$501,0))&"","")="","",TEXT(4,"00")) | B15: =IFERROR(INDEX('Tubes Bardage'!$B$2:$B$501,MATCH($H$8&"|4",'Tubes Bardage'!$I$2:$I$501,0))&"","") | C15: =IFERROR(INDEX('Tubes Bardage'!$C$2:$C$501,MATCH($H$8&"|4",'Tubes Bardage'!$I$2:$I$501,0))&"","") | D15: =IFERROR(INDEX('Tubes Bardage'!$D$2:$D$501,MATCH($H$8&"|4",'Tubes Bardage'!$I$2:$I$501,0))&"","") | E15: =IFERROR(INDEX('Tubes Bardage'!$E$2:$E$501,MATCH($H$8&"|4",'Tubes Bardage'!$I$2:$I$501,0))&"","") | F15: =IFERROR(INDEX('Tubes Bardage'!$F$2:$F$501,MATCH($H$8&"|4",'Tubes Bardage'!$I$2:$I$501,0))&"","") | G15: =IFERROR(INDEX('Tubes Bardage'!$G$2:$G$501,MATCH($H$8&"|4",'Tubes Bardage'!$I$2:$I$501,0))&"","") | I15: =IF(IFERROR(INDEX('Tubes Bardage'!$H$2:$H$501,MATCH($H$8&"|4",'Tubes Bardage'!$I$2:$I$501,0))&"","")="C","☒","☐")&" C"&" "&IF(IFERROR(INDEX('Tubes Bardage'!$H$2:$H$501,MATCH($H$8&"|4",'Tubes Bardage'!$I$2:$I$501,0))&"","")="NC","☒","☐")&" NC"
A16: =IF(IFERROR(INDEX('Tubes Bardage'!$B$2:$B$501,MATCH($H$8&"|5",'Tubes Bardage'!$I$2:$I$501,0))&"","")="","",TEXT(5,"00")) | B16: =IFERROR(INDEX('Tubes Bardage'!$B$2:$B$501,MATCH($H$8&"|5",'Tubes Bardage'!$I$2:$I$501,0))&"","") | C16: =IFERROR(INDEX('Tubes Bardage'!$C$2:$C$501,MATCH($H$8&"|5",'Tubes Bardage'!$I$2:$I$501,0))&"","") | D16: =IFERROR(INDEX('Tubes Bardage'!$D$2:$D$501,MATCH($H$8&"|5",'Tubes Bardage'!$I$2:$I$501,0))&"","") | E16: =IFERROR(INDEX('Tubes Bardage'!$E$2:$E$501,MATCH($H$8&"|5",'Tubes Bardage'!$I$2:$I$501,0))&"","") | F16: =IFERROR(INDEX('Tubes Bardage'!$F$2:$F$501,MATCH($H$8&"|5",'Tubes Bardage'!$I$2:$I$501,0))&"","") | G16: =IFERROR(INDEX('Tubes Bardage'!$G$2:$G$501,MATCH($H$8&"|5",'Tubes Bardage'!$I$2:$I$501,0))&"","") | I16: =IF(IFERROR(INDEX('Tubes Bardage'!$H$2:$H$501,MATCH($H$8&"|5",'Tubes Bardage'!$I$2:$I$501,0))&"","")="C","☒","☐")&" C"&" "&IF(IFERROR(INDEX('Tubes Bardage'!$H$2:$H$501,MATCH($H$8&"|5",'Tubes Bardage'!$I$2:$I$501,0))&"","")="NC","☒","☐")&" NC"
A17: =IF(IFERROR(INDEX('Tubes Bardage'!$B$2:$B$501,MATCH($H$8&"|6",'Tubes Bardage'!$I$2:$I$501,0))&"","")="","",TEXT(6,"00")) | B17: =IFERROR(INDEX('Tubes Bardage'!$B$2:$B$501,MATCH($H$8&"|6",'Tubes Bardage'!$I$2:$I$501,0))&"","") | C17: =IFERROR(INDEX('Tubes Bardage'!$C$2:$C$501,MATCH($H$8&"|6",'Tubes Bardage'!$I$2:$I$501,0))&"","") | D17: =IFERROR(INDEX('Tubes Bardage'!$D$2:$D$501,MATCH($H$8&"|6",'Tubes Bardage'!$I$2:$I$501,0))&"","") | E17: =IFERROR(INDEX('Tubes Bardage'!$E$2:$E$501,MATCH($H$8&"|6",'Tubes Bardage'!$I$2:$I$501,0))&"","") | F17: =IFERROR(INDEX('Tubes Bardage'!$F$2:$F$501,MATCH($H$8&"|6",'Tubes Bardage'!$I$2:$I$501,0))&"","") | G17: =IFERROR(INDEX('Tubes Bardage'!$G$2:$G$501,MATCH($H$8&"|6",'Tubes Bardage'!$I$2:$I$501,0))&"","") | I17: =IF(IFERROR(INDEX('Tubes Bardage'!$H$2:$H$501,MATCH($H$8&"|6",'Tubes Bardage'!$I$2:$I$501,0))&"","")="C","☒","☐")&" C"&" "&IF(IFERROR(INDEX('Tubes Bardage'!$H$2:$H$501,MATCH($H$8&"|6",'Tubes Bardage'!$I$2:$I$501,0))&"","")="NC","☒","☐")&" NC"
A18: =IF(IFERROR(INDEX('Tubes Bardage'!$B$2:$B$501,MATCH($H$8&"|7",'Tubes Bardage'!$I$2:$I$501,0))&"","")="","",TEXT(7,"00")) | B18: =IFERROR(INDEX('Tubes Bardage'!$B$2:$B$501,MATCH($H$8&"|7",'Tubes Bardage'!$I$2:$I$501,0))&"","") | C18: =IFERROR(INDEX('Tubes Bardage'!$C$2:$C$501,MATCH($H$8&"|7",'Tubes Bardage'!$I$2:$I$501,0))&"","") | D18: =IFERROR(INDEX('Tubes Bardage'!$D$2:$D$501,MATCH($H$8&"|7",'Tubes Bardage'!$I$2:$I$501,0))&"","") | E18: =IFERROR(INDEX('Tubes Bardage'!$E$2:$E$501,MATCH($H$8&"|7",'Tubes Bardage'!$I$2:$I$501,0))&"","") | F18: =IFERROR(INDEX('Tubes Bardage'!$F$2:$F$501,MATCH($H$8&"|7",'Tubes Bardage'!$I$2:$I$501,0))&"","") | G18: =IFERROR(INDEX('Tubes Bardage'!$G$2:$G$501,MATCH($H$8&"|7",'Tubes Bardage'!$I$2:$I$501,0))&"","") | I18: =IF(IFERROR(INDEX('Tubes Bardage'!$H$2:$H$501,MATCH($H$8&"|7",'Tubes Bardage'!$I$2:$I$501,0))&"","")="C","☒","☐")&" C"&" "&IF(IFERROR(INDEX('Tubes Bardage'!$H$2:$H$501,MATCH($H$8&"|7",'Tubes Bardage'!$I$2:$I$501,0))&"","")="NC","☒","☐")&" NC"
A19: =IF(IFERROR(INDEX('Tubes Bardage'!$B$2:$B$501,MATCH($H$8&"|8",'Tubes Bardage'!$I$2:$I$501,0))&"","")="","",TEXT(8,"00")) | B19: =IFERROR(INDEX('Tubes Bardage'!$B$2:$B$501,MATCH($H$8&"|8",'Tubes Bardage'!$I$2:$I$501,0))&"","") | C19: =IFERROR(INDEX('Tubes Bardage'!$C$2:$C$501,MATCH($H$8&"|8",'Tubes Bardage'!$I$2:$I$501,0))&"","") | D19: =IFERROR(INDEX('Tubes Bardage'!$D$2:$D$501,MATCH($H$8&"|8",'Tubes Bardage'!$I$2:$I$501,0))&"","") | E19: =IFERROR(INDEX('Tubes Bardage'!$E$2:$E$501,MATCH($H$8&"|8",'Tubes Bardage'!$I$2:$I$501,0))&"","") | F19: =IFERROR(INDEX('Tubes Bardage'!$F$2:$F$501,MATCH($H$8&"|8",'Tubes Bardage'!$I$2:$I$501,0))&"","") | G19: =IFERROR(INDEX('Tubes Bardage'!$G$2:$G$501,MATCH($H$8&"|8",'Tubes Bardage'!$I$2:$I$501,0))&"","") | I19: =IF(IFERROR(INDEX('Tubes Bardage'!$H$2:$H$501,MATCH($H$8&"|8",'Tubes Bardage'!$I$2:$I$501,0))&"","")="C","☒","☐")&" C"&" "&IF(IFERROR(INDEX('Tubes Bardage'!$H$2:$H$501,MATCH($H$8&"|8",'Tubes Bardage'!$I$2:$I$501,0))&"","")="NC","☒","☐")&" NC"
A20: =IF(IFERROR(INDEX('Tubes Bardage'!$B$2:$B$501,MATCH($H$8&"|9",'Tubes Bardage'!$I$2:$I$501,0))&"","")="","",TEXT(9,"00")) | B20: =IFERROR(INDEX('Tubes Bardage'!$B$2:$B$501,MATCH($H$8&"|9",'Tubes Bardage'!$I$2:$I$501,0))&"","") | C20: =IFERROR(INDEX('Tubes Bardage'!$C$2:$C$501,MATCH($H$8&"|9",'Tubes Bardage'!$I$2:$I$501,0))&"","") | D20: =IFERROR(INDEX('Tubes Bardage'!$D$2:$D$501,MATCH($H$8&"|9",'Tubes Bardage'!$I$2:$I$501,0))&"","") | E20: =IFERROR(INDEX('Tubes Bardage'!$E$2:$E$501,MATCH($H$8&"|9",'Tubes Bardage'!$I$2:$I$501,0))&"","") | F20: =IFERROR(INDEX('Tubes Bardage'!$F$2:$F$501,MATCH($H$8&"|9",'Tubes Bardage'!$I$2:$I$501,0))&"","") | G20: =IFERROR(INDEX('Tubes Bardage'!$G$2:$G$501,MATCH($H$8&"|9",'Tubes Bardage'!$I$2:$I$501,0))&"","") | I20: =IF(IFERROR(INDEX('Tubes Bardage'!$H$2:$H$501,MATCH($H$8&"|9",'Tubes Bardage'!$I$2:$I$501,0))&"","")="C","☒","☐")&" C"&" "&IF(IFERROR(INDEX('Tubes Bardage'!$H$2:$H$501,MATCH($H$8&"|9",'Tubes Bardage'!$I$2:$I$501,0))&"","")="NC","☒","☐")&" NC"
A21: =IF(IFERROR(INDEX('Tubes Bardage'!$B$2:$B$501,MATCH($H$8&"|10",'Tubes Bardage'!$I$2:$I$501,0))&"","")="","",TEXT(10,"00")) | B21: =IFERROR(INDEX('Tubes Bardage'!$B$2:$B$501,MATCH($H$8&"|10",'Tubes Bardage'!$I$2:$I$501,0))&"","") | C21: =IFERROR(INDEX('Tubes Bardage'!$C$2:$C$501,MATCH($H$8&"|10",'Tubes Bardage'!$I$2:$I$501,0))&"","") | D21: =IFERROR(INDEX('Tubes Bardage'!$D$2:$D$501,MATCH($H$8&"|10",'Tubes Bardage'!$I$2:$I$501,0))&"","") | E21: =IFERROR(INDEX('Tubes Bardage'!$E$2:$E$501,MATCH($H$8&"|10",'Tubes Bardage'!$I$2:$I$501,0))&"","") | F21: =IFERROR(INDEX('Tubes Bardage'!$F$2:$F$501,MATCH($H$8&"|10",'Tubes Bardage'!$I$2:$I$501,0))&"","") | G21: =IFERROR(INDEX('Tubes Bardage'!$G$2:$G$501,MATCH($H$8&"|10",'Tubes Bardage'!$I$2:$I$501,0))&"","") | I21: =IF(IFERROR(INDEX('Tubes Bardage'!$H$2:$H$501,MATCH($H$8&"|10",'Tubes Bardage'!$I$2:$I$501,0))&"","")="C","☒","☐")&" C"&" "&IF(IFERROR(INDEX('Tubes Bardage'!$H$2:$H$501,MATCH($H$8&"|10",'Tubes Bardage'!$I$2:$I$501,0))&"","")="NC","☒","☐")&" NC"
A22: =IF(IFERROR(INDEX('Tubes Bardage'!$B$2:$B$501,MATCH($H$8&"|11",'Tubes Bardage'!$I$2:$I$501,0))&"","")="","",TEXT(11,"00")) | B22: =IFERROR(INDEX('Tubes Bardage'!$B$2:$B$501,MATCH($H$8&"|11",'Tubes Bardage'!$I$2:$I$501,0))&"","") | C22: =IFERROR(INDEX('Tubes Bardage'!$C$2:$C$501,MATCH($H$8&"|11",'Tubes Bardage'!$I$2:$I$501,0))&"","") | D22: =IFERROR(INDEX('Tubes Bardage'!$D$2:$D$501,MATCH($H$8&"|11",'Tubes Bardage'!$I$2:$I$501,0))&"","") | E22: =IFERROR(INDEX('Tubes Bardage'!$E$2:$E$501,MATCH($H$8&"|11",'Tubes Bardage'!$I$2:$I$501,0))&"","") | F22: =IFERROR(INDEX('Tubes Bardage'!$F$2:$F$501,MATCH($H$8&"|11",'Tubes Bardage'!$I$2:$I$501,0))&"","") | G22: =IFERROR(INDEX('Tubes Bardage'!$G$2:$G$501,MATCH($H$8&"|11",'Tubes Bardage'!$I$2:$I$501,0))&"","") | I22: =IF(IFERROR(INDEX('Tubes Bardage'!$H$2:$H$501,MATCH($H$8&"|11",'Tubes Bardage'!$I$2:$I$501,0))&"","")="C","☒","☐")&" C"&" "&IF(IFERROR(INDEX('Tubes Bardage'!$H$2:$H$501,MATCH($H$8&"|11",'Tubes Bardage'!$I$2:$I$501,0))&"","")="NC","☒","☐")&" NC"
A23: =IF(IFERROR(INDEX('Tubes Bardage'!$B$2:$B$501,MATCH($H$8&"|12",'Tubes Bardage'!$I$2:$I$501,0))&"","")="","",TEXT(12,"00")) | B23: =IFERROR(INDEX('Tubes Bardage'!$B$2:$B$501,MATCH($H$8&"|12",'Tubes Bardage'!$I$2:$I$501,0))&"","") | C23: =IFERROR(INDEX('Tubes Bardage'!$C$2:$C$501,MATCH($H$8&"|12",'Tubes Bardage'!$I$2:$I$501,0))&"","") | D23: =IFERROR(INDEX('Tubes Bardage'!$D$2:$D$501,MATCH($H$8&"|12",'Tubes Bardage'!$I$2:$I$501,0))&"","") | E23: =IFERROR(INDEX('Tubes Bardage'!$E$2:$E$501,MATCH($H$8&"|12",'Tubes Bardage'!$I$2:$I$501,0))&"","") | F23: =IFERROR(INDEX('Tubes Bardage'!$F$2:$F$501,MATCH($H$8&"|12",'Tubes Bardage'!$I$2:$I$501,0))&"","") | G23: =IFERROR(INDEX('Tubes Bardage'!$G$2:$G$501,MATCH($H$8&"|12",'Tubes Bardage'!$I$2:$I$501,0))&"","") | I23: =IF(IFERROR(INDEX('Tubes Bardage'!$H$2:$H$501,MATCH($H$8&"|12",'Tubes Bardage'!$I$2:$I$501,0))&"","")="C","☒","☐")&" C"&" "&IF(IFERROR(INDEX('Tubes Bardage'!$H$2:$H$501,MATCH($H$8&"|12",'Tubes Bardage'!$I$2:$I$501,0))&"","")="NC","☒","☐")&" NC"
A24: =IF(IFERROR(INDEX('Tubes Bardage'!$B$2:$B$501,MATCH($H$8&"|13",'Tubes Bardage'!$I$2:$I$501,0))&"","")="","",TEXT(13,"00")) | B24: =IFERROR(INDEX('Tubes Bardage'!$B$2:$B$501,MATCH($H$8&"|13",'Tubes Bardage'!$I$2:$I$501,0))&"","") | C24: =IFERROR(INDEX('Tubes Bardage'!$C$2:$C$501,MATCH($H$8&"|13",'Tubes Bardage'!$I$2:$I$501,0))&"","") | D24: =IFERROR(INDEX('Tubes Bardage'!$D$2:$D$501,MATCH($H$8&"|13",'Tubes Bardage'!$I$2:$I$501,0))&"","") | E24: =IFERROR(INDEX('Tubes Bardage'!$E$2:$E$501,MATCH($H$8&"|13",'Tubes Bardage'!$I$2:$I$501,0))&"","") | F24: =IFERROR(INDEX('Tubes Bardage'!$F$2:$F$501,MATCH($H$8&"|13",'Tubes Bardage'!$I$2:$I$501,0))&"","") | G24: =IFERROR(INDEX('Tubes Bardage'!$G$2:$G$501,MATCH($H$8&"|13",'Tubes Bardage'!$I$2:$I$501,0))&"","") | I24: =IF(IFERROR(INDEX('Tubes Bardage'!$H$2:$H$501,MATCH($H$8&"|13",'Tubes Bardage'!$I$2:$I$501,0))&"","")="C","☒","☐")&" C"&" "&IF(IFERROR(INDEX('Tubes Bardage'!$H$2:$H$501,MATCH($H$8&"|13",'Tubes Bardage'!$I$2:$I$501,0))&"","")="NC","☒","☐")&" NC"
A25: =IF(IFERROR(INDEX('Tubes Bardage'!$B$2:$B$501,MATCH($H$8&"|14",'Tubes Bardage'!$I$2:$I$501,0))&"","")="","",TEXT(14,"00")) | B25: =IFERROR(INDEX('Tubes Bardage'!$B$2:$B$501,MATCH($H$8&"|14",'Tubes Bardage'!$I$2:$I$501,0))&"","") | C25: =IFERROR(INDEX('Tubes Bardage'!$C$2:$C$501,MATCH($H$8&"|14",'Tubes Bardage'!$I$2:$I$501,0))&"","") | D25: =IFERROR(INDEX('Tubes Bardage'!$D$2:$D$501,MATCH($H$8&"|14",'Tubes Bardage'!$I$2:$I$501,0))&"","") | E25: =IFERROR(INDEX('Tubes Bardage'!$E$2:$E$501,MATCH($H$8&"|14",'Tubes Bardage'!$I$2:$I$501,0))&"","") | F25: =IFERROR(INDEX('Tubes Bardage'!$F$2:$F$501,MATCH($H$8&"|14",'Tubes Bardage'!$I$2:$I$501,0))&"","") | G25: =IFERROR(INDEX('Tubes Bardage'!$G$2:$G$501,MATCH($H$8&"|14",'Tubes Bardage'!$I$2:$I$501,0))&"","") | I25: =IF(IFERROR(INDEX('Tubes Bardage'!$H$2:$H$501,MATCH($H$8&"|14",'Tubes Bardage'!$I$2:$I$501,0))&"","")="C","☒","☐")&" C"&" "&IF(IFERROR(INDEX('Tubes Bardage'!$H$2:$H$501,MATCH($H$8&"|14",'Tubes Bardage'!$I$2:$I$501,0))&"","")="NC","☒","☐")&" NC"
A26: =IF(IFERROR(INDEX('Tubes Bardage'!$B$2:$B$501,MATCH($H$8&"|15",'Tubes Bardage'!$I$2:$I$501,0))&"","")="","",TEXT(15,"00")) | B26: =IFERROR(INDEX('Tubes Bardage'!$B$2:$B$501,MATCH($H$8&"|15",'Tubes Bardage'!$I$2:$I$501,0))&"","") | C26: =IFERROR(INDEX('Tubes Bardage'!$C$2:$C$501,MATCH($H$8&"|15",'Tubes Bardage'!$I$2:$I$501,0))&"","") | D26: =IFERROR(INDEX('Tubes Bardage'!$D$2:$D$501,MATCH($H$8&"|15",'Tubes Bardage'!$I$2:$I$501,0))&"","") | E26: =IFERROR(INDEX('Tubes Bardage'!$E$2:$E$501,MATCH($H$8&"|15",'Tubes Bardage'!$I$2:$I$501,0))&"","") | F26: =IFERROR(INDEX('Tubes Bardage'!$F$2:$F$501,MATCH($H$8&"|15",'Tubes Bardage'!$I$2:$I$501,0))&"","") | G26: =IFERROR(INDEX('Tubes Bardage'!$G$2:$G$501,MATCH($H$8&"|15",'Tubes Bardage'!$I$2:$I$501,0))&"","") | I26: =IF(IFERROR(INDEX('Tubes Bardage'!$H$2:$H$501,MATCH($H$8&"|15",'Tubes Bardage'!$I$2:$I$501,0))&"","")="C","☒","☐")&" C"&" "&IF(IFERROR(INDEX('Tubes Bardage'!$H$2:$H$501,MATCH($H$8&"|15",'Tubes Bardage'!$I$2:$I$501,0))&"","")="NC","☒","☐")&" NC"
A27: =IF(IFERROR(INDEX('Tubes Bardage'!$B$2:$B$501,MATCH($H$8&"|16",'Tubes Bardage'!$I$2:$I$501,0))&"","")="","",TEXT(16,"00")) | B27: =IFERROR(INDEX('Tubes Bardage'!$B$2:$B$501,MATCH($H$8&"|16",'Tubes Bardage'!$I$2:$I$501,0))&"","") | C27: =IFERROR(INDEX('Tubes Bardage'!$C$2:$C$501,MATCH($H$8&"|16",'Tubes Bardage'!$I$2:$I$501,0))&"","") | D27: =IFERROR(INDEX('Tubes Bardage'!$D$2:$D$501,MATCH($H$8&"|16",'Tubes Bardage'!$I$2:$I$501,0))&"","") | E27: =IFERROR(INDEX('Tubes Bardage'!$E$2:$E$501,MATCH($H$8&"|16",'Tubes Bardage'!$I$2:$I$501,0))&"","") | F27: =IFERROR(INDEX('Tubes Bardage'!$F$2:$F$501,MATCH($H$8&"|16",'Tubes Bardage'!$I$2:$I$501,0))&"","") | G27: =IFERROR(INDEX('Tubes Bardage'!$G$2:$G$501,MATCH($H$8&"|16",'Tubes Bardage'!$I$2:$I$501,0))&"","") | I27: =IF(IFERROR(INDEX('Tubes Bardage'!$H$2:$H$501,MATCH($H$8&"|16",'Tubes Bardage'!$I$2:$I$501,0))&"","")="C","☒","☐")&" C"&" "&IF(IFERROR(INDEX('Tubes Bardage'!$H$2:$H$501,MATCH($H$8&"|16",'Tubes Bardage'!$I$2:$I$501,0))&"","")="NC","☒","☐")&" NC"
A28: =IF(IFERROR(INDEX('Tubes Bardage'!$B$2:$B$501,MATCH($H$8&"|17",'Tubes Bardage'!$I$2:$I$501,0))&"","")="","",TEXT(17,"00")) | B28: =IFERROR(INDEX('Tubes Bardage'!$B$2:$B$501,MATCH($H$8&"|17",'Tubes Bardage'!$I$2:$I$501,0))&"","") | C28: =IFERROR(INDEX('Tubes Bardage'!$C$2:$C$501,MATCH($H$8&"|17",'Tubes Bardage'!$I$2:$I$501,0))&"","") | D28: =IFERROR(INDEX('Tubes Bardage'!$D$2:$D$501,MATCH($H$8&"|17",'Tubes Bardage'!$I$2:$I$501,0))&"","") | E28: =IFERROR(INDEX('Tubes Bardage'!$E$2:$E$501,MATCH($H$8&"|17",'Tubes Bardage'!$I$2:$I$501,0))&"","") | F28: =IFERROR(INDEX('Tubes Bardage'!$F$2:$F$501,MATCH($H$8&"|17",'Tubes Bardage'!$I$2:$I$501,0))&"","") | G28: =IFERROR(INDEX('Tubes Bardage'!$G$2:$G$501,MATCH($H$8&"|17",'Tubes Bardage'!$I$2:$I$501,0))&"","") | I28: =IF(IFERROR(INDEX('Tubes Bardage'!$H$2:$H$501,MATCH($H$8&"|17",'Tubes Bardage'!$I$2:$I$501,0))&"","")="C","☒","☐")&" C"&" "&IF(IFERROR(INDEX('Tubes Bardage'!$H$2:$H$501,MATCH($H$8&"|17",'Tubes Bardage'!$I$2:$I$501,0))&"","")="NC","☒","☐")&" NC"
A29: ="Remarques : "&IFERROR(INDEX(Registre!$O$2:$O$1999,IF($L$2=0,-1,$L$2))&"","")
A30: Conclusion de l’inspection | C30: =IF(IFERROR(INDEX(Registre!$N$2:$N$1999,IF($L$2=0,-1,$L$2))&"","")="Non applicable","☒","☐")&" Non applicable" | G30: =IF(IFERROR(INDEX(Registre!$N$2:$N$1999,IF($L$2=0,-1,$L$2))&"","")="Accepté","☒","☐")&" Accepté" | I30: =IF(IFERROR(INDEX(Registre!$N$2:$N$1999,IF($L$2=0,-1,$L$2))&"","")="Rejeté","☒","☐")&" Rejeté"
A31: APPROBATION | C31: C3 | G31: C1 | I31: CA
C32: CST | E32: QCI
A33: Nom
A34: Signature
A35: Date

Sheet PV Cintrage
C1: =Paramètres!$C$6 | I1: =Paramètres!$D$6 | L1: Calcul (ne pas modifier) – ligne registre :
I2: ="Date: "&Paramètres!$E$6 | L2: =IFERROR(MATCH($H$8,Registre!$B$2:$B$1999,0),0)
I3: Page 1/1 | L3: =IFERROR(MATCH($H$8,'Données Cintrage'!$A$2:$A$501,0),0)
A4: Procès-Verbal De Cintrage Pipe | L4: =IF($H$8="","",IF($L$2=0,"⚠ RFI absent du Registre",IF(INDEX(Registre!$A$2:$A$1999,IF($L$2=0,-1,$L$2))<>"Cintrage","⚠ Ce RFI est de type : "&INDEX(Registre!$A$2:$A$1999,IF($L$2=0,-1,$L$2)),"")))
A5: Ouvrages | C5: =IFERROR(INDEX(Registre!$E$2:$E$1999,IF($L$2=0,-1,$L$2))&"","")
A6: Plan nº | C6: =IFERROR(INDEX(Registre!$F$2:$F$1999,IF($L$2=0,-1,$L$2))&"","") | L6: ◀ Choisissez le RFI dans la case « RFI nº » (liste déroulante)
A7: Désignation | C7: =IFERROR(INDEX(Registre!$G$2:$G$1999,IF($L$2=0,-1,$L$2))&"","")
A8: Rapport nº | C8: =IFERROR(IF(INDEX(Registre!$C$2:$C$1999,IF($L$2=0,-1,$L$2))&""<>"",INDEX(Registre!$C$2:$C$1999,IF($L$2=0,-1,$L$2))&"",TEXT(COUNTIF(Registre!$A$2:INDEX(Registre!$A$2:$A$1999,IF($L$2=0,-1,$L$2)),INDEX(Registre!$A$2:$A$1999,IF($L$2=0,-1,$L$2))),"000")),"") | E8: DI/ (RFI) nº | H8: 21063-G4-PPL-RFI-0188
A9: Caractéristique De La Section
A10: N° pipe | C10: N° de coulée | E10: Diamètre | F10: Matériel | G10: Epaisseur Nominale (mm) | I10: Epaisseur Mesurée (mm)
A11: =IFERROR(INDEX('Données Cintrage'!$B$2:$B$501,IF($L$3=0,-1,$L$3))&"","") | C11: =IFERROR(INDEX('Données Cintrage'!$C$2:$C$501,IF($L$3=0,-1,$L$3))&"","") | E11: =IFERROR(INDEX('Données Cintrage'!$D$2:$D$501,IF($L$3=0,-1,$L$3))&"","") | F11: =IFERROR(INDEX('Données Cintrage'!$E$2:$E$501,IF($L$3=0,-1,$L$3))&"","") | G11: =IFERROR(INDEX('Données Cintrage'!$F$2:$F$501,IF($L$3=0,-1,$L$3))&"","") | I11: =IFERROR(INDEX('Données Cintrage'!$G$2:$G$501,IF($L$3=0,-1,$L$3))&"","")
A12: ="Rayon de courbure : "&IFERROR(INDEX('Données Cintrage'!$H$2:$H$501,IF($L$3=0,-1,$L$3))&"","") | F12: ="Angle : "&IFERROR(INDEX('Données Cintrage'!$I$2:$I$501,IF($L$3=0,-1,$L$3))&"","")
A13: Jauge 97 % ND interne appliqué | F13: =IF(IFERROR(INDEX('Données Cintrage'!$J$2:$J$501,IF($L$3=0,-1,$L$3))&"","")="Oui","☒","☐")&" Oui"&" "&IF(IFERROR(INDEX('Données Cintrage'!$J$2:$J$501,IF($L$3=0,-1,$L$3))&"","")="Non","☒","☐")&" Non"
A14: Vérification de la section cintrée
A15: Position longitudinale de la soudure | E15: ="Extrémités rectilignes"&CHAR(10)&">= 1.5 m"&CHAR(10)&CHAR(10)&CHAR(10)&IF(IFERROR(INDEX('Données Cintrage'!$K$2:$K$501,IF($L$3=0,-1,$L$3))&"","")="Oui","☒","☐")&" Oui"&" "&IF(IFERROR(INDEX('Données Cintrage'!$K$2:$K$501,IF($L$3=0,-1,$L$3))&"","")="Non","☒","☐")&" Non" | H15: ="Traçabilité du pipe cintrée"&CHAR(10)&"Ligne, diamètre, angle"&CHAR(10)&"N du PK d’installation"&CHAR(10)&CHAR(10)&IF(IFERROR(INDEX('Données Cintrage'!$L$2:$L$501,IF($L$3=0,-1,$L$3))&"","")="C","☒","☐")&" C"&" "&IF(IFERROR(INDEX('Données Cintrage'!$L$2:$L$501,IF($L$3=0,-1,$L$3))&"","")="NC","☒","☐")&" NC"
A21: Évaluation générale | E21: =IF(IFERROR(INDEX('Données Cintrage'!$M$2:$M$501,IF($L$3=0,-1,$L$3))&"","")="Acc","☒","☐")&" Acc" | H21: =IF(IFERROR(INDEX('Données Cintrage'!$M$2:$M$501,IF($L$3=0,-1,$L$3))&"","")="Rej","☒","☐")&" Rej"
A22: ="Remarques : "&IFERROR(INDEX(Registre!$O$2:$O$1999,IF($L$2=0,-1,$L$2))&"","")
A23: Conclusion de l’inspection | C23: =IF(IFERROR(INDEX(Registre!$N$2:$N$1999,IF($L$2=0,-1,$L$2))&"","")="Non applicable","☒","☐")&" Non applicable" | G23: =IF(IFERROR(INDEX(Registre!$N$2:$N$1999,IF($L$2=0,-1,$L$2))&"","")="Accepté","☒","☐")&" Accepté" | I23: =IF(IFERROR(INDEX(Registre!$N$2:$N$1999,IF($L$2=0,-1,$L$2))&"","")="Rejeté","☒","☐")&" Rejeté"
A24: APPROBATION | C24: C3 | G24: C1 | I24: CA
C25: CST | E25: QCI
A26: Nom
A27: Signature
A28: Date

Sheet PV Enrobage
C1: =Paramètres!$C$7 | L1: =Paramètres!$D$7 | O1: Calcul (ne pas modifier) – ligne registre :
L2: ="Date: "&Paramètres!$E$7 | O2: =IFERROR(MATCH($K$7,Registre!$B$2:$B$1999,0),0)
L3: Page 1/1 | O3: =IFERROR(MATCH($K$7,'Données Enrobage'!$A$2:$A$501,0),0)
A4: Procès-Verbal d’enrobage | O4: =IF($K$7="","",IF($O$2=0,"⚠ RFI absent du Registre",IF(INDEX(Registre!$A$2:$A$1999,IF($O$2=0,-1,$O$2))<>"Enrobage","⚠ Ce RFI est de type : "&INDEX(Registre!$A$2:$A$1999,IF($O$2=0,-1,$O$2)),"")))
A5: ="Ouvrages : "&IFERROR(INDEX(Registre!$E$2:$E$1999,IF($O$2=0,-1,$O$2))&"","") | K5: ="Date : "&IFERROR(RIGHT("0"&DAY(INDEX(Registre!$D$2:$D$1999,IF($O$2=0,-1,$O$2))),2)&"/"&RIGHT("0"&MONTH(INDEX(Registre!$D$2:$D$1999,IF($O$2=0,-1,$O$2))),2)&"/"&YEAR(INDEX(Registre!$D$2:$D$1999,IF($O$2=0,-1,$O$2))),IFERROR(INDEX(Registre!$D$2:$D$1999,IF($O$2=0,-1,$O$2))&"",""))
A6: ="Désignation : "&IFERROR(INDEX(Registre!$G$2:$G$1999,IF($O$2=0,-1,$O$2))&"","") | O6: ◀ Choisissez le RFI dans la case « RFI nº » (liste déroulante)
A7: ="Plan Nº : "&IFERROR(INDEX(Registre!$F$2:$F$1999,IF($O$2=0,-1,$O$2))&"","") | G7: ="Report No : "&IFERROR(IF(INDEX(Registre!$C$2:$C$1999,IF($O$2=0,-1,$O$2))&""<>"",INDEX(Registre!$C$2:$C$1999,IF($O$2=0,-1,$O$2))&"",TEXT(COUNTIF(Registre!$A$2:INDEX(Registre!$A$2:$A$1999,IF($O$2=0,-1,$O$2)),INDEX(Registre!$A$2:$A$1999,IF($O$2=0,-1,$O$2))),"000")),"") | I7: DI/ (RFI) No : | K7: 21063-G26-PPL-RFI-0194
A8: ="Tronçon N° : "&IFERROR(INDEX(Registre!$H$2:$H$1999,IF($O$2=0,-1,$O$2))&"","")&" du PK "&IFERROR(INDEX(Registre!$K$2:$K$1999,IF($O$2=0,-1,$O$2))&"","")&" au PK "&IFERROR(INDEX(Registre!$L$2:$L$1999,IF($O$2=0,-1,$O$2))&"","") | G8: ="Long : "&IFERROR(INDEX(Registre!$M$2:$M$1999,IF($O$2=0,-1,$O$2))&"","")&" ml" | I8: CONDITIONS ENVIRONNEMENTALES
A9: Abrasif | C9: ="N° de lot : "&IFERROR(INDEX('Données Enrobage'!$B$2:$B$501,IF($O$3=0,-1,$O$3))&"","") | I9: Temp de l'air | J9: =IFERROR(INDEX('Données Enrobage'!$F$2:$F$501,IF($O$3=0,-1,$O$3))&"","") | K9: =IFERROR(INDEX('Données Enrobage'!$G$2:$G$501,IF($O$3=0,-1,$O$3))&"","") | L9: =IFERROR(INDEX('Données Enrobage'!$H$2:$H$501,IF($O$3=0,-1,$O$3))&"","") | M9: =IFERROR(INDEX('Données Enrobage'!$I$2:$I$501,IF($O$3=0,-1,$O$3))&"","")
A10: Apprêt / FBE | C10: ="N° de lot : "&IFERROR(INDEX('Données Enrobage'!$C$2:$C$501,IF($O$3=0,-1,$O$3))&"","") | I10: Point de rosée | J10: =IFERROR(INDEX('Données Enrobage'!$J$2:$J$501,IF($O$3=0,-1,$O$3))&"","") | K10: =IFERROR(INDEX('Données Enrobage'!$K$2:$K$501,IF($O$3=0,-1,$O$3))&"","") | L10: =IFERROR(INDEX('Données Enrobage'!$L$2:$L$501,IF($O$3=0,-1,$O$3))&"","") | M10: =IFERROR(INDEX('Données Enrobage'!$M$2:$M$501,IF($O$3=0,-1,$O$3))&"","")
A11: HSS | C11: ="N° de lot : "&IFERROR(INDEX('Données Enrobage'!$D$2:$D$501,IF($O$3=0,-1,$O$3))&"","") | I11: Humidité relative (RH) | J11: =IFERROR(INDEX('Données Enrobage'!$N$2:$N$501,IF($O$3=0,-1,$O$3))&"","") | K11: =IFERROR(INDEX('Données Enrobage'!$O$2:$O$501,IF($O$3=0,-1,$O$3))&"","") | L11: =IFERROR(INDEX('Données Enrobage'!$P$2:$P$501,IF($O$3=0,-1,$O$3))&"","") | M11: =IFERROR(INDEX('Données Enrobage'!$Q$2:$Q$501,IF($O$3=0,-1,$O$3))&"","")
A12: Solvant | C12: ="N° de lot : "&IFERROR(INDEX('Données Enrobage'!$E$2:$E$501,IF($O$3=0,-1,$O$3))&"","") | I12: Qualité de l'air comprimé | J12: =IFERROR(INDEX('Données Enrobage'!$R$2:$R$501,IF($O$3=0,-1,$O$3))&"","") | K12: =IFERROR(INDEX('Données Enrobage'!$S$2:$S$501,IF($O$3=0,-1,$O$3))&"","") | L12: =IFERROR(INDEX('Données Enrobage'!$T$2:$T$501,IF($O$3=0,-1,$O$3))&"","") | M12: =IFERROR(INDEX('Données Enrobage'!$U$2:$U$501,IF($O$3=0,-1,$O$3))&"","")
A13: SURFACE PREPARATION | H13: FINAL INSPECTION AND TESTING
A14: N° de joint | B14: État de surface avant sablage | C14: Temp de surface | D14: Profil de sablage µm | E14: Chlorures en surface µg/cm² | F14: Test poussière (ruban adhésif) | G14: Température de préchauffage °C | H14: Visuel | I14: Test d'adhérence | J14: Détection de porosités (Holiday Test – 25 kV / 100) | K14: Accepté / Rejeté | L14: Remarques
A15: =IFERROR(INDEX('Joints Enrobage'!$B$2:$B$501,MATCH($K$7&"|1",'Joints Enrobage'!$N$2:$N$501,0))&"","") | B15: =IFERROR(INDEX('Joints Enrobage'!$C$2:$C$501,MATCH($K$7&"|1",'Joints Enrobage'!$N$2:$N$501,0))&"","") | C15: =IFERROR(INDEX('Joints Enrobage'!$D$2:$D$501,MATCH($K$7&"|1",'Joints Enrobage'!$N$2:$N$501,0))&"","") | D15: =IFERROR(INDEX('Joints Enrobage'!$E$2:$E$501,MATCH($K$7&"|1",'Joints Enrobage'!$N$2:$N$501,0))&"","") | E15: =IFERROR(INDEX('Joints Enrobage'!$F$2:$F$501,MATCH($K$7&"|1",'Joints Enrobage'!$N$2:$N$501,0))&"","") | F15: =IFERROR(INDEX('Joints Enrobage'!$G$2:$G$501,MATCH($K$7&"|1",'Joints Enrobage'!$N$2:$N$501,0))&"","") | G15: =IFERROR(INDEX('Joints Enrobage'!$H$2:$H$501,MATCH($K$7&"|1",'Joints Enrobage'!$N$2:$N$501,0))&"","") | H15: =IFERROR(INDEX('Joints Enrobage'!$I$2:$I$501,MATCH($K$7&"|1",'Joints Enrobage'!$N$2:$N$501,0))&"","") | I15: =IFERROR(INDEX('Joints Enrobage'!$J$2:$J$501,MATCH($K$7&"|1",'Joints Enrobage'!$N$2:$N$501,0))&"","") | J15: =IFERROR(INDEX('Joints Enrobage'!$K$2:$K$501,MATCH($K$7&"|1",'Joints Enrobage'!$N$2:$N$501,0))&"","") | K15: =IFERROR(INDEX('Joints Enrobage'!$L$2:$L$501,MATCH($K$7&"|1",'Joints Enrobage'!$N$2:$N$501,0))&"","") | L15: =IFERROR(INDEX('Joints Enrobage'!$M$2:$M$501,MATCH($K$7&"|1",'Joints Enrobage'!$N$2:$N$501,0))&"","")
A16: =IFERROR(INDEX('Joints Enrobage'!$B$2:$B$501,MATCH($K$7&"|2",'Joints Enrobage'!$N$2:$N$501,0))&"","") | B16: =IFERROR(INDEX('Joints Enrobage'!$C$2:$C$501,MATCH($K$7&"|2",'Joints Enrobage'!$N$2:$N$501,0))&"","") | C16: =IFERROR(INDEX('Joints Enrobage'!$D$2:$D$501,MATCH($K$7&"|2",'Joints Enrobage'!$N$2:$N$501,0))&"","") | D16: =IFERROR(INDEX('Joints Enrobage'!$E$2:$E$501,MATCH($K$7&"|2",'Joints Enrobage'!$N$2:$N$501,0))&"","") | E16: =IFERROR(INDEX('Joints Enrobage'!$F$2:$F$501,MATCH($K$7&"|2",'Joints Enrobage'!$N$2:$N$501,0))&"","") | F16: =IFERROR(INDEX('Joints Enrobage'!$G$2:$G$501,MATCH($K$7&"|2",'Joints Enrobage'!$N$2:$N$501,0))&"","") | G16: =IFERROR(INDEX('Joints Enrobage'!$H$2:$H$501,MATCH($K$7&"|2",'Joints Enrobage'!$N$2:$N$501,0))&"","") | H16: =IFERROR(INDEX('Joints Enrobage'!$I$2:$I$501,MATCH($K$7&"|2",'Joints Enrobage'!$N$2:$N$501,0))&"","") | I16: =IFERROR(INDEX('Joints Enrobage'!$J$2:$J$501,MATCH($K$7&"|2",'Joints Enrobage'!$N$2:$N$501,0))&"","") | J16: =IFERROR(INDEX('Joints Enrobage'!$K$2:$K$501,MATCH($K$7&"|2",'Joints Enrobage'!$N$2:$N$501,0))&"","") | K16: =IFERROR(INDEX('Joints Enrobage'!$L$2:$L$501,MATCH($K$7&"|2",'Joints Enrobage'!$N$2:$N$501,0))&"","") | L16: =IFERROR(INDEX('Joints Enrobage'!$M$2:$M$501,MATCH($K$7&"|2",'Joints Enrobage'!$N$2:$N$501,0))&"","")
A17: =IFERROR(INDEX('Joints Enrobage'!$B$2:$B$501,MATCH($K$7&"|3",'Joints Enrobage'!$N$2:$N$501,0))&"","") | B17: =IFERROR(INDEX('Joints Enrobage'!$C$2:$C$501,MATCH($K$7&"|3",'Joints Enrobage'!$N$2:$N$501,0))&"","") | C17: =IFERROR(INDEX('Joints Enrobage'!$D$2:$D$501,MATCH($K$7&"|3",'Joints Enrobage'!$N$2:$N$501,0))&"","") | D17: =IFERROR(INDEX('Joints Enrobage'!$E$2:$E$501,MATCH($K$7&"|3",'Joints Enrobage'!$N$2:$N$501,0))&"","") | E17: =IFERROR(INDEX('Joints Enrobage'!$F$2:$F$501,MATCH($K$7&"|3",'Joints Enrobage'!$N$2:$N$501,0))&"","") | F17: =IFERROR(INDEX('Joints Enrobage'!$G$2:$G$501,MATCH($K$7&"|3",'Joints Enrobage'!$N$2:$N$501,0))&"","") | G17: =IFERROR(INDEX('Joints Enrobage'!$H$2:$H$501,MATCH($K$7&"|3",'Joints Enrobage'!$N$2:$N$501,0))&"","") | H17: =IFERROR(INDEX('Joints Enrobage'!$I$2:$I$501,MATCH($K$7&"|3",'Joints Enrobage'!$N$2:$N$501,0))&"","") | I17: =IFERROR(INDEX('Joints Enrobage'!$J$2:$J$501,MATCH($K$7&"|3",'Joints Enrobage'!$N$2:$N$501,0))&"","") | J17: =IFERROR(INDEX('Joints Enrobage'!$K$2:$K$501,MATCH($K$7&"|3",'Joints Enrobage'!$N$2:$N$501,0))&"","") | K17: =IFERROR(INDEX('Joints Enrobage'!$L$2:$L$501,MATCH($K$7&"|3",'Joints Enrobage'!$N$2:$N$501,0))&"","") | L17: =IFERROR(INDEX('Joints Enrobage'!$M$2:$M$501,MATCH($K$7&"|3",'Joints Enrobage'!$N$2:$N$501,0))&"","")
A18: =IFERROR(INDEX('Joints Enrobage'!$B$2:$B$501,MATCH($K$7&"|4",'Joints Enrobage'!$N$2:$N$501,0))&"","") | B18: =IFERROR(INDEX('Joints Enrobage'!$C$2:$C$501,MATCH($K$7&"|4",'Joints Enrobage'!$N$2:$N$501,0))&"","") | C18: =IFERROR(INDEX('Joints Enrobage'!$D$2:$D$501,MATCH($K$7&"|4",'Joints Enrobage'!$N$2:$N$501,0))&"","") | D18: =IFERROR(INDEX('Joints Enrobage'!$E$2:$E$501,MATCH($K$7&"|4",'Joints Enrobage'!$N$2:$N$501,0))&"","") | E18: =IFERROR(INDEX('Joints Enrobage'!$F$2:$F$501,MATCH($K$7&"|4",'Joints Enrobage'!$N$2:$N$501,0))&"","") | F18: =IFERROR(INDEX('Joints Enrobage'!$G$2:$G$501,MATCH($K$7&"|4",'Joints Enrobage'!$N$2:$N$501,0))&"","") | G18: =IFERROR(INDEX('Joints Enrobage'!$H$2:$H$501,MATCH($K$7&"|4",'Joints Enrobage'!$N$2:$N$501,0))&"","") | H18: =IFERROR(INDEX('Joints Enrobage'!$I$2:$I$501,MATCH($K$7&"|4",'Joints Enrobage'!$N$2:$N$501,0))&"","") | I18: =IFERROR(INDEX('Joints Enrobage'!$J$2:$J$501,MATCH($K$7&"|4",'Joints Enrobage'!$N$2:$N$501,0))&"","") | J18: =IFERROR(INDEX('Joints Enrobage'!$K$2:$K$501,MATCH($K$7&"|4",'Joints Enrobage'!$N$2:$N$501,0))&"","") | K18: =IFERROR(INDEX('Joints Enrobage'!$L$2:$L$501,MATCH($K$7&"|4",'Joints Enrobage'!$N$2:$N$501,0))&"","") | L18: =IFERROR(INDEX('Joints Enrobage'!$M$2:$M$501,MATCH($K$7&"|4",'Joints Enrobage'!$N$2:$N$501,0))&"","")
A19: =IFERROR(INDEX('Joints Enrobage'!$B$2:$B$501,MATCH($K$7&"|5",'Joints Enrobage'!$N$2:$N$501,0))&"","") | B19: =IFERROR(INDEX('Joints Enrobage'!$C$2:$C$501,MATCH($K$7&"|5",'Joints Enrobage'!$N$2:$N$501,0))&"","") | C19: =IFERROR(INDEX('Joints Enrobage'!$D$2:$D$501,MATCH($K$7&"|5",'Joints Enrobage'!$N$2:$N$501,0))&"","") | D19: =IFERROR(INDEX('Joints Enrobage'!$E$2:$E$501,MATCH($K$7&"|5",'Joints Enrobage'!$N$2:$N$501,0))&"","") | E19: =IFERROR(INDEX('Joints Enrobage'!$F$2:$F$501,MATCH($K$7&"|5",'Joints Enrobage'!$N$2:$N$501,0))&"","") | F19: =IFERROR(INDEX('Joints Enrobage'!$G$2:$G$501,MATCH($K$7&"|5",'Joints Enrobage'!$N$2:$N$501,0))&"","") | G19: =IFERROR(INDEX('Joints Enrobage'!$H$2:$H$501,MATCH($K$7&"|5",'Joints Enrobage'!$N$2:$N$501,0))&"","") | H19: =IFERROR(INDEX('Joints Enrobage'!$I$2:$I$501,MATCH($K$7&"|5",'Joints Enrobage'!$N$2:$N$501,0))&"","") | I19: =IFERROR(INDEX('Joints Enrobage'!$J$2:$J$501,MATCH($K$7&"|5",'Joints Enrobage'!$N$2:$N$501,0))&"","") | J19: =IFERROR(INDEX('Joints Enrobage'!$K$2:$K$501,MATCH($K$7&"|5",'Joints Enrobage'!$N$2:$N$501,0))&"","") | K19: =IFERROR(INDEX('Joints Enrobage'!$L$2:$L$501,MATCH($K$7&"|5",'Joints Enrobage'!$N$2:$N$501,0))&"","") | L19: =IFERROR(INDEX('Joints Enrobage'!$M$2:$M$501,MATCH($K$7&"|5",'Joints Enrobage'!$N$2:$N$501,0))&"","")
A20: =IFERROR(INDEX('Joints Enrobage'!$B$2:$B$501,MATCH($K$7&"|6",'Joints Enrobage'!$N$2:$N$501,0))&"","") | B20: =IFERROR(INDEX('Joints Enrobage'!$C$2:$C$501,MATCH($K$7&"|6",'Joints Enrobage'!$N$2:$N$501,0))&"","") | C20: =IFERROR(INDEX('Joints Enrobage'!$D$2:$D$501,MATCH($K$7&"|6",'Joints Enrobage'!$N$2:$N$501,0))&"","") | D20: =IFERROR(INDEX('Joints Enrobage'!$E$2:$E$501,MATCH($K$7&"|6",'Joints Enrobage'!$N$2:$N$501,0))&"","") | E20: =IFERROR(INDEX('Joints Enrobage'!$F$2:$F$501,MATCH($K$7&"|6",'Joints Enrobage'!$N$2:$N$501,0))&"","") | F20: =IFERROR(INDEX('Joints Enrobage'!$G$2:$G$501,MATCH($K$7&"|6",'Joints Enrobage'!$N$2:$N$501,0))&"","") | G20: =IFERROR(INDEX('Joints Enrobage'!$H$2:$H$501,MATCH($K$7&"|6",'Joints Enrobage'!$N$2:$N$501,0))&"","") | H20: =IFERROR(INDEX('Joints Enrobage'!$I$2:$I$501,MATCH($K$7&"|6",'Joints Enrobage'!$N$2:$N$501,0))&"","") | I20: =IFERROR(INDEX('Joints Enrobage'!$J$2:$J$501,MATCH($K$7&"|6",'Joints Enrobage'!$N$2:$N$501,0))&"","") | J20: =IFERROR(INDEX('Joints Enrobage'!$K$2:$K$501,MATCH($K$7&"|6",'Joints Enrobage'!$N$2:$N$501,0))&"","") | K20: =IFERROR(INDEX('Joints Enrobage'!$L$2:$L$501,MATCH($K$7&"|6",'Joints Enrobage'!$N$2:$N$501,0))&"","") | L20: =IFERROR(INDEX('Joints Enrobage'!$M$2:$M$501,MATCH($K$7&"|6",'Joints Enrobage'!$N$2:$N$501,0))&"","")
A21: =IFERROR(INDEX('Joints Enrobage'!$B$2:$B$501,MATCH($K$7&"|7",'Joints Enrobage'!$N$2:$N$501,0))&"","") | B21: =IFERROR(INDEX('Joints Enrobage'!$C$2:$C$501,MATCH($K$7&"|7",'Joints Enrobage'!$N$2:$N$501,0))&"","") | C21: =IFERROR(INDEX('Joints Enrobage'!$D$2:$D$501,MATCH($K$7&"|7",'Joints Enrobage'!$N$2:$N$501,0))&"","") | D21: =IFERROR(INDEX('Joints Enrobage'!$E$2:$E$501,MATCH($K$7&"|7",'Joints Enrobage'!$N$2:$N$501,0))&"","") | E21: =IFERROR(INDEX('Joints Enrobage'!$F$2:$F$501,MATCH($K$7&"|7",'Joints Enrobage'!$N$2:$N$501,0))&"","") | F21: =IFERROR(INDEX('Joints Enrobage'!$G$2:$G$501,MATCH($K$7&"|7",'Joints Enrobage'!$N$2:$N$501,0))&"","") | G21: =IFERROR(INDEX('Joints Enrobage'!$H$2:$H$501,MATCH($K$7&"|7",'Joints Enrobage'!$N$2:$N$501,0))&"","") | H21: =IFERROR(INDEX('Joints Enrobage'!$I$2:$I$501,MATCH($K$7&"|7",'Joints Enrobage'!$N$2:$N$501,0))&"","") | I21: =IFERROR(INDEX('Joints Enrobage'!$J$2:$J$501,MATCH($K$7&"|7",'Joints Enrobage'!$N$2:$N$501,0))&"","") | J21: =IFERROR(INDEX('Joints Enrobage'!$K$2:$K$501,MATCH($K$7&"|7",'Joints Enrobage'!$N$2:$N$501,0))&"","") | K21: =IFERROR(INDEX('Joints Enrobage'!$L$2:$L$501,MATCH($K$7&"|7",'Joints Enrobage'!$N$2:$N$501,0))&"","") | L21: =IFERROR(INDEX('Joints Enrobage'!$M$2:$M$501,MATCH($K$7&"|7",'Joints Enrobage'!$N$2:$N$501,0))&"","")
A22: =IFERROR(INDEX('Joints Enrobage'!$B$2:$B$501,MATCH($K$7&"|8",'Joints Enrobage'!$N$2:$N$501,0))&"","") | B22: =IFERROR(INDEX('Joints Enrobage'!$C$2:$C$501,MATCH($K$7&"|8",'Joints Enrobage'!$N$2:$N$501,0))&"","") | C22: =IFERROR(INDEX('Joints Enrobage'!$D$2:$D$501,MATCH($K$7&"|8",'Joints Enrobage'!$N$2:$N$501,0))&"","") | D22: =IFERROR(INDEX('Joints Enrobage'!$E$2:$E$501,MATCH($K$7&"|8",'Joints Enrobage'!$N$2:$N$501,0))&"","") | E22: =IFERROR(INDEX('Joints Enrobage'!$F$2:$F$501,MATCH($K$7&"|8",'Joints Enrobage'!$N$2:$N$501,0))&"","") | F22: =IFERROR(INDEX('Joints Enrobage'!$G$2:$G$501,MATCH($K$7&"|8",'Joints Enrobage'!$N$2:$N$501,0))&"","") | G22: =IFERROR(INDEX('Joints Enrobage'!$H$2:$H$501,MATCH($K$7&"|8",'Joints Enrobage'!$N$2:$N$501,0))&"","") | H22: =IFERROR(INDEX('Joints Enrobage'!$I$2:$I$501,MATCH($K$7&"|8",'Joints Enrobage'!$N$2:$N$501,0))&"","") | I22: =IFERROR(INDEX('Joints Enrobage'!$J$2:$J$501,MATCH($K$7&"|8",'Joints Enrobage'!$N$2:$N$501,0))&"","") | J22: =IFERROR(INDEX('Joints Enrobage'!$K$2:$K$501,MATCH($K$7&"|8",'Joints Enrobage'!$N$2:$N$501,0))&"","") | K22: =IFERROR(INDEX('Joints Enrobage'!$L$2:$L$501,MATCH($K$7&"|8",'Joints Enrobage'!$N$2:$N$501,0))&"","") | L22: =IFERROR(INDEX('Joints Enrobage'!$M$2:$M$501,MATCH($K$7&"|8",'Joints Enrobage'!$N$2:$N$501,0))&"","")
A23: =IFERROR(INDEX('Joints Enrobage'!$B$2:$B$501,MATCH($K$7&"|9",'Joints Enrobage'!$N$2:$N$501,0))&"","") | B23: =IFERROR(INDEX('Joints Enrobage'!$C$2:$C$501,MATCH($K$7&"|9",'Joints Enrobage'!$N$2:$N$501,0))&"","") | C23: =IFERROR(INDEX('Joints Enrobage'!$D$2:$D$501,MATCH($K$7&"|9",'Joints Enrobage'!$N$2:$N$501,0))&"","") | D23: =IFERROR(INDEX('Joints Enrobage'!$E$2:$E$501,MATCH($K$7&"|9",'Joints Enrobage'!$N$2:$N$501,0))&"","") | E23: =IFERROR(INDEX('Joints Enrobage'!$F$2:$F$501,MATCH($K$7&"|9",'Joints Enrobage'!$N$2:$N$501,0))&"","") | F23: =IFERROR(INDEX('Joints Enrobage'!$G$2:$G$501,MATCH($K$7&"|9",'Joints Enrobage'!$N$2:$N$501,0))&"","") | G23: =IFERROR(INDEX('Joints Enrobage'!$H$2:$H$501,MATCH($K$7&"|9",'Joints Enrobage'!$N$2:$N$501,0))&"","") | H23: =IFERROR(INDEX('Joints Enrobage'!$I$2:$I$501,MATCH($K$7&"|9",'Joints Enrobage'!$N$2:$N$501,0))&"","") | I23: =IFERROR(INDEX('Joints Enrobage'!$J$2:$J$501,MATCH($K$7&"|9",'Joints Enrobage'!$N$2:$N$501,0))&"","") | J23: =IFERROR(INDEX('Joints Enrobage'!$K$2:$K$501,MATCH($K$7&"|9",'Joints Enrobage'!$N$2:$N$501,0))&"","") | K23: =IFERROR(INDEX('Joints Enrobage'!$L$2:$L$501,MATCH($K$7&"|9",'Joints Enrobage'!$N$2:$N$501,0))&"","") | L23: =IFERROR(INDEX('Joints Enrobage'!$M$2:$M$501,MATCH($K$7&"|9",'Joints Enrobage'!$N$2:$N$501,0))&"","")
A24: =IFERROR(INDEX('Joints Enrobage'!$B$2:$B$501,MATCH($K$7&"|10",'Joints Enrobage'!$N$2:$N$501,0))&"","") | B24: =IFERROR(INDEX('Joints Enrobage'!$C$2:$C$501,MATCH($K$7&"|10",'Joints Enrobage'!$N$2:$N$501,0))&"","") | C24: =IFERROR(INDEX('Joints Enrobage'!$D$2:$D$501,MATCH($K$7&"|10",'Joints Enrobage'!$N$2:$N$501,0))&"","") | D24: =IFERROR(INDEX('Joints Enrobage'!$E$2:$E$501,MATCH($K$7&"|10",'Joints Enrobage'!$N$2:$N$501,0))&"","") | E24: =IFERROR(INDEX('Joints Enrobage'!$F$2:$F$501,MATCH($K$7&"|10",'Joints Enrobage'!$N$2:$N$501,0))&"","") | F24: =IFERROR(INDEX('Joints Enrobage'!$G$2:$G$501,MATCH($K$7&"|10",'Joints Enrobage'!$N$2:$N$501,0))&"","") | G24: =IFERROR(INDEX('Joints Enrobage'!$H$2:$H$501,MATCH($K$7&"|10",'Joints Enrobage'!$N$2:$N$501,0))&"","") | H24: =IFERROR(INDEX('Joints Enrobage'!$I$2:$I$501,MATCH($K$7&"|10",'Joints Enrobage'!$N$2:$N$501,0))&"","") | I24: =IFERROR(INDEX('Joints Enrobage'!$J$2:$J$501,MATCH($K$7&"|10",'Joints Enrobage'!$N$2:$N$501,0))&"","") | J24: =IFERROR(INDEX('Joints Enrobage'!$K$2:$K$501,MATCH($K$7&"|10",'Joints Enrobage'!$N$2:$N$501,0))&"","") | K24: =IFERROR(INDEX('Joints Enrobage'!$L$2:$L$501,MATCH($K$7&"|10",'Joints Enrobage'!$N$2:$N$501,0))&"","") | L24: =IFERROR(INDEX('Joints Enrobage'!$M$2:$M$501,MATCH($K$7&"|10",'Joints Enrobage'!$N$2:$N$501,0))&"","")
A25: =IFERROR(INDEX('Joints Enrobage'!$B$2:$B$501,MATCH($K$7&"|11",'Joints Enrobage'!$N$2:$N$501,0))&"","") | B25: =IFERROR(INDEX('Joints Enrobage'!$C$2:$C$501,MATCH($K$7&"|11",'Joints Enrobage'!$N$2:$N$501,0))&"","") | C25: =IFERROR(INDEX('Joints Enrobage'!$D$2:$D$501,MATCH($K$7&"|11",'Joints Enrobage'!$N$2:$N$501,0))&"","") | D25: =IFERROR(INDEX('Joints Enrobage'!$E$2:$E$501,MATCH($K$7&"|11",'Joints Enrobage'!$N$2:$N$501,0))&"","") | E25: =IFERROR(INDEX('Joints Enrobage'!$F$2:$F$501,MATCH($K$7&"|11",'Joints Enrobage'!$N$2:$N$501,0))&"","") | F25: =IFERROR(INDEX('Joints Enrobage'!$G$2:$G$501,MATCH($K$7&"|11",'Joints Enrobage'!$N$2:$N$501,0))&"","") | G25: =IFERROR(INDEX('Joints Enrobage'!$H$2:$H$501,MATCH($K$7&"|11",'Joints Enrobage'!$N$2:$N$501,0))&"","") | H25: =IFERROR(INDEX('Joints Enrobage'!$I$2:$I$501,MATCH($K$7&"|11",'Joints Enrobage'!$N$2:$N$501,0))&"","") | I25: =IFERROR(INDEX('Joints Enrobage'!$J$2:$J$501,MATCH($K$7&"|11",'Joints Enrobage'!$N$2:$N$501,0))&"","") | J25: =IFERROR(INDEX('Joints Enrobage'!$K$2:$K$501,MATCH($K$7&"|11",'Joints Enrobage'!$N$2:$N$501,0))&"","") | K25: =IFERROR(INDEX('Joints Enrobage'!$L$2:$L$501,MATCH($K$7&"|11",'Joints Enrobage'!$N$2:$N$501,0))&"","") | L25: =IFERROR(INDEX('Joints Enrobage'!$M$2:$M$501,MATCH($K$7&"|11",'Joints Enrobage'!$N$2:$N$501,0))&"","")
A26: =IFERROR(INDEX('Joints Enrobage'!$B$2:$B$501,MATCH($K$7&"|12",'Joints Enrobage'!$N$2:$N$501,0))&"","") | B26: =IFERROR(INDEX('Joints Enrobage'!$C$2:$C$501,MATCH($K$7&"|12",'Joints Enrobage'!$N$2:$N$501,0))&"","") | C26: =IFERROR(INDEX('Joints Enrobage'!$D$2:$D$501,MATCH($K$7&"|12",'Joints Enrobage'!$N$2:$N$501,0))&"","") | D26: =IFERROR(INDEX('Joints Enrobage'!$E$2:$E$501,MATCH($K$7&"|12",'Joints Enrobage'!$N$2:$N$501,0))&"","") | E26: =IFERROR(INDEX('Joints Enrobage'!$F$2:$F$501,MATCH($K$7&"|12",'Joints Enrobage'!$N$2:$N$501,0))&"","") | F26: =IFERROR(INDEX('Joints Enrobage'!$G$2:$G$501,MATCH($K$7&"|12",'Joints Enrobage'!$N$2:$N$501,0))&"","") | G26: =IFERROR(INDEX('Joints Enrobage'!$H$2:$H$501,MATCH($K$7&"|12",'Joints Enrobage'!$N$2:$N$501,0))&"","") | H26: =IFERROR(INDEX('Joints Enrobage'!$I$2:$I$501,MATCH($K$7&"|12",'Joints Enrobage'!$N$2:$N$501,0))&"","") | I26: =IFERROR(INDEX('Joints Enrobage'!$J$2:$J$501,MATCH($K$7&"|12",'Joints Enrobage'!$N$2:$N$501,0))&"","") | J26: =IFERROR(INDEX('Joints Enrobage'!$K$2:$K$501,MATCH($K$7&"|12",'Joints Enrobage'!$N$2:$N$501,0))&"","") | K26: =IFERROR(INDEX('Joints Enrobage'!$L$2:$L$501,MATCH($K$7&"|12",'Joints Enrobage'!$N$2:$N$501,0))&"","") | L26: =IFERROR(INDEX('Joints Enrobage'!$M$2:$M$501,MATCH($K$7&"|12",'Joints Enrobage'!$N$2:$N$501,0))&"","")
A27: =IFERROR(INDEX('Joints Enrobage'!$B$2:$B$501,MATCH($K$7&"|13",'Joints Enrobage'!$N$2:$N$501,0))&"","") | B27: =IFERROR(INDEX('Joints Enrobage'!$C$2:$C$501,MATCH($K$7&"|13",'Joints Enrobage'!$N$2:$N$501,0))&"","") | C27: =IFERROR(INDEX('Joints Enrobage'!$D$2:$D$501,MATCH($K$7&"|13",'Joints Enrobage'!$N$2:$N$501,0))&"","") | D27: =IFERROR(INDEX('Joints Enrobage'!$E$2:$E$501,MATCH($K$7&"|13",'Joints Enrobage'!$N$2:$N$501,0))&"","") | E27: =IFERROR(INDEX('Joints Enrobage'!$F$2:$F$501,MATCH($K$7&"|13",'Joints Enrobage'!$N$2:$N$501,0))&"","") | F27: =IFERROR(INDEX('Joints Enrobage'!$G$2:$G$501,MATCH($K$7&"|13",'Joints Enrobage'!$N$2:$N$501,0))&"","") | G27: =IFERROR(INDEX('Joints Enrobage'!$H$2:$H$501,MATCH($K$7&"|13",'Joints Enrobage'!$N$2:$N$501,0))&"","") | H27: =IFERROR(INDEX('Joints Enrobage'!$I$2:$I$501,MATCH($K$7&"|13",'Joints Enrobage'!$N$2:$N$501,0))&"","") | I27: =IFERROR(INDEX('Joints Enrobage'!$J$2:$J$501,MATCH($K$7&"|13",'Joints Enrobage'!$N$2:$N$501,0))&"","") | J27: =IFERROR(INDEX('Joints Enrobage'!$K$2:$K$501,MATCH($K$7&"|13",'Joints Enrobage'!$N$2:$N$501,0))&"","") | K27: =IFERROR(INDEX('Joints Enrobage'!$L$2:$L$501,MATCH($K$7&"|13",'Joints Enrobage'!$N$2:$N$501,0))&"","") | L27: =IFERROR(INDEX('Joints Enrobage'!$M$2:$M$501,MATCH($K$7&"|13",'Joints Enrobage'!$N$2:$N$501,0))&"","")
A28: =IFERROR(INDEX('Joints Enrobage'!$B$2:$B$501,MATCH($K$7&"|14",'Joints Enrobage'!$N$2:$N$501,0))&"","") | B28: =IFERROR(INDEX('Joints Enrobage'!$C$2:$C$501,MATCH($K$7&"|14",'Joints Enrobage'!$N$2:$N$501,0))&"","") | C28: =IFERROR(INDEX('Joints Enrobage'!$D$2:$D$501,MATCH($K$7&"|14",'Joints Enrobage'!$N$2:$N$501,0))&"","") | D28: =IFERROR(INDEX('Joints Enrobage'!$E$2:$E$501,MATCH($K$7&"|14",'Joints Enrobage'!$N$2:$N$501,0))&"","") | E28: =IFERROR(INDEX('Joints Enrobage'!$F$2:$F$501,MATCH($K$7&"|14",'Joints Enrobage'!$N$2:$N$501,0))&"","") | F28: =IFERROR(INDEX('Joints Enrobage'!$G$2:$G$501,MATCH($K$7&"|14",'Joints Enrobage'!$N$2:$N$501,0))&"","") | G28: =IFERROR(INDEX('Joints Enrobage'!$H$2:$H$501,MATCH($K$7&"|14",'Joints Enrobage'!$N$2:$N$501,0))&"","") | H28: =IFERROR(INDEX('Joints Enrobage'!$I$2:$I$501,MATCH($K$7&"|14",'Joints Enrobage'!$N$2:$N$501,0))&"","") | I28: =IFERROR(INDEX('Joints Enrobage'!$J$2:$J$501,MATCH($K$7&"|14",'Joints Enrobage'!$N$2:$N$501,0))&"","") | J28: =IFERROR(INDEX('Joints Enrobage'!$K$2:$K$501,MATCH($K$7&"|14",'Joints Enrobage'!$N$2:$N$501,0))&"","") | K28: =IFERROR(INDEX('Joints Enrobage'!$L$2:$L$501,MATCH($K$7&"|14",'Joints Enrobage'!$N$2:$N$501,0))&"","") | L28: =IFERROR(INDEX('Joints Enrobage'!$M$2:$M$501,MATCH($K$7&"|14",'Joints Enrobage'!$N$2:$N$501,0))&"","")
A29: =IFERROR(INDEX('Joints Enrobage'!$B$2:$B$501,MATCH($K$7&"|15",'Joints Enrobage'!$N$2:$N$501,0))&"","") | B29: =IFERROR(INDEX('Joints Enrobage'!$C$2:$C$501,MATCH($K$7&"|15",'Joints Enrobage'!$N$2:$N$501,0))&"","") | C29: =IFERROR(INDEX('Joints Enrobage'!$D$2:$D$501,MATCH($K$7&"|15",'Joints Enrobage'!$N$2:$N$501,0))&"","") | D29: =IFERROR(INDEX('Joints Enrobage'!$E$2:$E$501,MATCH($K$7&"|15",'Joints Enrobage'!$N$2:$N$501,0))&"","") | E29: =IFERROR(INDEX('Joints Enrobage'!$F$2:$F$501,MATCH($K$7&"|15",'Joints Enrobage'!$N$2:$N$501,0))&"","") | F29: =IFERROR(INDEX('Joints Enrobage'!$G$2:$G$501,MATCH($K$7&"|15",'Joints Enrobage'!$N$2:$N$501,0))&"","") | G29: =IFERROR(INDEX('Joints Enrobage'!$H$2:$H$501,MATCH($K$7&"|15",'Joints Enrobage'!$N$2:$N$501,0))&"","") | H29: =IFERROR(INDEX('Joints Enrobage'!$I$2:$I$501,MATCH($K$7&"|15",'Joints Enrobage'!$N$2:$N$501,0))&"","") | I29: =IFERROR(INDEX('Joints Enrobage'!$J$2:$J$501,MATCH($K$7&"|15",'Joints Enrobage'!$N$2:$N$501,0))&"","") | J29: =IFERROR(INDEX('Joints Enrobage'!$K$2:$K$501,MATCH($K$7&"|15",'Joints Enrobage'!$N$2:$N$501,0))&"","") | K29: =IFERROR(INDEX('Joints Enrobage'!$L$2:$L$501,MATCH($K$7&"|15",'Joints Enrobage'!$N$2:$N$501,0))&"","") | L29: =IFERROR(INDEX('Joints Enrobage'!$M$2:$M$501,MATCH($K$7&"|15",'Joints Enrobage'!$N$2:$N$501,0))&"","")
A30: ="Remarques : "&IFERROR(INDEX(Registre!$O$2:$O$1999,IF($O$2=0,-1,$O$2))&"","")
A31: Conclusion de l’inspection | D31: =IF(IFERROR(INDEX(Registre!$N$2:$N$1999,IF($O$2=0,-1,$O$2))&"","")="Non applicable","☒","☐")&" Non applicable" | J31: =IF(IFERROR(INDEX(Registre!$N$2:$N$1999,IF($O$2=0,-1,$O$2))&"","")="Accepté","☒","☐")&" Accepté" | L31: =IF(IFERROR(INDEX(Registre!$N$2:$N$1999,IF($O$2=0,-1,$O$2))&"","")="Rejeté","☒","☐")&" Rejeté"
A32: APPROBATION | D32: C3 | J32: C1 | L32: CA
D33: CST | G33: QCI
A34: Nom
A35: Signature
A36: Date

Sheet PV Lit de pose
C1: =Paramètres!$C$8 | I1: =Paramètres!$D$8 | L1: Calcul (ne pas modifier) – ligne registre :
I2: ="Date: "&Paramètres!$E$8 | L2: =IFERROR(MATCH($H$8,Registre!$B$2:$B$1999,0),0)
I3: Page 1/1
A4: Procès-Verbal de Lit de Pose | L4: =IF($H$8="","",IF($L$2=0,"⚠ RFI absent du Registre",IF(INDEX(Registre!$A$2:$A$1999,IF($L$2=0,-1,$L$2))<>"Lit de pose","⚠ Ce RFI est de type : "&INDEX(Registre!$A$2:$A$1999,IF($L$2=0,-1,$L$2)),"")))
A5: Ouvrages | C5: =IFERROR(INDEX(Registre!$E$2:$E$1999,IF($L$2=0,-1,$L$2))&"","")
A6: Plan nº | C6: =IFERROR(INDEX(Registre!$F$2:$F$1999,IF($L$2=0,-1,$L$2))&"","") | L6: ◀ Choisissez le RFI dans la case « RFI nº » (liste déroulante)
A7: Désignation | C7: =IFERROR(INDEX(Registre!$G$2:$G$1999,IF($L$2=0,-1,$L$2))&"","")
A8: Rapport nº | C8: =IFERROR(IF(INDEX(Registre!$C$2:$C$1999,IF($L$2=0,-1,$L$2))&""<>"",INDEX(Registre!$C$2:$C$1999,IF($L$2=0,-1,$L$2))&"",TEXT(COUNTIF(Registre!$A$2:INDEX(Registre!$A$2:$A$1999,IF($L$2=0,-1,$L$2)),INDEX(Registre!$A$2:$A$1999,IF($L$2=0,-1,$L$2))),"000")),"") | E8: DI/ (RFI) nº | H8: 21063-G26-PPL-RFI-0200
A9: ="Tronçon n° : "&IFERROR(INDEX(Registre!$H$2:$H$1999,IF($L$2=0,-1,$L$2))&"","")&" du "&IF(IFERROR(INDEX(Registre!$I$2:$I$1999,IF($L$2=0,-1,$L$2))&"","")<>"","Joint N° "&IFERROR(INDEX(Registre!$I$2:$I$1999,IF($L$2=0,-1,$L$2))&"","")&" ","")&"PK "&IFERROR(INDEX(Registre!$K$2:$K$1999,IF($L$2=0,-1,$L$2))&"","")&IF(OR(IFERROR(INDEX(Registre!$L$2:$L$1999,IF($L$2=0,-1,$L$2))&"","")<>"",IFERROR(INDEX(Registre!$J$2:$J$1999,IF($L$2=0,-1,$L$2))&"","")<>"")," au "&IF(IFERROR(INDEX(Registre!$J$2:$J$1999,IF($L$2=0,-1,$L$2))&"","")<>"","Joint N° "&IFERROR(INDEX(Registre!$J$2:$J$1999,IF($L$2=0,-1,$L$2))&"","")&" ","")&IF(IFERROR(INDEX(Registre!$L$2:$L$1999,IF($L$2=0,-1,$L$2))&"","")<>"","PK "&IFERROR(INDEX(Registre!$L$2:$L$1999,IF($L$2=0,-1,$L$2))&"",""),""),"") | I9: =IF(IFERROR(INDEX(Registre!$M$2:$M$1999,IF($L$2=0,-1,$L$2))&"","")="","Long :","Long : "&IFERROR(INDEX(Registre!$M$2:$M$1999,IF($L$2=0,-1,$L$2))&"","")&" ml")
A10: Inspection | I10: jugement
A11: Ne contient pas de matériaux organiques | I11: =IF(IF(IFERROR(INDEX(Registre!$N$2:$N$1999,IF($L$2=0,-1,$L$2))&"","")="Accepté","C","")="C","☒","☐")&" C"&" "&IF(IF(IFERROR(INDEX(Registre!$N$2:$N$1999,IF($L$2=0,-1,$L$2))&"","")="Accepté","C","")="NC","☒","☐")&" NC"
A12: Matériaux du lit de pose conformes aux plans et spécifications | I12: =IF(IF(IFERROR(INDEX(Registre!$N$2:$N$1999,IF($L$2=0,-1,$L$2))&"","")="Accepté","C","")="C","☒","☐")&" C"&" "&IF(IF(IFERROR(INDEX(Registre!$N$2:$N$1999,IF($L$2=0,-1,$L$2))&"","")="Accepté","C","")="NC","☒","☐")&" NC"
A13: L’épaisseur du lit de pose est conforme aux plans et spécifications | I13: =IF(IF(IFERROR(INDEX(Registre!$N$2:$N$1999,IF($L$2=0,-1,$L$2))&"","")="Accepté","C","")="C","☒","☐")&" C"&" "&IF(IF(IFERROR(INDEX(Registre!$N$2:$N$1999,IF($L$2=0,-1,$L$2))&"","")="Accepté","C","")="NC","☒","☐")&" NC"
A14: ="Remarques : "&IFERROR(INDEX(Registre!$O$2:$O$1999,IF($L$2=0,-1,$L$2))&"","")
A15: Conclusion de l’inspection | C15: =IF(IFERROR(INDEX(Registre!$N$2:$N$1999,IF($L$2=0,-1,$L$2))&"","")="Non applicable","☒","☐")&" Non applicable" | G15: =IF(IFERROR(INDEX(Registre!$N$2:$N$1999,IF($L$2=0,-1,$L$2))&"","")="Accepté","☒","☐")&" Accepté" | I15: =IF(IFERROR(INDEX(Registre!$N$2:$N$1999,IF($L$2=0,-1,$L$2))&"","")="Rejeté","☒","☐")&" Rejeté"
A16: APPROBATION | C16: C3 | G16: C1 | I16: CA
C17: CST | E17: QCI
A18: Nom
A19: Signature
A20: Date

Sheet PV Mise en fouille
C1: =Paramètres!$C$9 | I1: =Paramètres!$D$9 | L1: Calcul (ne pas modifier) – ligne registre :
I2: ="Date: "&Paramètres!$E$9 | L2: =IFERROR(MATCH($H$8,Registre!$B$2:$B$1999,0),0)
I3: Page 1/1 | L3: =IFERROR(MATCH($H$8,'Données Mise en fouille'!$A$2:$A$501,0),0)
A4: Procès-Verbal de Mise en fouille | L4: =IF($H$8="","",IF($L$2=0,"⚠ RFI absent du Registre",IF(INDEX(Registre!$A$2:$A$1999,IF($L$2=0,-1,$L$2))<>"Mise en fouille","⚠ Ce RFI est de type : "&INDEX(Registre!$A$2:$A$1999,IF($L$2=0,-1,$L$2)),"")))
A5: Ouvrages | C5: =IFERROR(INDEX(Registre!$E$2:$E$1999,IF($L$2=0,-1,$L$2))&"","")
A6: Plan nº | C6: =IFERROR(INDEX(Registre!$F$2:$F$1999,IF($L$2=0,-1,$L$2))&"","") | L6: ◀ Choisissez le RFI dans la case « RFI nº » (liste déroulante)
A7: Désignation | C7: =IFERROR(INDEX(Registre!$G$2:$G$1999,IF($L$2=0,-1,$L$2))&"","")
A8: Rapport nº | C8: =IFERROR(IF(INDEX(Registre!$C$2:$C$1999,IF($L$2=0,-1,$L$2))&""<>"",INDEX(Registre!$C$2:$C$1999,IF($L$2=0,-1,$L$2))&"",TEXT(COUNTIF(Registre!$A$2:INDEX(Registre!$A$2:$A$1999,IF($L$2=0,-1,$L$2)),INDEX(Registre!$A$2:$A$1999,IF($L$2=0,-1,$L$2))),"000")),"") | E8: DI/ (RFI) nº | H8: 21063-G2-PPL-RFI-0127
A9: ="Tronçon n° : "&IFERROR(INDEX(Registre!$H$2:$H$1999,IF($L$2=0,-1,$L$2))&"","")&" du "&IF(IFERROR(INDEX(Registre!$I$2:$I$1999,IF($L$2=0,-1,$L$2))&"","")<>"","Joint N° "&IFERROR(INDEX(Registre!$I$2:$I$1999,IF($L$2=0,-1,$L$2))&"","")&" ","")&"PK "&IFERROR(INDEX(Registre!$K$2:$K$1999,IF($L$2=0,-1,$L$2))&"","")&IF(OR(IFERROR(INDEX(Registre!$L$2:$L$1999,IF($L$2=0,-1,$L$2))&"","")<>"",IFERROR(INDEX(Registre!$J$2:$J$1999,IF($L$2=0,-1,$L$2))&"","")<>"")," au "&IF(IFERROR(INDEX(Registre!$J$2:$J$1999,IF($L$2=0,-1,$L$2))&"","")<>"","Joint N° "&IFERROR(INDEX(Registre!$J$2:$J$1999,IF($L$2=0,-1,$L$2))&"","")&" ","")&IF(IFERROR(INDEX(Registre!$L$2:$L$1999,IF($L$2=0,-1,$L$2))&"","")<>"","PK "&IFERROR(INDEX(Registre!$L$2:$L$1999,IF($L$2=0,-1,$L$2))&"",""),""),"") | I9: =IF(IFERROR(INDEX(Registre!$M$2:$M$1999,IF($L$2=0,-1,$L$2))&"","")="","Long :","Long : "&IFERROR(INDEX(Registre!$M$2:$M$1999,IF($L$2=0,-1,$L$2))&"","")&" ml")
A10: Inspection | I10: jugement
A11: Lit de pose conforme aux plans et spécifications | I11: =IF(IFERROR(INDEX('Données Mise en fouille'!$B$2:$B$501,IF($L$3=0,-1,$L$3))&"","")="C","☒","☐")&" C"&" "&IF(IFERROR(INDEX('Données Mise en fouille'!$B$2:$B$501,IF($L$3=0,-1,$L$3))&"","")="NC","☒","☐")&" NC"
A12: Condition du fond de la tranchée | I12: =IF(IFERROR(INDEX('Données Mise en fouille'!$C$2:$C$501,IF($L$3=0,-1,$L$3))&"","")="C","☒","☐")&" C"&" "&IF(IFERROR(INDEX('Données Mise en fouille'!$C$2:$C$501,IF($L$3=0,-1,$L$3))&"","")="NC","☒","☐")&" NC"
A13: Hauteur et largeur de la tranchée conformes aux plans et spécifications | I13: =IF(IFERROR(INDEX('Données Mise en fouille'!$D$2:$D$501,IF($L$3=0,-1,$L$3))&"","")="C","☒","☐")&" C"&" "&IF(IFERROR(INDEX('Données Mise en fouille'!$D$2:$D$501,IF($L$3=0,-1,$L$3))&"","")="NC","☒","☐")&" NC"
A14: Toutes les soudures de la section à enterrer sont radiographiées et acceptées, fiche tronçon signée et disponible sur site pour entamer la pose du tronçon. | I14: =IF(IFERROR(INDEX('Données Mise en fouille'!$E$2:$E$501,IF($L$3=0,-1,$L$3))&"","")="C","☒","☐")&" C"&" "&IF(IFERROR(INDEX('Données Mise en fouille'!$E$2:$E$501,IF($L$3=0,-1,$L$3))&"","")="NC","☒","☐")&" NC"
A15: Revêtement des joints de soudures achevé | I15: =IF(IFERROR(INDEX('Données Mise en fouille'!$F$2:$F$501,IF($L$3=0,-1,$L$3))&"","")="C","☒","☐")&" C"&" "&IF(IFERROR(INDEX('Données Mise en fouille'!$F$2:$F$501,IF($L$3=0,-1,$L$3))&"","")="NC","☒","☐")&" NC"
A16: Balai Electrique
A17: Type/Modèle d'équipement de test : | H17: =IFERROR(INDEX('Données Mise en fouille'!$G$2:$G$501,IF($L$3=0,-1,$L$3))&"","")
A18: Numéro de série : | H18: =IFERROR(INDEX('Données Mise en fouille'!$H$2:$H$501,IF($L$3=0,-1,$L$3))&"","")
A19: Date d'étalonnage : | H19: =IFERROR(TEXT(INDEX('Données Mise en fouille'!$I$2:$I$501,IF($L$3=0,-1,$L$3)),"dd/mm/yyyy"),"")
A20: Certificat d'étalonnage : | H20: =IFERROR(INDEX('Données Mise en fouille'!$J$2:$J$501,IF($L$3=0,-1,$L$3))&"","")
A21: Epaisseur moyenne du revêtement (mm) : | H21: =IFERROR(INDEX('Données Mise en fouille'!$K$2:$K$501,IF($L$3=0,-1,$L$3))&"","")
A22: Tension de test (kV) : | H22: =IFERROR(INDEX('Données Mise en fouille'!$L$2:$L$501,IF($L$3=0,-1,$L$3))&"","")
A23: Contrôle au balai électrique achevé avec résultats satisfaisants | H23: =IF(IFERROR(INDEX('Données Mise en fouille'!$M$2:$M$501,IF($L$3=0,-1,$L$3))&"","")="ACC","☒","☐")&" ACC"&" "&IF(IFERROR(INDEX('Données Mise en fouille'!$M$2:$M$501,IF($L$3=0,-1,$L$3))&"","")="NACC","☒","☐")&" NACC"
A24: ="Remarques : "&IFERROR(INDEX(Registre!$O$2:$O$1999,IF($L$2=0,-1,$L$2))&"","")
A25: Conclusion de l’inspection | C25: =IF(IFERROR(INDEX(Registre!$N$2:$N$1999,IF($L$2=0,-1,$L$2))&"","")="Non applicable","☒","☐")&" Non applicable" | G25: =IF(IFERROR(INDEX(Registre!$N$2:$N$1999,IF($L$2=0,-1,$L$2))&"","")="Accepté","☒","☐")&" Accepté" | I25: =IF(IFERROR(INDEX(Registre!$N$2:$N$1999,IF($L$2=0,-1,$L$2))&"","")="Rejeté","☒","☐")&" Rejeté"
A26: APPROBATION | C26: C3 | G26: C1 | I26: CA
C27: CST | E27: QCI
A28: Nom
A29: Signature
A30: Date

Sheet PV Pre-remblai
C1: =Paramètres!$C$10 | I1: =Paramètres!$D$10 | L1: Calcul (ne pas modifier) – ligne registre :
I2: ="Date: "&Paramètres!$E$10 | L2: =IFERROR(MATCH($H$8,Registre!$B$2:$B$1999,0),0)
I3: Page 1/1
A4: Procès-Verbal de Pré-Remblai | L4: =IF($H$8="","",IF($L$2=0,"⚠ RFI absent du Registre",IF(INDEX(Registre!$A$2:$A$1999,IF($L$2=0,-1,$L$2))<>"Pré-remblai","⚠ Ce RFI est de type : "&INDEX(Registre!$A$2:$A$1999,IF($L$2=0,-1,$L$2)),"")))
A5: Ouvrages | C5: =IFERROR(INDEX(Registre!$E$2:$E$1999,IF($L$2=0,-1,$L$2))&"","")
A6: Plan nº | C6: =IFERROR(INDEX(Registre!$F$2:$F$1999,IF($L$2=0,-1,$L$2))&"","") | L6: ◀ Choisissez le RFI dans la case « RFI nº » (liste déroulante)
A7: Désignation | C7: =IFERROR(INDEX(Registre!$G$2:$G$1999,IF($L$2=0,-1,$L$2))&"","")
A8: Rapport nº | C8: =IFERROR(IF(INDEX(Registre!$C$2:$C$1999,IF($L$2=0,-1,$L$2))&""<>"",INDEX(Registre!$C$2:$C$1999,IF($L$2=0,-1,$L$2))&"",TEXT(COUNTIF(Registre!$A$2:INDEX(Registre!$A$2:$A$1999,IF($L$2=0,-1,$L$2)),INDEX(Registre!$A$2:$A$1999,IF($L$2=0,-1,$L$2))),"000")),"") | E8: DI/ (RFI) nº | H8: 21063-G4-PPL-RFI-0195
A9: ="Tronçon n° : "&IFERROR(INDEX(Registre!$H$2:$H$1999,IF($L$2=0,-1,$L$2))&"","")&" du "&IF(IFERROR(INDEX(Registre!$I$2:$I$1999,IF($L$2=0,-1,$L$2))&"","")<>"","Joint N° "&IFERROR(INDEX(Registre!$I$2:$I$1999,IF($L$2=0,-1,$L$2))&"","")&" ","")&"PK "&IFERROR(INDEX(Registre!$K$2:$K$1999,IF($L$2=0,-1,$L$2))&"","")&IF(OR(IFERROR(INDEX(Registre!$L$2:$L$1999,IF($L$2=0,-1,$L$2))&"","")<>"",IFERROR(INDEX(Registre!$J$2:$J$1999,IF($L$2=0,-1,$L$2))&"","")<>"")," au "&IF(IFERROR(INDEX(Registre!$J$2:$J$1999,IF($L$2=0,-1,$L$2))&"","")<>"","Joint N° "&IFERROR(INDEX(Registre!$J$2:$J$1999,IF($L$2=0,-1,$L$2))&"","")&" ","")&IF(IFERROR(INDEX(Registre!$L$2:$L$1999,IF($L$2=0,-1,$L$2))&"","")<>"","PK "&IFERROR(INDEX(Registre!$L$2:$L$1999,IF($L$2=0,-1,$L$2))&"",""),""),"") | I9: =IF(IFERROR(INDEX(Registre!$M$2:$M$1999,IF($L$2=0,-1,$L$2))&"","")="","Long :","Long : "&IFERROR(INDEX(Registre!$M$2:$M$1999,IF($L$2=0,-1,$L$2))&"","")&" ml")
A10: Inspection | I10: jugement
A11: Ne contient pas de matériaux organiques | I11: =IF(IF(IFERROR(INDEX(Registre!$N$2:$N$1999,IF($L$2=0,-1,$L$2))&"","")="Accepté","C","")="C","☒","☐")&" C"&" "&IF(IF(IFERROR(INDEX(Registre!$N$2:$N$1999,IF($L$2=0,-1,$L$2))&"","")="Accepté","C","")="NC","☒","☐")&" NC"
A12: Matériaux du pré-remblai conformes aux plans et spécifications | I12: =IF(IF(IFERROR(INDEX(Registre!$N$2:$N$1999,IF($L$2=0,-1,$L$2))&"","")="Accepté","C","")="C","☒","☐")&" C"&" "&IF(IF(IFERROR(INDEX(Registre!$N$2:$N$1999,IF($L$2=0,-1,$L$2))&"","")="Accepté","C","")="NC","☒","☐")&" NC"
A13: L’épaisseur du pré-remblai est conforme aux plans et spécifications | I13: =IF(IF(IFERROR(INDEX(Registre!$N$2:$N$1999,IF($L$2=0,-1,$L$2))&"","")="Accepté","C","")="C","☒","☐")&" C"&" "&IF(IF(IFERROR(INDEX(Registre!$N$2:$N$1999,IF($L$2=0,-1,$L$2))&"","")="Accepté","C","")="NC","☒","☐")&" NC"
A14: ="Remarques : "&IFERROR(INDEX(Registre!$O$2:$O$1999,IF($L$2=0,-1,$L$2))&"","")
A15: Conclusion de l’inspection | C15: =IF(IFERROR(INDEX(Registre!$N$2:$N$1999,IF($L$2=0,-1,$L$2))&"","")="Non applicable","☒","☐")&" Non applicable" | G15: =IF(IFERROR(INDEX(Registre!$N$2:$N$1999,IF($L$2=0,-1,$L$2))&"","")="Accepté","☒","☐")&" Accepté" | I15: =IF(IFERROR(INDEX(Registre!$N$2:$N$1999,IF($L$2=0,-1,$L$2))&"","")="Rejeté","☒","☐")&" Rejeté"
A16: APPROBATION | C16: C3 | G16: C1 | I16: CA
C17: CST | E17: QCI
A18: Nom
A19: Signature
A20: Date

Sheet Données Ouverture
A1: RFI No | B1: Profondeur tranchée | C1: Largeur tranchée | D1: Nature du terrain
A2: 21063-G26-PPL-RFI-0016 | B2: C | C2: C | D2: Dune de sable

Sheet Données Piste
A1: RFI No | B1: Type de végétation | C1: Nature de terrain | D1: Certificat des matériaux | E1: Compactage selon spec | F1: Marquage limite piste | G1: Largeur de la piste | H1: Protection install. existantes
A2: 21063-G26-PPL-RFI-0002 | B2: Désertique | C2: dunes de sable | D2: NA | E2: NA | F2: C | G2: C | H2: NA

Sheet Tubes Bardage
A1: RFI No | B1: N° pipe | C1: N° de coulée | D1: Diamètre | E1: EP mm | F1: Long (ml) | G1: Contrôle visuel | H1: Jugement | I1: Clé (auto)
A2: 21063-G2-PPL-RFI-0050 | B2: 90008 | C2: 56491 | D2: 6" | E2: 7,1 | F2: 13,32 | H2: C | I2: =IF(A2="","",A2&"|"&COUNTIF($A$2:A2,A2))
A3: 21063-G2-PPL-RFI-0050 | B3: 90132 | C3: 56490 | D3: 6" | E3: 7,1 | F3: 13,37 | H3: C | I3: =IF(A3="","",A3&"|"&COUNTIF($A$2:A3,A3))
A4: 21063-G2-PPL-RFI-0050 | B4: 90187 | C4: 56491 | D4: 6" | E4: 7,1 | F4: 12,59 | H4: C | I4: =IF(A4="","",A4&"|"&COUNTIF($A$2:A4,A4))
A5: 21063-G2-PPL-RFI-0050 | B5: 90105 | C5: 56490 | D5: 6" | E5: 7,1 | F5: 13,30 | H5: C | I5: =IF(A5="","",A5&"|"&COUNTIF($A$2:A5,A5))
A6: 21063-G2-PPL-RFI-0050 | B6: 90147 | C6: 56490 | D6: 6" | E6: 7,1 | F6: 12,76 | H6: C | I6: =IF(A6="","",A6&"|"&COUNTIF($A$2:A6,A6))
A7: 21063-G2-PPL-RFI-0050 | B7: 90022 | C7: 56491 | D7: 6" | E7: 7,1 | F7: 12,91 | H7: C | I7: =IF(A7="","",A7&"|"&COUNTIF($A$2:A7,A7))
A8: 21063-G2-PPL-RFI-0050 | B8: 90146 | C8: 56490 | D8: 6" | E8: 7,1 | F8: 12,57 | H8: C | I8: =IF(A8="","",A8&"|"&COUNTIF($A$2:A8,A8))
A9: 21063-G2-PPL-RFI-0050 | B9: 90067 | C9: 56491 | D9: 6" | E9: 7,1 | F9: 13,31 | H9: C | I9: =IF(A9="","",A9&"|"&COUNTIF($A$2:A9,A9))
A10: 21063-G2-PPL-RFI-0050 | B10: 90184 | C10: 56491 | D10: 6" | E10: 7,1 | F10: 12,98 | H10: C | I10: =IF(A10="","",A10&"|"&COUNTIF($A$2:A10,A10))
A11: 21063-G2-PPL-RFI-0050 | B11: 90534 | C11: 56492 | D11: 6" | E11: 7,1 | F11: 13,44 | H11: C | I11: =IF(A11="","",A11&"|"&COUNTIF($A$2:A11,A11))
A12: 21063-G2-PPL-RFI-0050 | B12: 90170 | C12: 56490 | D12: 6" | E12: 7,1 | F12: 12,78 | H12: C | I12: =IF(A12="","",A12&"|"&COUNTIF($A$2:A12,A12))
A13: 21063-G2-PPL-RFI-0050 | B13: 90086 | C13: 56491 | D13: 6" | E13: 7,1 | F13: 12,97 | H13: C | I13: =IF(A13="","",A13&"|"&COUNTIF($A$2:A13,A13))
... A17: 21063-G2-PPL-RFI-0050 | B17: 90077 | C17: 56491 | D17: 6" | E17: 7,1 | F17: 12,16 | H17: C | I17: =IF(A17="","",A17&"|"&COUNTIF($A$2:A17,A17))
I18: =IF(A18="","",A18&"|"&COUNTIF($A$2:A18,A18))
I19: =IF(A19="","",A19&"|"&COUNTIF($A$2:A19,A19))
I20: =IF(A20="","",A20&"|"&COUNTIF($A$2:A20,A20))
I21: =IF(A21="","",A21&"|"&COUNTIF($A$2:A21,A21))
I22: =IF(A22="","",A22&"|"&COUNTIF($A$2:A22,A22))
I23: =IF(A23="","",A23&"|"&COUNTIF($A$2:A23,A23))
I24: =IF(A24="","",A24&"|"&COUNTIF($A$2:A24,A24))
I25: =IF(A25="","",A25&"|"&COUNTIF($A$2:A25,A25))
I26: =IF(A26="","",A26&"|"&COUNTIF($A$2:A26,A26))
I27: =IF(A27="","",A27&"|"&COUNTIF($A$2:A27,A27))
I28: =IF(A28="","",A28&"|"&COUNTIF($A$2:A28,A28))
I29: =IF(A29="","",A29&"|"&COUNTIF($A$2:A29,A29))
... I501: =IF(A501="","",A501&"|"&COUNTIF($A$2:A501,A501))

Sheet Données Cintrage
A1: RFI No | B1: N° pipe | C1: N° de coulée | D1: Diamètre | E1: Matériel | F1: Ep. nominale (mm) | G1: Ep. mesurée (mm) | H1: Rayon de courbure | I1: Angle | J1: Jauge 97 % ND | K1: Extrémités ≥ 1.5 m | L1: Traçabilité | M1: Évaluation générale
A2: 21063-G4-PPL-RFI-0188 | B2: 2083690 | C2: 15421105 | D2: 16" | E2: CC | F2: 9.52 | G2: 9.51 | H2: 40 x ND | I2: 29.01° | J2: Oui | K2: Oui | L2: C | M2: Acc

Sheet Données Enrobage
A1: RFI No | B1: Lot abrasif | C1: Lot apprêt / FBE | D1: Lot HSS | E1: Lot solvant | F1: Temp air 1 | G1: Temp air 2 | H1: Temp air 3 | I1: Temp air 4 | J1: Point rosée 1 | K1: Point rosée 2 | L1: Point rosée 3 | M1: Point rosée 4 | N1: Humidité 1 | O1: Humidité 2 | P1: Humidité 3 | Q1: Humidité 4 | R1: Air comprimé 1 | S1: Air comprimé 2 | T1: Air comprimé 3 | U1: Air comprimé 4
A2: 21063-G26-PPL-RFI-0194 | B2: 543/DE/UG/LTPS/2024 | C2: 62211014 | D2: 22-B-1457 | F2: 26 °C | G2: 29 °C | H2: 35 °C | I2: 39 °C | J2: 15 | K2: 14 | L2: 12.5 | M2: 11 | N2: 39 % | O2: 30 % | P2: 20 % | Q2: 16 % | R2: ok | S2: ok | T2: ok | U2: ok

Sheet Joints Enrobage
A1: RFI No | B1: N° de joint | C1: État surface avant sablage | D1: Temp surface | E1: Profil sablage µm | F1: Chlorures µg/cm² | G1: Test poussière | H1: Temp préchauffage °C | I1: Visuel | J1: Test d'adhérence | K1: Holiday test | L1: Accepté / Rejeté | M1: Remarques | N1: Clé (auto)
A2: 21063-G26-PPL-RFI-0194 | B2: JN°1596 | C2: OK | D2: 36 C° | E2: 68 | F2: 15 | G2: OK | H2: 50 | I2: OK | J2: / | K2: OK | L2: OK | M2: Dust test ( T-2) | N2: =IF(A2="","",A2&"|"&COUNTIF($A$2:A2,A2))
A3: 21063-G26-PPL-RFI-0194 | B3: JN°1597 | C3: OK | D3: 36 C° | E3: 73 | F3: 18 | G3: OK | H3: 50 | I3: OK | J3: / | K3: OK | L3: OK | M3: Dust test ( T-2) | N3: =IF(A3="","",A3&"|"&COUNTIF($A$2:A3,A3))
A4: 21063-G26-PPL-RFI-0194 | B4: JN°1598 | C4: OK | D4: 36 C° | E4: 79 | F4: 17 | G4: OK | H4: 50 | I4: OK | J4: / | K4: OK | L4: OK | M4: Dust test ( T-2) | N4: =IF(A4="","",A4&"|"&COUNTIF($A$2:A4,A4))
A5: 21063-G26-PPL-RFI-0194 | B5: JN°1599 | C5: OK | D5: 36 C° | E5: 79 | F5: 17 | G5: OK | H5: 50 | I5: OK | J5: / | K5: OK | L5: OK | M5: Dust test ( T-2) | N5: =IF(A5="","",A5&"|"&COUNTIF($A$2:A5,A5))
A6: 21063-G26-PPL-RFI-0194 | B6: JN°1600 | C6: OK | D6: 36 C° | E6: 61 | F6: 14 | G6: OK | H6: 50 | I6: OK | J6: / | K6: OK | L6: OK | M6: Dust test ( T-2) | N6: =IF(A6="","",A6&"|"&COUNTIF($A$2:A6,A6))
A7: 21063-G26-PPL-RFI-0194 | B7: JN°1601 | C7: OK | D7: 36 C° | E7: 65 | F7: 18 | G7: OK | H7: 50 | I7: OK | J7: / | K7: OK | L7: OK | M7: Dust test ( T-2) | N7: =IF(A7="","",A7&"|"&COUNTIF($A$2:A7,A7))
A8: 21063-G26-PPL-RFI-0194 | B8: JN°1602 | C8: OK | D8: 36 C° | E8: 65 | F8: 18 | G8: OK | H8: 50 | I8: OK | J8: / | K8: OK | L8: OK | M8: Dust test ( T-2) | N8: =IF(A8="","",A8&"|"&COUNTIF($A$2:A8,A8))
A9: 21063-G26-PPL-RFI-0194 | B9: JN°1605 | C9: OK | D9: 37 C° | E9: 78 | F9: 15 | G9: OK | H9: 50 | I9: OK | J9: / | K9: OK | L9: OK | M9: Dust test ( T-2) | N9: =IF(A9="","",A9&"|"&COUNTIF($A$2:A9,A9))
A10: 21063-G26-PPL-RFI-0194 | B10: JN°1606 | C10: OK | D10: 37 C° | E10: 75 | F10: 15 | G10: OK | H10: 50 | I10: OK | J10: / | K10: OK | L10: OK | M10: Dust test ( T-2) | N10: =IF(A10="","",A10&"|"&COUNTIF($A$2:A10,A10))
